ISO-10303-21;
HEADER;
/* Generated by software containing ST-Developer
 * from STEP Tools, Inc. (www.steptools.com) 
 */

FILE_DESCRIPTION(
/* description */ (''),
/* implementation_level */ '2;1');

FILE_NAME(
/* name */ 'Element Platform 2026 EDITS v7.step',
/* time_stamp */ '2026-05-06T18:43:46+02:00',
/* author */ (''),
/* organization */ (''),
/* preprocessor_version */ 'ST-DEVELOPER v20.1',
/* originating_system */ 'Autodesk Translation Framework v14.17.0.0',
/* authorisation */ '');

FILE_SCHEMA (('AUTOMOTIVE_DESIGN { 1 0 10303 214 3 1 1 }'));
ENDSEC;

DATA;
#10=MECHANICAL_DESIGN_GEOMETRIC_PRESENTATION_REPRESENTATION('',(#703,#704,
#705,#706,#707,#708,#709,#710,#711),#9616);
#11=(
BOUNDED_SURFACE()
B_SPLINE_SURFACE(5,1,((#7872,#7873),(#7874,#7875),(#7876,#7877),(#7878,
#7879),(#7880,#7881),(#7882,#7883),(#7884,#7885),(#7886,#7887),(#7888,#7889),
(#7890,#7891),(#7892,#7893),(#7894,#7895),(#7896,#7897),(#7898,#7899),(#7900,
#7901)),.UNSPECIFIED.,.F.,.F.,.F.)
B_SPLINE_SURFACE_WITH_KNOTS((6,1,1,1,1,1,1,1,1,1,6),(2,2),(0.,0.1,0.2,0.3,
0.4,0.5,0.6,0.7,0.8,0.9,0.963865187614135),(0.,1.905),.UNSPECIFIED.)
GEOMETRIC_REPRESENTATION_ITEM()
RATIONAL_B_SPLINE_SURFACE(((1.,1.),(1.,1.),(1.,1.),(1.,1.),(1.,1.),(1.,
1.),(1.,1.),(1.,1.),(1.,1.),(1.,1.),(1.,1.),(1.,1.),(1.,1.),(1.,1.),(1.,
1.)))
REPRESENTATION_ITEM('')
SURFACE()
);
#12=(
BOUNDED_SURFACE()
B_SPLINE_SURFACE(5,1,((#7936,#7937),(#7938,#7939),(#7940,#7941),(#7942,
#7943),(#7944,#7945),(#7946,#7947),(#7948,#7949),(#7950,#7951),(#7952,#7953),
(#7954,#7955),(#7956,#7957),(#7958,#7959),(#7960,#7961),(#7962,#7963),(#7964,
#7965),(#7966,#7967),(#7968,#7969),(#7970,#7971),(#7972,#7973),(#7974,#7975),
(#7976,#7977),(#7978,#7979),(#7980,#7981),(#7982,#7983),(#7984,#7985),(#7986,
#7987),(#7988,#7989),(#7990,#7991),(#7992,#7993),(#7994,#7995)),
 .UNSPECIFIED.,.F.,.F.,.F.)
B_SPLINE_SURFACE_WITH_KNOTS((6,1,1,1,1,1,1,1,1,1,1,1,1,1,1,1,1,1,1,1,1,
1,1,1,1,6),(2,2),(0.,0.04,0.08,0.12,0.16,0.2,0.24,0.28,0.32,0.36,0.4,0.44,
0.48,0.52,0.56,0.6,0.64,0.68,0.72,0.76,0.8,0.84,0.88,0.92,0.96,1.),(0.,
1.905),.UNSPECIFIED.)
GEOMETRIC_REPRESENTATION_ITEM()
RATIONAL_B_SPLINE_SURFACE(((1.,1.),(1.,1.),(1.,1.),(1.,1.),(1.,1.),(1.,
1.),(1.,1.),(1.,1.),(1.,1.),(1.,1.),(1.,1.),(1.,1.),(1.,1.),(1.,1.),(1.,
1.),(1.,1.),(1.,1.),(1.,1.),(1.,1.),(1.,1.),(1.,1.),(1.,1.),(1.,1.),(1.,
1.),(1.,1.),(1.,1.),(1.,1.),(1.,1.),(1.,1.),(1.,1.)))
REPRESENTATION_ITEM('')
SURFACE()
);
#13=(
BOUNDED_SURFACE()
B_SPLINE_SURFACE(5,1,((#8414,#8415),(#8416,#8417),(#8418,#8419),(#8420,
#8421),(#8422,#8423),(#8424,#8425),(#8426,#8427),(#8428,#8429),(#8430,#8431),
(#8432,#8433),(#8434,#8435),(#8436,#8437),(#8438,#8439),(#8440,#8441),(#8442,
#8443),(#8444,#8445),(#8446,#8447),(#8448,#8449),(#8450,#8451),(#8452,#8453),
(#8454,#8455),(#8456,#8457),(#8458,#8459),(#8460,#8461),(#8462,#8463),(#8464,
#8465),(#8466,#8467),(#8468,#8469),(#8470,#8471),(#8472,#8473)),
 .UNSPECIFIED.,.F.,.F.,.F.)
B_SPLINE_SURFACE_WITH_KNOTS((6,1,1,1,1,1,1,1,1,1,1,1,1,1,1,1,1,1,1,1,1,
1,1,1,1,6),(2,2),(-1.,-0.96,-0.92,-0.88,-0.84,-0.8,-0.76,-0.72,-0.68,-0.64,
-0.6,-0.56,-0.52,-0.48,-0.44,-0.4,-0.36,-0.32,-0.28,-0.24,-0.2,-0.16,-0.12,
-0.08,-0.04,0.),(0.,1.905),.UNSPECIFIED.)
GEOMETRIC_REPRESENTATION_ITEM()
RATIONAL_B_SPLINE_SURFACE(((1.,1.),(1.,1.),(1.,1.),(1.,1.),(1.,1.),(1.,
1.),(1.,1.),(1.,1.),(1.,1.),(1.,1.),(1.,1.),(1.,1.),(1.,1.),(1.,1.),(1.,
1.),(1.,1.),(1.,1.),(1.,1.),(1.,1.),(1.,1.),(1.,1.),(1.,1.),(1.,1.),(1.,
1.),(1.,1.),(1.,1.),(1.,1.),(1.,1.),(1.,1.),(1.,1.)))
REPRESENTATION_ITEM('')
SURFACE()
);
#14=(
BOUNDED_SURFACE()
B_SPLINE_SURFACE(5,1,((#8525,#8526),(#8527,#8528),(#8529,#8530),(#8531,
#8532),(#8533,#8534),(#8535,#8536),(#8537,#8538),(#8539,#8540),(#8541,#8542),
(#8543,#8544),(#8545,#8546),(#8547,#8548),(#8549,#8550),(#8551,#8552),(#8553,
#8554)),.UNSPECIFIED.,.F.,.F.,.F.)
B_SPLINE_SURFACE_WITH_KNOTS((6,1,1,1,1,1,1,1,1,1,6),(2,2),(-0.963865187614139,
-0.9,-0.8,-0.7,-0.6,-0.5,-0.4,-0.3,-0.2,-0.1,0.),(0.,1.905),
 .UNSPECIFIED.)
GEOMETRIC_REPRESENTATION_ITEM()
RATIONAL_B_SPLINE_SURFACE(((1.,1.),(1.,1.),(1.,1.),(1.,1.),(1.,1.),(1.,
1.),(1.,1.),(1.,1.),(1.,1.),(1.,1.),(1.,1.),(1.,1.),(1.,1.),(1.,1.),(1.,
1.)))
REPRESENTATION_ITEM('')
SURFACE()
);
#15=(
BOUNDED_SURFACE()
B_SPLINE_SURFACE(5,1,((#8808,#8809),(#8810,#8811),(#8812,#8813),(#8814,
#8815),(#8816,#8817),(#8818,#8819),(#8820,#8821),(#8822,#8823),(#8824,#8825),
(#8826,#8827),(#8828,#8829),(#8830,#8831),(#8832,#8833),(#8834,#8835),(#8836,
#8837)),.UNSPECIFIED.,.F.,.F.,.F.)
B_SPLINE_SURFACE_WITH_KNOTS((6,1,1,1,1,1,1,1,1,1,6),(2,2),(0.,0.1,0.2,0.3,
0.4,0.5,0.6,0.7,0.8,0.9,0.995295016494551),(0.,1.905),.UNSPECIFIED.)
GEOMETRIC_REPRESENTATION_ITEM()
RATIONAL_B_SPLINE_SURFACE(((1.,1.),(1.,1.),(1.,1.),(1.,1.),(1.,1.),(1.,
1.),(1.,1.),(1.,1.),(1.,1.),(1.,1.),(1.,1.),(1.,1.),(1.,1.),(1.,1.),(1.,
1.)))
REPRESENTATION_ITEM('')
SURFACE()
);
#16=(
BOUNDED_SURFACE()
B_SPLINE_SURFACE(5,1,((#8964,#8965),(#8966,#8967),(#8968,#8969),(#8970,
#8971),(#8972,#8973),(#8974,#8975),(#8976,#8977),(#8978,#8979),(#8980,#8981),
(#8982,#8983),(#8984,#8985),(#8986,#8987),(#8988,#8989),(#8990,#8991),(#8992,
#8993),(#8994,#8995),(#8996,#8997),(#8998,#8999),(#9000,#9001),(#9002,#9003),
(#9004,#9005),(#9006,#9007),(#9008,#9009),(#9010,#9011),(#9012,#9013)),
 .UNSPECIFIED.,.F.,.F.,.F.)
B_SPLINE_SURFACE_WITH_KNOTS((6,1,1,1,1,1,1,1,1,1,1,1,1,1,1,1,1,1,1,1,6),
(2,2),(-1.,-0.95,-0.9,-0.85,-0.8,-0.75,-0.7,-0.65,-0.6,-0.55,-0.5,-0.45,
-0.4,-0.35,-0.3,-0.25,-0.2,-0.15,-0.1,-0.05,0.),(0.,1.905),
 .UNSPECIFIED.)
GEOMETRIC_REPRESENTATION_ITEM()
RATIONAL_B_SPLINE_SURFACE(((1.,1.),(1.,1.),(1.,1.),(1.,1.),(1.,1.),(1.,
1.),(1.,1.),(1.,1.),(1.,1.),(1.,1.),(1.,1.),(1.,1.),(1.,1.),(1.,1.),(1.,
1.),(1.,1.),(1.,1.),(1.,1.),(1.,1.),(1.,1.),(1.,1.),(1.,1.),(1.,1.),(1.,
1.),(1.,1.)))
REPRESENTATION_ITEM('')
SURFACE()
);
#17=(
BOUNDED_SURFACE()
B_SPLINE_SURFACE(5,1,((#9091,#9092),(#9093,#9094),(#9095,#9096),(#9097,
#9098),(#9099,#9100),(#9101,#9102),(#9103,#9104),(#9105,#9106),(#9107,#9108),
(#9109,#9110),(#9111,#9112),(#9113,#9114),(#9115,#9116),(#9117,#9118),(#9119,
#9120),(#9121,#9122),(#9123,#9124),(#9125,#9126),(#9127,#9128),(#9129,#9130),
(#9131,#9132),(#9133,#9134),(#9135,#9136),(#9137,#9138),(#9139,#9140)),
 .UNSPECIFIED.,.F.,.F.,.F.)
B_SPLINE_SURFACE_WITH_KNOTS((6,1,1,1,1,1,1,1,1,1,1,1,1,1,1,1,1,1,1,1,6),
(2,2),(0.,0.05,0.1,0.15,0.2,0.25,0.3,0.35,0.4,0.45,0.5,0.55,0.6,0.65,0.7,
0.75,0.8,0.85,0.9,0.95,1.),(0.,1.905),.UNSPECIFIED.)
GEOMETRIC_REPRESENTATION_ITEM()
RATIONAL_B_SPLINE_SURFACE(((1.,1.),(1.,1.),(1.,1.),(1.,1.),(1.,1.),(1.,
1.),(1.,1.),(1.,1.),(1.,1.),(1.,1.),(1.,1.),(1.,1.),(1.,1.),(1.,1.),(1.,
1.),(1.,1.),(1.,1.),(1.,1.),(1.,1.),(1.,1.),(1.,1.),(1.,1.),(1.,1.),(1.,
1.),(1.,1.)))
REPRESENTATION_ITEM('')
SURFACE()
);
#18=(
BOUNDED_SURFACE()
B_SPLINE_SURFACE(5,1,((#9329,#9330),(#9331,#9332),(#9333,#9334),(#9335,
#9336),(#9337,#9338),(#9339,#9340),(#9341,#9342),(#9343,#9344),(#9345,#9346),
(#9347,#9348),(#9349,#9350),(#9351,#9352),(#9353,#9354),(#9355,#9356),(#9357,
#9358)),.UNSPECIFIED.,.F.,.F.,.F.)
B_SPLINE_SURFACE_WITH_KNOTS((6,1,1,1,1,1,1,1,1,1,6),(2,2),(0.,0.1,0.2,0.3,
0.4,0.5,0.6,0.7,0.8,0.9,0.995295016494551),(0.,1.905),.UNSPECIFIED.)
GEOMETRIC_REPRESENTATION_ITEM()
RATIONAL_B_SPLINE_SURFACE(((1.,1.),(1.,1.),(1.,1.),(1.,1.),(1.,1.),(1.,
1.),(1.,1.),(1.,1.),(1.,1.),(1.,1.),(1.,1.),(1.,1.),(1.,1.),(1.,1.),(1.,
1.)))
REPRESENTATION_ITEM('')
SURFACE()
);
#19=CYLINDRICAL_SURFACE('',#5484,1.375);
#20=CYLINDRICAL_SURFACE('',#5486,1.375);
#21=CYLINDRICAL_SURFACE('',#5488,1.375);
#22=CYLINDRICAL_SURFACE('',#5491,1.375);
#23=CYLINDRICAL_SURFACE('',#5494,1.375);
#24=CYLINDRICAL_SURFACE('',#5496,1.375);
#25=CYLINDRICAL_SURFACE('',#5498,1.375);
#26=CYLINDRICAL_SURFACE('',#5501,1.375);
#27=CYLINDRICAL_SURFACE('',#5503,1.375);
#28=CYLINDRICAL_SURFACE('',#5505,1.375);
#29=CYLINDRICAL_SURFACE('',#5507,1.375);
#30=CYLINDRICAL_SURFACE('',#5509,1.375);
#31=CYLINDRICAL_SURFACE('',#5511,1.375);
#32=CYLINDRICAL_SURFACE('',#5514,0.400000000000002);
#33=CYLINDRICAL_SURFACE('',#5517,0.400000000000002);
#34=CYLINDRICAL_SURFACE('',#5520,0.400000000000002);
#35=CYLINDRICAL_SURFACE('',#5523,0.399999999999996);
#36=CYLINDRICAL_SURFACE('',#5525,1.375);
#37=CYLINDRICAL_SURFACE('',#5527,1.375);
#38=CYLINDRICAL_SURFACE('',#5529,1.375);
#39=CYLINDRICAL_SURFACE('',#5531,1.375);
#40=CYLINDRICAL_SURFACE('',#5534,1.375);
#41=CYLINDRICAL_SURFACE('',#5536,1.375);
#42=CYLINDRICAL_SURFACE('',#5539,1.375);
#43=CYLINDRICAL_SURFACE('',#5541,1.375);
#44=CYLINDRICAL_SURFACE('',#5544,1.375);
#45=CYLINDRICAL_SURFACE('',#5546,1.375);
#46=CYLINDRICAL_SURFACE('',#5548,1.375);
#47=CYLINDRICAL_SURFACE('',#5550,1.375);
#48=CYLINDRICAL_SURFACE('',#5552,1.375);
#49=CYLINDRICAL_SURFACE('',#5554,1.375);
#50=CYLINDRICAL_SURFACE('',#5560,1.00000000000003);
#51=CYLINDRICAL_SURFACE('',#5614,1.375);
#52=CYLINDRICAL_SURFACE('',#5616,1.375);
#53=CYLINDRICAL_SURFACE('',#5618,1.375);
#54=CYLINDRICAL_SURFACE('',#5620,1.375);
#55=CYLINDRICAL_SURFACE('',#5622,1.375);
#56=CYLINDRICAL_SURFACE('',#5624,1.375);
#57=CYLINDRICAL_SURFACE('',#5626,1.375);
#58=CYLINDRICAL_SURFACE('',#5628,1.375);
#59=CYLINDRICAL_SURFACE('',#5631,0.400000000000002);
#60=CYLINDRICAL_SURFACE('',#5634,0.400000000000002);
#61=CYLINDRICAL_SURFACE('',#5637,0.400000000000002);
#62=CYLINDRICAL_SURFACE('',#5640,0.400000000000002);
#63=CYLINDRICAL_SURFACE('',#5642,1.375);
#64=CYLINDRICAL_SURFACE('',#5644,1.375);
#65=CYLINDRICAL_SURFACE('',#5646,1.375);
#66=CYLINDRICAL_SURFACE('',#5648,1.375);
#67=CYLINDRICAL_SURFACE('',#5650,1.375);
#68=CYLINDRICAL_SURFACE('',#5652,1.375);
#69=CYLINDRICAL_SURFACE('',#5654,1.375);
#70=CYLINDRICAL_SURFACE('',#5656,1.375);
#71=CYLINDRICAL_SURFACE('',#5658,1.375);
#72=CYLINDRICAL_SURFACE('',#5660,1.375);
#73=CYLINDRICAL_SURFACE('',#5662,1.375);
#74=CYLINDRICAL_SURFACE('',#5664,1.375);
#75=CYLINDRICAL_SURFACE('',#5666,1.375);
#76=CYLINDRICAL_SURFACE('',#5668,1.375);
#77=CYLINDRICAL_SURFACE('',#5670,1.375);
#78=CYLINDRICAL_SURFACE('',#5672,1.375);
#79=CYLINDRICAL_SURFACE('',#5674,1.375);
#80=CYLINDRICAL_SURFACE('',#5676,1.375);
#81=CYLINDRICAL_SURFACE('',#5678,1.375);
#82=CYLINDRICAL_SURFACE('',#5682,1.00000000000004);
#83=CYLINDRICAL_SURFACE('',#5693,1.375);
#84=CYLINDRICAL_SURFACE('',#5696,1.375);
#85=CYLINDRICAL_SURFACE('',#5699,1.375);
#86=CYLINDRICAL_SURFACE('',#5702,1.375);
#87=CYLINDRICAL_SURFACE('',#5705,1.375);
#88=CYLINDRICAL_SURFACE('',#5708,1.375);
#89=CYLINDRICAL_SURFACE('',#5711,1.375);
#90=CYLINDRICAL_SURFACE('',#5714,1.375);
#91=CYLINDRICAL_SURFACE('',#5717,1.375);
#92=CYLINDRICAL_SURFACE('',#5720,1.375);
#93=CYLINDRICAL_SURFACE('',#5723,1.375);
#94=CYLINDRICAL_SURFACE('',#5726,1.375);
#95=CYLINDRICAL_SURFACE('',#5729,1.375);
#96=CYLINDRICAL_SURFACE('',#5732,1.375);
#97=CYLINDRICAL_SURFACE('',#5735,1.375);
#98=CYLINDRICAL_SURFACE('',#5738,1.375);
#99=CYLINDRICAL_SURFACE('',#5741,1.375);
#100=CYLINDRICAL_SURFACE('',#5744,1.375);
#101=CYLINDRICAL_SURFACE('',#5747,1.375);
#102=CYLINDRICAL_SURFACE('',#5760,4.24999999999999);
#103=CYLINDRICAL_SURFACE('',#5763,5.);
#104=CYLINDRICAL_SURFACE('',#5766,4.5);
#105=CYLINDRICAL_SURFACE('',#5769,4.25);
#106=CYLINDRICAL_SURFACE('',#5772,4.24999999999999);
#107=CYLINDRICAL_SURFACE('',#5786,4.25);
#108=CYLINDRICAL_SURFACE('',#5789,4.25);
#109=CYLINDRICAL_SURFACE('',#5792,1.00000000000092);
#110=CYLINDRICAL_SURFACE('',#5801,0.499999999993394);
#111=CYLINDRICAL_SURFACE('',#5805,0.499999999997548);
#112=CYLINDRICAL_SURFACE('',#5812,0.499999999999957);
#113=CYLINDRICAL_SURFACE('',#5816,0.499999999997751);
#114=CYLINDRICAL_SURFACE('',#5825,1.00000000000001);
#115=CYLINDRICAL_SURFACE('',#5833,4.24999999999999);
#116=CYLINDRICAL_SURFACE('',#5836,4.24999999999999);
#117=CYLINDRICAL_SURFACE('',#5839,4.5);
#118=CYLINDRICAL_SURFACE('',#5842,5.);
#119=CYLINDRICAL_SURFACE('',#5845,4.25);
#120=CYLINDRICAL_SURFACE('',#5864,1.375);
#121=CYLINDRICAL_SURFACE('',#5867,1.375);
#122=CYLINDRICAL_SURFACE('',#5870,1.375);
#123=CYLINDRICAL_SURFACE('',#5873,1.375);
#124=CYLINDRICAL_SURFACE('',#5876,1.375);
#125=CYLINDRICAL_SURFACE('',#5879,1.375);
#126=CYLINDRICAL_SURFACE('',#5882,1.375);
#127=CYLINDRICAL_SURFACE('',#5885,1.375);
#128=CYLINDRICAL_SURFACE('',#5888,1.375);
#129=CYLINDRICAL_SURFACE('',#5891,1.375);
#130=CYLINDRICAL_SURFACE('',#5894,1.375);
#131=CYLINDRICAL_SURFACE('',#5897,1.375);
#132=CYLINDRICAL_SURFACE('',#5900,1.375);
#133=CYLINDRICAL_SURFACE('',#5903,1.375);
#134=CYLINDRICAL_SURFACE('',#5906,1.375);
#135=CYLINDRICAL_SURFACE('',#5909,1.375);
#136=CYLINDRICAL_SURFACE('',#5912,1.375);
#137=CYLINDRICAL_SURFACE('',#5915,1.375);
#138=CYLINDRICAL_SURFACE('',#5918,1.375);
#139=FACE_BOUND('',#1002,.T.);
#140=FACE_BOUND('',#1003,.T.);
#141=FACE_BOUND('',#1004,.T.);
#142=FACE_BOUND('',#1005,.T.);
#143=FACE_BOUND('',#1006,.T.);
#144=FACE_BOUND('',#1007,.T.);
#145=FACE_BOUND('',#1008,.T.);
#146=FACE_BOUND('',#1009,.T.);
#147=FACE_BOUND('',#1010,.T.);
#148=FACE_BOUND('',#1011,.T.);
#149=FACE_BOUND('',#1012,.T.);
#150=FACE_BOUND('',#1013,.T.);
#151=FACE_BOUND('',#1014,.T.);
#152=FACE_BOUND('',#1015,.T.);
#153=FACE_BOUND('',#1016,.T.);
#154=FACE_BOUND('',#1017,.T.);
#155=FACE_BOUND('',#1018,.T.);
#156=FACE_BOUND('',#1019,.T.);
#157=FACE_BOUND('',#1021,.T.);
#158=FACE_BOUND('',#1022,.T.);
#159=FACE_BOUND('',#1023,.T.);
#160=FACE_BOUND('',#1067,.T.);
#161=FACE_BOUND('',#1068,.T.);
#162=FACE_BOUND('',#1069,.T.);
#163=FACE_BOUND('',#1070,.T.);
#164=FACE_BOUND('',#1071,.T.);
#165=FACE_BOUND('',#1072,.T.);
#166=FACE_BOUND('',#1073,.T.);
#167=FACE_BOUND('',#1074,.T.);
#168=FACE_BOUND('',#1075,.T.);
#169=FACE_BOUND('',#1076,.T.);
#170=FACE_BOUND('',#1077,.T.);
#171=FACE_BOUND('',#1078,.T.);
#172=FACE_BOUND('',#1079,.T.);
#173=FACE_BOUND('',#1080,.T.);
#174=FACE_BOUND('',#1081,.T.);
#175=FACE_BOUND('',#1082,.T.);
#176=FACE_BOUND('',#1083,.T.);
#177=FACE_BOUND('',#1084,.T.);
#178=FACE_BOUND('',#1085,.T.);
#179=FACE_BOUND('',#1086,.T.);
#180=FACE_BOUND('',#1087,.T.);
#181=FACE_BOUND('',#1088,.T.);
#182=FACE_BOUND('',#1089,.T.);
#183=FACE_BOUND('',#1090,.T.);
#184=FACE_BOUND('',#1091,.T.);
#185=FACE_BOUND('',#1092,.T.);
#186=FACE_BOUND('',#1093,.T.);
#187=FACE_BOUND('',#1094,.T.);
#188=FACE_BOUND('',#1096,.T.);
#189=FACE_BOUND('',#1097,.T.);
#190=FACE_BOUND('',#1098,.T.);
#191=FACE_BOUND('',#1099,.T.);
#192=FACE_BOUND('',#1100,.T.);
#193=FACE_BOUND('',#1101,.T.);
#194=FACE_BOUND('',#1102,.T.);
#195=FACE_BOUND('',#1118,.T.);
#196=FACE_BOUND('',#1119,.T.);
#197=FACE_BOUND('',#1120,.T.);
#198=FACE_BOUND('',#1122,.T.);
#199=FACE_BOUND('',#1123,.T.);
#200=FACE_BOUND('',#1124,.T.);
#201=FACE_BOUND('',#1125,.T.);
#202=FACE_BOUND('',#1126,.T.);
#203=FACE_BOUND('',#1127,.T.);
#204=FACE_BOUND('',#1128,.T.);
#205=FACE_BOUND('',#1129,.T.);
#206=FACE_BOUND('',#1130,.T.);
#207=FACE_BOUND('',#1131,.T.);
#208=FACE_BOUND('',#1132,.T.);
#209=FACE_BOUND('',#1133,.T.);
#210=FACE_BOUND('',#1134,.T.);
#211=FACE_BOUND('',#1135,.T.);
#212=FACE_BOUND('',#1136,.T.);
#213=FACE_BOUND('',#1137,.T.);
#214=FACE_BOUND('',#1138,.T.);
#215=FACE_BOUND('',#1139,.T.);
#216=FACE_BOUND('',#1141,.T.);
#217=FACE_BOUND('',#1142,.T.);
#218=FACE_BOUND('',#1143,.T.);
#219=FACE_BOUND('',#1144,.T.);
#220=FACE_BOUND('',#1145,.T.);
#221=FACE_BOUND('',#1146,.T.);
#222=FACE_BOUND('',#1147,.T.);
#223=FACE_BOUND('',#1191,.T.);
#224=FACE_BOUND('',#1192,.T.);
#225=FACE_BOUND('',#1193,.T.);
#226=FACE_BOUND('',#1194,.T.);
#227=FACE_BOUND('',#1195,.T.);
#228=FACE_BOUND('',#1196,.T.);
#229=FACE_BOUND('',#1197,.T.);
#230=FACE_BOUND('',#1198,.T.);
#231=FACE_BOUND('',#1199,.T.);
#232=FACE_BOUND('',#1200,.T.);
#233=FACE_BOUND('',#1201,.T.);
#234=FACE_BOUND('',#1202,.T.);
#235=FACE_BOUND('',#1203,.T.);
#236=FACE_BOUND('',#1204,.T.);
#237=FACE_BOUND('',#1205,.T.);
#238=FACE_BOUND('',#1206,.T.);
#239=FACE_BOUND('',#1207,.T.);
#240=FACE_BOUND('',#1208,.T.);
#241=FACE_BOUND('',#1209,.T.);
#242=FACE_BOUND('',#1210,.T.);
#243=FACE_BOUND('',#1211,.T.);
#244=FACE_BOUND('',#1212,.T.);
#245=FACE_BOUND('',#1213,.T.);
#246=FACE_BOUND('',#1214,.T.);
#247=FACE_BOUND('',#1215,.T.);
#248=FACE_BOUND('',#1216,.T.);
#249=FACE_BOUND('',#1217,.T.);
#250=FACE_BOUND('',#1218,.T.);
#251=FACE_BOUND('',#1247,.T.);
#252=FACE_BOUND('',#1248,.T.);
#253=FACE_BOUND('',#1249,.T.);
#254=FACE_BOUND('',#1250,.T.);
#255=FACE_BOUND('',#1251,.T.);
#256=FACE_BOUND('',#1252,.T.);
#257=FACE_BOUND('',#1253,.T.);
#258=FACE_BOUND('',#1254,.T.);
#259=FACE_BOUND('',#1255,.T.);
#260=FACE_BOUND('',#1256,.T.);
#261=FACE_BOUND('',#1257,.T.);
#262=FACE_BOUND('',#1258,.T.);
#263=FACE_BOUND('',#1259,.T.);
#264=FACE_BOUND('',#1260,.T.);
#265=FACE_BOUND('',#1261,.T.);
#266=FACE_BOUND('',#1262,.T.);
#267=FACE_BOUND('',#1263,.T.);
#268=FACE_BOUND('',#1264,.T.);
#269=FACE_BOUND('',#1265,.T.);
#270=FACE_BOUND('',#1267,.T.);
#271=FACE_BOUND('',#1268,.T.);
#272=FACE_BOUND('',#1269,.T.);
#273=FACE_BOUND('',#1270,.T.);
#274=FACE_BOUND('',#1271,.T.);
#275=FACE_BOUND('',#1272,.T.);
#276=FACE_BOUND('',#1273,.T.);
#277=FACE_BOUND('',#1274,.T.);
#278=FACE_BOUND('',#1275,.T.);
#279=FACE_BOUND('',#1276,.T.);
#280=FACE_BOUND('',#1277,.T.);
#281=FACE_BOUND('',#1278,.T.);
#282=FACE_BOUND('',#1279,.T.);
#283=FACE_BOUND('',#1280,.T.);
#284=FACE_BOUND('',#1281,.T.);
#285=FACE_BOUND('',#1282,.T.);
#286=FACE_BOUND('',#1283,.T.);
#287=FACE_BOUND('',#1284,.T.);
#288=FACE_BOUND('',#1285,.T.);
#289=FACE_BOUND('',#1301,.T.);
#290=FACE_BOUND('',#1302,.T.);
#291=FACE_BOUND('',#1303,.T.);
#292=FACE_BOUND('',#1304,.T.);
#293=FACE_BOUND('',#1305,.T.);
#294=FACE_BOUND('',#1307,.T.);
#295=FACE_BOUND('',#1308,.T.);
#296=FACE_BOUND('',#1309,.T.);
#297=FACE_BOUND('',#1310,.T.);
#298=FACE_BOUND('',#1311,.T.);
#299=FACE_BOUND('',#1343,.T.);
#300=FACE_BOUND('',#1344,.T.);
#301=FACE_BOUND('',#1346,.T.);
#302=FACE_BOUND('',#1347,.T.);
#303=FACE_BOUND('',#1363,.T.);
#304=FACE_BOUND('',#1364,.T.);
#305=FACE_BOUND('',#1365,.T.);
#306=FACE_BOUND('',#1366,.T.);
#307=FACE_BOUND('',#1367,.T.);
#308=FACE_BOUND('',#1369,.T.);
#309=FACE_BOUND('',#1370,.T.);
#310=FACE_BOUND('',#1371,.T.);
#311=FACE_BOUND('',#1372,.T.);
#312=FACE_BOUND('',#1373,.T.);
#313=FACE_BOUND('',#1402,.T.);
#314=FACE_BOUND('',#1403,.T.);
#315=FACE_BOUND('',#1404,.T.);
#316=FACE_BOUND('',#1405,.T.);
#317=FACE_BOUND('',#1406,.T.);
#318=FACE_BOUND('',#1407,.T.);
#319=FACE_BOUND('',#1408,.T.);
#320=FACE_BOUND('',#1409,.T.);
#321=FACE_BOUND('',#1410,.T.);
#322=FACE_BOUND('',#1411,.T.);
#323=FACE_BOUND('',#1412,.T.);
#324=FACE_BOUND('',#1413,.T.);
#325=FACE_BOUND('',#1414,.T.);
#326=FACE_BOUND('',#1415,.T.);
#327=FACE_BOUND('',#1416,.T.);
#328=FACE_BOUND('',#1417,.T.);
#329=FACE_BOUND('',#1418,.T.);
#330=FACE_BOUND('',#1419,.T.);
#331=FACE_BOUND('',#1420,.T.);
#332=FACE_BOUND('',#1422,.T.);
#333=FACE_BOUND('',#1423,.T.);
#334=FACE_BOUND('',#1424,.T.);
#335=FACE_BOUND('',#1425,.T.);
#336=FACE_BOUND('',#1426,.T.);
#337=FACE_BOUND('',#1427,.T.);
#338=FACE_BOUND('',#1428,.T.);
#339=FACE_BOUND('',#1429,.T.);
#340=FACE_BOUND('',#1430,.T.);
#341=FACE_BOUND('',#1431,.T.);
#342=FACE_BOUND('',#1432,.T.);
#343=FACE_BOUND('',#1433,.T.);
#344=FACE_BOUND('',#1434,.T.);
#345=FACE_BOUND('',#1435,.T.);
#346=FACE_BOUND('',#1436,.T.);
#347=FACE_BOUND('',#1437,.T.);
#348=FACE_BOUND('',#1438,.T.);
#349=FACE_BOUND('',#1439,.T.);
#350=FACE_BOUND('',#1440,.T.);
#351=CIRCLE('',#5457,1.00000000000003);
#352=CIRCLE('',#5458,1.375);
#353=CIRCLE('',#5459,1.375);
#354=CIRCLE('',#5460,1.375);
#355=CIRCLE('',#5461,1.375);
#356=CIRCLE('',#5462,1.375);
#357=CIRCLE('',#5463,1.375);
#358=CIRCLE('',#5464,1.375);
#359=CIRCLE('',#5465,1.375);
#360=CIRCLE('',#5466,1.375);
#361=CIRCLE('',#5467,1.375);
#362=CIRCLE('',#5468,0.399999999999996);
#363=CIRCLE('',#5469,0.400000000000002);
#364=CIRCLE('',#5470,0.400000000000002);
#365=CIRCLE('',#5471,0.400000000000002);
#366=CIRCLE('',#5472,1.375);
#367=CIRCLE('',#5473,1.375);
#368=CIRCLE('',#5474,1.375);
#369=CIRCLE('',#5475,1.375);
#370=CIRCLE('',#5476,1.375);
#371=CIRCLE('',#5477,1.375);
#372=CIRCLE('',#5478,1.375);
#373=CIRCLE('',#5480,1.375);
#374=CIRCLE('',#5481,1.375);
#375=CIRCLE('',#5482,1.375);
#376=CIRCLE('',#5485,1.375);
#377=CIRCLE('',#5487,1.375);
#378=CIRCLE('',#5489,1.375);
#379=CIRCLE('',#5490,1.375);
#380=CIRCLE('',#5492,1.375);
#381=CIRCLE('',#5493,1.375);
#382=CIRCLE('',#5495,1.375);
#383=CIRCLE('',#5497,1.375);
#384=CIRCLE('',#5499,1.375);
#385=CIRCLE('',#5500,1.375);
#386=CIRCLE('',#5502,1.375);
#387=CIRCLE('',#5504,1.375);
#388=CIRCLE('',#5506,1.375);
#389=CIRCLE('',#5508,1.375);
#390=CIRCLE('',#5510,1.375);
#391=CIRCLE('',#5512,1.375);
#392=CIRCLE('',#5515,0.400000000000002);
#393=CIRCLE('',#5518,0.400000000000002);
#394=CIRCLE('',#5521,0.400000000000002);
#395=CIRCLE('',#5524,0.399999999999996);
#396=CIRCLE('',#5526,1.375);
#397=CIRCLE('',#5528,1.375);
#398=CIRCLE('',#5530,1.375);
#399=CIRCLE('',#5532,1.375);
#400=CIRCLE('',#5533,1.375);
#401=CIRCLE('',#5535,1.375);
#402=CIRCLE('',#5537,1.375);
#403=CIRCLE('',#5538,1.375);
#404=CIRCLE('',#5540,1.375);
#405=CIRCLE('',#5542,1.375);
#406=CIRCLE('',#5543,1.375);
#407=CIRCLE('',#5545,1.375);
#408=CIRCLE('',#5547,1.375);
#409=CIRCLE('',#5549,1.375);
#410=CIRCLE('',#5551,1.375);
#411=CIRCLE('',#5553,1.375);
#412=CIRCLE('',#5555,1.375);
#413=CIRCLE('',#5556,1.375);
#414=CIRCLE('',#5561,1.00000000000003);
#415=CIRCLE('',#5580,1.375);
#416=CIRCLE('',#5581,1.375);
#417=CIRCLE('',#5582,1.375);
#418=CIRCLE('',#5584,1.00000000000004);
#419=CIRCLE('',#5585,1.375);
#420=CIRCLE('',#5586,1.375);
#421=CIRCLE('',#5587,1.375);
#422=CIRCLE('',#5588,1.375);
#423=CIRCLE('',#5589,1.375);
#424=CIRCLE('',#5590,1.375);
#425=CIRCLE('',#5591,1.375);
#426=CIRCLE('',#5592,1.375);
#427=CIRCLE('',#5593,1.375);
#428=CIRCLE('',#5594,1.375);
#429=CIRCLE('',#5595,1.375);
#430=CIRCLE('',#5596,1.375);
#431=CIRCLE('',#5597,1.375);
#432=CIRCLE('',#5598,0.400000000000002);
#433=CIRCLE('',#5599,0.400000000000002);
#434=CIRCLE('',#5600,0.400000000000002);
#435=CIRCLE('',#5601,0.400000000000002);
#436=CIRCLE('',#5602,1.375);
#437=CIRCLE('',#5603,1.375);
#438=CIRCLE('',#5604,1.375);
#439=CIRCLE('',#5605,1.375);
#440=CIRCLE('',#5607,1.375);
#441=CIRCLE('',#5608,1.375);
#442=CIRCLE('',#5609,1.375);
#443=CIRCLE('',#5610,1.375);
#444=CIRCLE('',#5611,1.375);
#445=CIRCLE('',#5612,1.375);
#446=CIRCLE('',#5613,1.375);
#447=CIRCLE('',#5615,1.375);
#448=CIRCLE('',#5617,1.375);
#449=CIRCLE('',#5619,1.375);
#450=CIRCLE('',#5621,1.375);
#451=CIRCLE('',#5623,1.375);
#452=CIRCLE('',#5625,1.375);
#453=CIRCLE('',#5627,1.375);
#454=CIRCLE('',#5629,1.375);
#455=CIRCLE('',#5632,0.400000000000002);
#456=CIRCLE('',#5635,0.400000000000002);
#457=CIRCLE('',#5638,0.400000000000002);
#458=CIRCLE('',#5641,0.400000000000002);
#459=CIRCLE('',#5643,1.375);
#460=CIRCLE('',#5645,1.375);
#461=CIRCLE('',#5647,1.375);
#462=CIRCLE('',#5649,1.375);
#463=CIRCLE('',#5651,1.375);
#464=CIRCLE('',#5653,1.375);
#465=CIRCLE('',#5655,1.375);
#466=CIRCLE('',#5657,1.375);
#467=CIRCLE('',#5659,1.375);
#468=CIRCLE('',#5661,1.375);
#469=CIRCLE('',#5663,1.375);
#470=CIRCLE('',#5665,1.375);
#471=CIRCLE('',#5667,1.375);
#472=CIRCLE('',#5669,1.375);
#473=CIRCLE('',#5671,1.375);
#474=CIRCLE('',#5673,1.375);
#475=CIRCLE('',#5675,1.375);
#476=CIRCLE('',#5677,1.375);
#477=CIRCLE('',#5679,1.375);
#478=CIRCLE('',#5683,1.00000000000004);
#479=CIRCLE('',#5694,1.375);
#480=CIRCLE('',#5695,1.375);
#481=CIRCLE('',#5697,1.375);
#482=CIRCLE('',#5698,1.375);
#483=CIRCLE('',#5700,1.375);
#484=CIRCLE('',#5701,1.375);
#485=CIRCLE('',#5703,1.375);
#486=CIRCLE('',#5704,1.375);
#487=CIRCLE('',#5706,1.375);
#488=CIRCLE('',#5707,1.375);
#489=CIRCLE('',#5709,1.375);
#490=CIRCLE('',#5710,1.375);
#491=CIRCLE('',#5712,1.375);
#492=CIRCLE('',#5713,1.375);
#493=CIRCLE('',#5715,1.375);
#494=CIRCLE('',#5716,1.375);
#495=CIRCLE('',#5718,1.375);
#496=CIRCLE('',#5719,1.375);
#497=CIRCLE('',#5721,1.375);
#498=CIRCLE('',#5722,1.375);
#499=CIRCLE('',#5724,1.375);
#500=CIRCLE('',#5725,1.375);
#501=CIRCLE('',#5727,1.375);
#502=CIRCLE('',#5728,1.375);
#503=CIRCLE('',#5730,1.375);
#504=CIRCLE('',#5731,1.375);
#505=CIRCLE('',#5733,1.375);
#506=CIRCLE('',#5734,1.375);
#507=CIRCLE('',#5736,1.375);
#508=CIRCLE('',#5737,1.375);
#509=CIRCLE('',#5739,1.375);
#510=CIRCLE('',#5740,1.375);
#511=CIRCLE('',#5742,1.375);
#512=CIRCLE('',#5743,1.375);
#513=CIRCLE('',#5745,1.375);
#514=CIRCLE('',#5746,1.375);
#515=CIRCLE('',#5748,1.375);
#516=CIRCLE('',#5749,1.375);
#517=CIRCLE('',#5761,4.24999999999999);
#518=CIRCLE('',#5762,4.24999999999999);
#519=CIRCLE('',#5764,5.);
#520=CIRCLE('',#5765,5.);
#521=CIRCLE('',#5767,4.5);
#522=CIRCLE('',#5768,4.5);
#523=CIRCLE('',#5770,4.25);
#524=CIRCLE('',#5771,4.25);
#525=CIRCLE('',#5773,4.24999999999999);
#526=CIRCLE('',#5774,4.24999999999999);
#527=CIRCLE('',#5787,4.25);
#528=CIRCLE('',#5788,4.25);
#529=CIRCLE('',#5790,4.25);
#530=CIRCLE('',#5791,4.25);
#531=CIRCLE('',#5793,1.00000000000092);
#532=CIRCLE('',#5794,1.00000000000092);
#533=CIRCLE('',#5802,0.499999999993394);
#534=CIRCLE('',#5803,0.499999999993394);
#535=CIRCLE('',#5806,0.499999999997548);
#536=CIRCLE('',#5807,0.499999999997548);
#537=CIRCLE('',#5813,0.499999999999957);
#538=CIRCLE('',#5814,0.499999999999957);
#539=CIRCLE('',#5817,0.499999999997751);
#540=CIRCLE('',#5818,0.499999999997751);
#541=CIRCLE('',#5826,1.00000000000001);
#542=CIRCLE('',#5827,1.00000000000001);
#543=CIRCLE('',#5834,4.24999999999999);
#544=CIRCLE('',#5835,4.24999999999999);
#545=CIRCLE('',#5837,4.24999999999999);
#546=CIRCLE('',#5838,4.24999999999999);
#547=CIRCLE('',#5840,4.5);
#548=CIRCLE('',#5841,4.5);
#549=CIRCLE('',#5843,5.);
#550=CIRCLE('',#5844,5.);
#551=CIRCLE('',#5846,4.25);
#552=CIRCLE('',#5847,4.25);
#553=CIRCLE('',#5865,1.375);
#554=CIRCLE('',#5866,1.375);
#555=CIRCLE('',#5868,1.375);
#556=CIRCLE('',#5869,1.375);
#557=CIRCLE('',#5871,1.375);
#558=CIRCLE('',#5872,1.375);
#559=CIRCLE('',#5874,1.375);
#560=CIRCLE('',#5875,1.375);
#561=CIRCLE('',#5877,1.375);
#562=CIRCLE('',#5878,1.375);
#563=CIRCLE('',#5880,1.375);
#564=CIRCLE('',#5881,1.375);
#565=CIRCLE('',#5883,1.375);
#566=CIRCLE('',#5884,1.375);
#567=CIRCLE('',#5886,1.375);
#568=CIRCLE('',#5887,1.375);
#569=CIRCLE('',#5889,1.375);
#570=CIRCLE('',#5890,1.375);
#571=CIRCLE('',#5892,1.375);
#572=CIRCLE('',#5893,1.375);
#573=CIRCLE('',#5895,1.375);
#574=CIRCLE('',#5896,1.375);
#575=CIRCLE('',#5898,1.375);
#576=CIRCLE('',#5899,1.375);
#577=CIRCLE('',#5901,1.375);
#578=CIRCLE('',#5902,1.375);
#579=CIRCLE('',#5904,1.375);
#580=CIRCLE('',#5905,1.375);
#581=CIRCLE('',#5907,1.375);
#582=CIRCLE('',#5908,1.375);
#583=CIRCLE('',#5910,1.375);
#584=CIRCLE('',#5911,1.375);
#585=CIRCLE('',#5913,1.375);
#586=CIRCLE('',#5914,1.375);
#587=CIRCLE('',#5916,1.375);
#588=CIRCLE('',#5917,1.375);
#589=CIRCLE('',#5919,1.375);
#590=CIRCLE('',#5920,1.375);
#591=(
BOUNDED_CURVE()
B_SPLINE_CURVE(5,(#7585,#7586,#7587,#7588,#7589,#7590,#7591,#7592,#7593,
#7594,#7595,#7596,#7597,#7598,#7599),.UNSPECIFIED.,.F.,.F.)
B_SPLINE_CURVE_WITH_KNOTS((6,1,1,1,1,1,1,1,1,1,6),(0.,0.1,0.2,0.3,0.4,0.5,
0.6,0.7,0.8,0.9,0.963865187614135),.UNSPECIFIED.)
CURVE()
GEOMETRIC_REPRESENTATION_ITEM()
RATIONAL_B_SPLINE_CURVE((1.,1.,1.,1.,1.,1.,1.,1.,1.,1.,1.,1.,1.,1.,1.))
REPRESENTATION_ITEM('')
);
#592=(
BOUNDED_CURVE()
B_SPLINE_CURVE(5,(#7601,#7602,#7603,#7604,#7605,#7606,#7607,#7608,#7609,
#7610),.UNSPECIFIED.,.F.,.F.)
B_SPLINE_CURVE_WITH_KNOTS((6,1,1,1,1,6),(0.,0.2,0.4,0.6,0.8,1.),
 .UNSPECIFIED.)
CURVE()
GEOMETRIC_REPRESENTATION_ITEM()
RATIONAL_B_SPLINE_CURVE((1.,1.,1.,1.,1.,1.,1.,1.,1.,1.))
REPRESENTATION_ITEM('')
);
#593=(
BOUNDED_CURVE()
B_SPLINE_CURVE(5,(#7613,#7614,#7615,#7616,#7617,#7618,#7619,#7620,#7621,
#7622,#7623,#7624,#7625,#7626,#7627,#7628,#7629,#7630,#7631,#7632,#7633,
#7634,#7635,#7636,#7637,#7638,#7639,#7640,#7641,#7642),.UNSPECIFIED.,.F.,
 .F.)
B_SPLINE_CURVE_WITH_KNOTS((6,1,1,1,1,1,1,1,1,1,1,1,1,1,1,1,1,1,1,1,1,1,
1,1,1,6),(0.,0.04,0.08,0.12,0.16,0.2,0.24,0.28,0.32,0.36,0.4,0.44,0.48,
0.52,0.56,0.6,0.64,0.68,0.72,0.76,0.8,0.84,0.88,0.92,0.96,1.),
 .UNSPECIFIED.)
CURVE()
GEOMETRIC_REPRESENTATION_ITEM()
RATIONAL_B_SPLINE_CURVE((1.,1.,1.,1.,1.,1.,1.,1.,1.,1.,1.,1.,1.,1.,1.,1.,
1.,1.,1.,1.,1.,1.,1.,1.,1.,1.,1.,1.,1.,1.))
REPRESENTATION_ITEM('')
);
#594=(
BOUNDED_CURVE()
B_SPLINE_CURVE(5,(#7903,#7904,#7905,#7906,#7907,#7908,#7909,#7910,#7911,
#7912,#7913,#7914,#7915,#7916,#7917),.UNSPECIFIED.,.F.,.F.)
B_SPLINE_CURVE_WITH_KNOTS((6,1,1,1,1,1,1,1,1,1,6),(0.,0.1,0.2,0.3,0.4,0.5,
0.6,0.7,0.8,0.9,0.963865187614135),.UNSPECIFIED.)
CURVE()
GEOMETRIC_REPRESENTATION_ITEM()
RATIONAL_B_SPLINE_CURVE((1.,1.,1.,1.,1.,1.,1.,1.,1.,1.,1.,1.,1.,1.,1.))
REPRESENTATION_ITEM('')
);
#595=(
BOUNDED_CURVE()
B_SPLINE_CURVE(5,(#7921,#7922,#7923,#7924,#7925,#7926,#7927,#7928,#7929,
#7930),.UNSPECIFIED.,.F.,.F.)
B_SPLINE_CURVE_WITH_KNOTS((6,1,1,1,1,6),(0.,0.2,0.4,0.6,0.8,1.),
 .UNSPECIFIED.)
CURVE()
GEOMETRIC_REPRESENTATION_ITEM()
RATIONAL_B_SPLINE_CURVE((1.,1.,1.,1.,1.,1.,1.,1.,1.,1.))
REPRESENTATION_ITEM('')
);
#596=(
BOUNDED_CURVE()
B_SPLINE_CURVE(5,(#7996,#7997,#7998,#7999,#8000,#8001,#8002,#8003,#8004,
#8005,#8006,#8007,#8008,#8009,#8010,#8011,#8012,#8013,#8014,#8015,#8016,
#8017,#8018,#8019,#8020,#8021,#8022,#8023,#8024,#8025),.UNSPECIFIED.,.F.,
 .F.)
B_SPLINE_CURVE_WITH_KNOTS((6,1,1,1,1,1,1,1,1,1,1,1,1,1,1,1,1,1,1,1,1,1,
1,1,1,6),(0.,0.04,0.08,0.12,0.16,0.2,0.24,0.28,0.32,0.36,0.4,0.44,0.48,
0.52,0.56,0.6,0.64,0.68,0.72,0.76,0.8,0.84,0.88,0.92,0.96,1.),
 .UNSPECIFIED.)
CURVE()
GEOMETRIC_REPRESENTATION_ITEM()
RATIONAL_B_SPLINE_CURVE((1.,1.,1.,1.,1.,1.,1.,1.,1.,1.,1.,1.,1.,1.,1.,1.,
1.,1.,1.,1.,1.,1.,1.,1.,1.,1.,1.,1.,1.,1.))
REPRESENTATION_ITEM('')
);
#597=(
BOUNDED_CURVE()
B_SPLINE_CURVE(5,(#8136,#8137,#8138,#8139,#8140,#8141,#8142,#8143,#8144,
#8145,#8146,#8147,#8148,#8149,#8150,#8151,#8152,#8153,#8154,#8155,#8156,
#8157,#8158,#8159,#8160,#8161,#8162,#8163,#8164,#8165),.UNSPECIFIED.,.F.,
 .F.)
B_SPLINE_CURVE_WITH_KNOTS((6,1,1,1,1,1,1,1,1,1,1,1,1,1,1,1,1,1,1,1,1,1,
1,1,1,6),(0.,0.04,0.08,0.12,0.16,0.2,0.24,0.28,0.32,0.36,0.4,0.44,0.48,
0.52,0.56,0.6,0.64,0.68,0.72,0.76,0.8,0.84,0.88,0.92,0.96,1.),
 .UNSPECIFIED.)
CURVE()
GEOMETRIC_REPRESENTATION_ITEM()
RATIONAL_B_SPLINE_CURVE((1.,1.,1.,1.,1.,1.,1.,1.,1.,1.,1.,1.,1.,1.,1.,1.,
1.,1.,1.,1.,1.,1.,1.,1.,1.,1.,1.,1.,1.,1.))
REPRESENTATION_ITEM('')
);
#598=(
BOUNDED_CURVE()
B_SPLINE_CURVE(5,(#8169,#8170,#8171,#8172,#8173,#8174,#8175,#8176,#8177,
#8178),.UNSPECIFIED.,.F.,.F.)
B_SPLINE_CURVE_WITH_KNOTS((6,1,1,1,1,6),(0.,0.2,0.4,0.6,0.8,0.966214729862936),
 .UNSPECIFIED.)
CURVE()
GEOMETRIC_REPRESENTATION_ITEM()
RATIONAL_B_SPLINE_CURVE((1.,1.,1.,1.,1.,1.,1.,1.,1.,1.))
REPRESENTATION_ITEM('')
);
#599=(
BOUNDED_CURVE()
B_SPLINE_CURVE(5,(#8182,#8183,#8184,#8185,#8186,#8187,#8188,#8189,#8190,
#8191,#8192,#8193,#8194,#8195,#8196),.UNSPECIFIED.,.F.,.F.)
B_SPLINE_CURVE_WITH_KNOTS((6,1,1,1,1,1,1,1,1,1,6),(0.,0.1,0.2,0.3,0.4,0.5,
0.6,0.7,0.8,0.9,0.963865187614139),.UNSPECIFIED.)
CURVE()
GEOMETRIC_REPRESENTATION_ITEM()
RATIONAL_B_SPLINE_CURVE((1.,1.,1.,1.,1.,1.,1.,1.,1.,1.,1.,1.,1.,1.,1.))
REPRESENTATION_ITEM('')
);
#600=(
BOUNDED_CURVE()
B_SPLINE_CURVE(5,(#8475,#8476,#8477,#8478,#8479,#8480,#8481,#8482,#8483,
#8484,#8485,#8486,#8487,#8488,#8489,#8490,#8491,#8492,#8493,#8494,#8495,
#8496,#8497,#8498,#8499,#8500,#8501,#8502,#8503,#8504),.UNSPECIFIED.,.F.,
 .F.)
B_SPLINE_CURVE_WITH_KNOTS((6,1,1,1,1,1,1,1,1,1,1,1,1,1,1,1,1,1,1,1,1,1,
1,1,1,6),(-1.,-0.96,-0.92,-0.88,-0.84,-0.8,-0.76,-0.72,-0.68,-0.64,-0.6,
-0.56,-0.52,-0.48,-0.44,-0.4,-0.36,-0.32,-0.28,-0.24,-0.2,-0.16,-0.12,-0.08,
-0.04,0.),.UNSPECIFIED.)
CURVE()
GEOMETRIC_REPRESENTATION_ITEM()
RATIONAL_B_SPLINE_CURVE((1.,1.,1.,1.,1.,1.,1.,1.,1.,1.,1.,1.,1.,1.,1.,1.,
1.,1.,1.,1.,1.,1.,1.,1.,1.,1.,1.,1.,1.,1.))
REPRESENTATION_ITEM('')
);
#601=(
BOUNDED_CURVE()
B_SPLINE_CURVE(5,(#8512,#8513,#8514,#8515,#8516,#8517,#8518,#8519,#8520,
#8521),.UNSPECIFIED.,.F.,.F.)
B_SPLINE_CURVE_WITH_KNOTS((6,1,1,1,1,6),(-0.966214729862936,-0.8,-0.6,-0.4,
-0.2,0.),.UNSPECIFIED.)
CURVE()
GEOMETRIC_REPRESENTATION_ITEM()
RATIONAL_B_SPLINE_CURVE((1.,1.,1.,1.,1.,1.,1.,1.,1.,1.))
REPRESENTATION_ITEM('')
);
#602=(
BOUNDED_CURVE()
B_SPLINE_CURVE(5,(#8556,#8557,#8558,#8559,#8560,#8561,#8562,#8563,#8564,
#8565,#8566,#8567,#8568,#8569,#8570),.UNSPECIFIED.,.F.,.F.)
B_SPLINE_CURVE_WITH_KNOTS((6,1,1,1,1,1,1,1,1,1,6),(-0.963865187614139,-0.9,
-0.8,-0.7,-0.6,-0.5,-0.4,-0.3,-0.2,-0.1,0.),.UNSPECIFIED.)
CURVE()
GEOMETRIC_REPRESENTATION_ITEM()
RATIONAL_B_SPLINE_CURVE((1.,1.,1.,1.,1.,1.,1.,1.,1.,1.,1.,1.,1.,1.,1.))
REPRESENTATION_ITEM('')
);
#603=(
BOUNDED_CURVE()
B_SPLINE_CURVE(5,(#8839,#8840,#8841,#8842,#8843,#8844,#8845,#8846,#8847,
#8848,#8849,#8850,#8851,#8852,#8853),.UNSPECIFIED.,.F.,.F.)
B_SPLINE_CURVE_WITH_KNOTS((6,1,1,1,1,1,1,1,1,1,6),(0.,0.1,0.2,0.3,0.4,0.5,
0.6,0.7,0.8,0.9,0.995295016494551),.UNSPECIFIED.)
CURVE()
GEOMETRIC_REPRESENTATION_ITEM()
RATIONAL_B_SPLINE_CURVE((1.,1.,1.,1.,1.,1.,1.,1.,1.,1.,1.,1.,1.,1.,1.))
REPRESENTATION_ITEM('')
);
#604=(
BOUNDED_CURVE()
B_SPLINE_CURVE(5,(#8855,#8856,#8857,#8858,#8859,#8860,#8861,#8862,#8863,
#8864,#8865,#8866,#8867,#8868,#8869),.UNSPECIFIED.,.F.,.F.)
B_SPLINE_CURVE_WITH_KNOTS((6,1,1,1,1,1,1,1,1,1,6),(0.,0.1,0.2,0.3,0.4,0.5,
0.6,0.7,0.8,0.9,0.995295016494551),.UNSPECIFIED.)
CURVE()
GEOMETRIC_REPRESENTATION_ITEM()
RATIONAL_B_SPLINE_CURVE((1.,1.,1.,1.,1.,1.,1.,1.,1.,1.,1.,1.,1.,1.,1.))
REPRESENTATION_ITEM('')
);
#605=(
BOUNDED_CURVE()
B_SPLINE_CURVE(5,(#9015,#9016,#9017,#9018,#9019,#9020,#9021,#9022,#9023,
#9024,#9025,#9026,#9027,#9028,#9029,#9030,#9031,#9032,#9033,#9034,#9035,
#9036,#9037,#9038,#9039),.UNSPECIFIED.,.F.,.F.)
B_SPLINE_CURVE_WITH_KNOTS((6,1,1,1,1,1,1,1,1,1,1,1,1,1,1,1,1,1,1,1,6),(0.,
0.05,0.1,0.15,0.2,0.25,0.3,0.35,0.4,0.45,0.5,0.55,0.6,0.65,0.7,0.75,0.8,
0.85,0.9,0.95,1.),.UNSPECIFIED.)
CURVE()
GEOMETRIC_REPRESENTATION_ITEM()
RATIONAL_B_SPLINE_CURVE((1.,1.,1.,1.,1.,1.,1.,1.,1.,1.,1.,1.,1.,1.,1.,1.,
1.,1.,1.,1.,1.,1.,1.,1.,1.))
REPRESENTATION_ITEM('')
);
#606=(
BOUNDED_CURVE()
B_SPLINE_CURVE(5,(#9041,#9042,#9043,#9044,#9045,#9046,#9047,#9048,#9049,
#9050,#9051,#9052,#9053,#9054,#9055,#9056,#9057,#9058,#9059,#9060,#9061,
#9062,#9063,#9064,#9065),.UNSPECIFIED.,.F.,.F.)
B_SPLINE_CURVE_WITH_KNOTS((6,1,1,1,1,1,1,1,1,1,1,1,1,1,1,1,1,1,1,1,6),(-1.,
-0.95,-0.9,-0.85,-0.8,-0.75,-0.7,-0.65,-0.6,-0.55,-0.5,-0.45,-0.4,-0.35,
-0.3,-0.25,-0.2,-0.15,-0.1,-0.05,0.),.UNSPECIFIED.)
CURVE()
GEOMETRIC_REPRESENTATION_ITEM()
RATIONAL_B_SPLINE_CURVE((1.,1.,1.,1.,1.,1.,1.,1.,1.,1.,1.,1.,1.,1.,1.,1.,
1.,1.,1.,1.,1.,1.,1.,1.,1.))
REPRESENTATION_ITEM('')
);
#607=(
BOUNDED_CURVE()
B_SPLINE_CURVE(5,(#9142,#9143,#9144,#9145,#9146,#9147,#9148,#9149,#9150,
#9151,#9152,#9153,#9154,#9155,#9156,#9157,#9158,#9159,#9160,#9161,#9162,
#9163,#9164,#9165,#9166),.UNSPECIFIED.,.F.,.F.)
B_SPLINE_CURVE_WITH_KNOTS((6,1,1,1,1,1,1,1,1,1,1,1,1,1,1,1,1,1,1,1,6),(0.,
0.05,0.1,0.15,0.2,0.25,0.3,0.35,0.4,0.45,0.5,0.55,0.6,0.65,0.7,0.75,0.8,
0.85,0.9,0.95,1.),.UNSPECIFIED.)
CURVE()
GEOMETRIC_REPRESENTATION_ITEM()
RATIONAL_B_SPLINE_CURVE((1.,1.,1.,1.,1.,1.,1.,1.,1.,1.,1.,1.,1.,1.,1.,1.,
1.,1.,1.,1.,1.,1.,1.,1.,1.))
REPRESENTATION_ITEM('')
);
#608=(
BOUNDED_CURVE()
B_SPLINE_CURVE(5,(#9168,#9169,#9170,#9171,#9172,#9173,#9174,#9175,#9176,
#9177,#9178,#9179,#9180,#9181,#9182,#9183,#9184,#9185,#9186,#9187,#9188,
#9189,#9190,#9191,#9192),.UNSPECIFIED.,.F.,.F.)
B_SPLINE_CURVE_WITH_KNOTS((6,1,1,1,1,1,1,1,1,1,1,1,1,1,1,1,1,1,1,1,6),(0.,
0.05,0.1,0.15,0.2,0.25,0.3,0.35,0.4,0.45,0.5,0.55,0.6,0.65,0.7,0.75,0.8,
0.85,0.9,0.95,1.),.UNSPECIFIED.)
CURVE()
GEOMETRIC_REPRESENTATION_ITEM()
RATIONAL_B_SPLINE_CURVE((1.,1.,1.,1.,1.,1.,1.,1.,1.,1.,1.,1.,1.,1.,1.,1.,
1.,1.,1.,1.,1.,1.,1.,1.,1.))
REPRESENTATION_ITEM('')
);
#609=(
BOUNDED_CURVE()
B_SPLINE_CURVE(5,(#9360,#9361,#9362,#9363,#9364,#9365,#9366,#9367,#9368,
#9369,#9370,#9371,#9372,#9373,#9374),.UNSPECIFIED.,.F.,.F.)
B_SPLINE_CURVE_WITH_KNOTS((6,1,1,1,1,1,1,1,1,1,6),(0.,0.1,0.2,0.3,0.4,0.5,
0.6,0.7,0.8,0.9,0.995295016494551),.UNSPECIFIED.)
CURVE()
GEOMETRIC_REPRESENTATION_ITEM()
RATIONAL_B_SPLINE_CURVE((1.,1.,1.,1.,1.,1.,1.,1.,1.,1.,1.,1.,1.,1.,1.))
REPRESENTATION_ITEM('')
);
#610=(
BOUNDED_CURVE()
B_SPLINE_CURVE(5,(#9376,#9377,#9378,#9379,#9380,#9381,#9382,#9383,#9384,
#9385,#9386,#9387,#9388,#9389,#9390),.UNSPECIFIED.,.F.,.F.)
B_SPLINE_CURVE_WITH_KNOTS((6,1,1,1,1,1,1,1,1,1,6),(0.,0.1,0.2,0.3,0.4,0.5,
0.6,0.7,0.8,0.9,0.995295016494551),.UNSPECIFIED.)
CURVE()
GEOMETRIC_REPRESENTATION_ITEM()
RATIONAL_B_SPLINE_CURVE((1.,1.,1.,1.,1.,1.,1.,1.,1.,1.,1.,1.,1.,1.,1.))
REPRESENTATION_ITEM('')
);
#611=ITEM_DEFINED_TRANSFORMATION($,$,#5425,#5438);
#612=ITEM_DEFINED_TRANSFORMATION($,$,#5441,#5755);
#613=ITEM_DEFINED_TRANSFORMATION($,$,#5564,#5756);
#614=ITEM_DEFINED_TRANSFORMATION($,$,#5687,#5757);
#615=ITEM_DEFINED_TRANSFORMATION($,$,#5759,#5926);
#616=ITEM_DEFINED_TRANSFORMATION($,$,#5785,#5927);
#617=ITEM_DEFINED_TRANSFORMATION($,$,#5832,#5928);
#618=ITEM_DEFINED_TRANSFORMATION($,$,#5858,#5929);
#619=ITEM_DEFINED_TRANSFORMATION($,$,#5440,#5930);
#620=ITEM_DEFINED_TRANSFORMATION($,$,#5758,#5931);
#621=ITEM_DEFINED_TRANSFORMATION($,$,#5759,#5932);
#622=ITEM_DEFINED_TRANSFORMATION($,$,#5832,#5933);
#623=ITEM_DEFINED_TRANSFORMATION($,$,#5785,#5934);
#624=ITEM_DEFINED_TRANSFORMATION($,$,#5441,#5935);
#625=ITEM_DEFINED_TRANSFORMATION($,$,#5564,#5936);
#626=ITEM_DEFINED_TRANSFORMATION($,$,#5687,#5937);
#627=ITEM_DEFINED_TRANSFORMATION($,$,#5858,#5938);
#628=ITEM_DEFINED_TRANSFORMATION($,$,#5424,#5939);
#629=ITEM_DEFINED_TRANSFORMATION($,$,#5439,#5940);
#630=(
REPRESENTATION_RELATIONSHIP($,$,#9671,#9670)
REPRESENTATION_RELATIONSHIP_WITH_TRANSFORMATION(#611)
SHAPE_REPRESENTATION_RELATIONSHIP()
);
#631=(
REPRESENTATION_RELATIONSHIP($,$,#9674,#9673)
REPRESENTATION_RELATIONSHIP_WITH_TRANSFORMATION(#612)
SHAPE_REPRESENTATION_RELATIONSHIP()
);
#632=(
REPRESENTATION_RELATIONSHIP($,$,#9675,#9673)
REPRESENTATION_RELATIONSHIP_WITH_TRANSFORMATION(#613)
SHAPE_REPRESENTATION_RELATIONSHIP()
);
#633=(
REPRESENTATION_RELATIONSHIP($,$,#9676,#9673)
REPRESENTATION_RELATIONSHIP_WITH_TRANSFORMATION(#614)
SHAPE_REPRESENTATION_RELATIONSHIP()
);
#634=(
REPRESENTATION_RELATIONSHIP($,$,#9678,#9677)
REPRESENTATION_RELATIONSHIP_WITH_TRANSFORMATION(#615)
SHAPE_REPRESENTATION_RELATIONSHIP()
);
#635=(
REPRESENTATION_RELATIONSHIP($,$,#9679,#9677)
REPRESENTATION_RELATIONSHIP_WITH_TRANSFORMATION(#616)
SHAPE_REPRESENTATION_RELATIONSHIP()
);
#636=(
REPRESENTATION_RELATIONSHIP($,$,#9680,#9677)
REPRESENTATION_RELATIONSHIP_WITH_TRANSFORMATION(#617)
SHAPE_REPRESENTATION_RELATIONSHIP()
);
#637=(
REPRESENTATION_RELATIONSHIP($,$,#9681,#9677)
REPRESENTATION_RELATIONSHIP_WITH_TRANSFORMATION(#618)
SHAPE_REPRESENTATION_RELATIONSHIP()
);
#638=(
REPRESENTATION_RELATIONSHIP($,$,#9673,#9672)
REPRESENTATION_RELATIONSHIP_WITH_TRANSFORMATION(#619)
SHAPE_REPRESENTATION_RELATIONSHIP()
);
#639=(
REPRESENTATION_RELATIONSHIP($,$,#9677,#9672)
REPRESENTATION_RELATIONSHIP_WITH_TRANSFORMATION(#620)
SHAPE_REPRESENTATION_RELATIONSHIP()
);
#640=(
REPRESENTATION_RELATIONSHIP($,$,#9678,#9669)
REPRESENTATION_RELATIONSHIP_WITH_TRANSFORMATION(#621)
SHAPE_REPRESENTATION_RELATIONSHIP()
);
#641=(
REPRESENTATION_RELATIONSHIP($,$,#9680,#9669)
REPRESENTATION_RELATIONSHIP_WITH_TRANSFORMATION(#622)
SHAPE_REPRESENTATION_RELATIONSHIP()
);
#642=(
REPRESENTATION_RELATIONSHIP($,$,#9679,#9669)
REPRESENTATION_RELATIONSHIP_WITH_TRANSFORMATION(#623)
SHAPE_REPRESENTATION_RELATIONSHIP()
);
#643=(
REPRESENTATION_RELATIONSHIP($,$,#9674,#9669)
REPRESENTATION_RELATIONSHIP_WITH_TRANSFORMATION(#624)
SHAPE_REPRESENTATION_RELATIONSHIP()
);
#644=(
REPRESENTATION_RELATIONSHIP($,$,#9675,#9669)
REPRESENTATION_RELATIONSHIP_WITH_TRANSFORMATION(#625)
SHAPE_REPRESENTATION_RELATIONSHIP()
);
#645=(
REPRESENTATION_RELATIONSHIP($,$,#9676,#9669)
REPRESENTATION_RELATIONSHIP_WITH_TRANSFORMATION(#626)
SHAPE_REPRESENTATION_RELATIONSHIP()
);
#646=(
REPRESENTATION_RELATIONSHIP($,$,#9681,#9669)
REPRESENTATION_RELATIONSHIP_WITH_TRANSFORMATION(#627)
SHAPE_REPRESENTATION_RELATIONSHIP()
);
#647=(
REPRESENTATION_RELATIONSHIP($,$,#9670,#9669)
REPRESENTATION_RELATIONSHIP_WITH_TRANSFORMATION(#628)
SHAPE_REPRESENTATION_RELATIONSHIP()
);
#648=(
REPRESENTATION_RELATIONSHIP($,$,#9672,#9669)
REPRESENTATION_RELATIONSHIP_WITH_TRANSFORMATION(#629)
SHAPE_REPRESENTATION_RELATIONSHIP()
);
#649=CONTEXT_DEPENDENT_SHAPE_REPRESENTATION(#630,#9640);
#650=CONTEXT_DEPENDENT_SHAPE_REPRESENTATION(#631,#9646);
#651=CONTEXT_DEPENDENT_SHAPE_REPRESENTATION(#632,#9647);
#652=CONTEXT_DEPENDENT_SHAPE_REPRESENTATION(#633,#9648);
#653=CONTEXT_DEPENDENT_SHAPE_REPRESENTATION(#634,#9654);
#654=CONTEXT_DEPENDENT_SHAPE_REPRESENTATION(#635,#9655);
#655=CONTEXT_DEPENDENT_SHAPE_REPRESENTATION(#636,#9656);
#656=CONTEXT_DEPENDENT_SHAPE_REPRESENTATION(#637,#9657);
#657=CONTEXT_DEPENDENT_SHAPE_REPRESENTATION(#638,#9658);
#658=CONTEXT_DEPENDENT_SHAPE_REPRESENTATION(#639,#9659);
#659=CONTEXT_DEPENDENT_SHAPE_REPRESENTATION(#640,#9660);
#660=CONTEXT_DEPENDENT_SHAPE_REPRESENTATION(#641,#9661);
#661=CONTEXT_DEPENDENT_SHAPE_REPRESENTATION(#642,#9662);
#662=CONTEXT_DEPENDENT_SHAPE_REPRESENTATION(#643,#9663);
#663=CONTEXT_DEPENDENT_SHAPE_REPRESENTATION(#644,#9664);
#664=CONTEXT_DEPENDENT_SHAPE_REPRESENTATION(#645,#9665);
#665=CONTEXT_DEPENDENT_SHAPE_REPRESENTATION(#646,#9666);
#666=CONTEXT_DEPENDENT_SHAPE_REPRESENTATION(#647,#9667);
#667=CONTEXT_DEPENDENT_SHAPE_REPRESENTATION(#648,#9668);
#668=NEXT_ASSEMBLY_USAGE_OCCURRENCE('Plywood:1','Plywood:1','Plywood:1',
#9684,#9685,'Plywood:1');
#669=NEXT_ASSEMBLY_USAGE_OCCURRENCE('Top:4','Top:4','Top:4',#9687,#9688,
'Top:4');
#670=NEXT_ASSEMBLY_USAGE_OCCURRENCE('TOP 2:3','TOP 2:3','TOP 2:3',#9687,
#9689,'TOP 2:3');
#671=NEXT_ASSEMBLY_USAGE_OCCURRENCE('TOP 3:6','TOP 3:6','TOP 3:6',#9687,
#9690,'TOP 3:6');
#672=NEXT_ASSEMBLY_USAGE_OCCURRENCE('Vertical Legs:4','Vertical Legs:4',
'Vertical Legs:4',#9691,#9692,'Vertical Legs:4');
#673=NEXT_ASSEMBLY_USAGE_OCCURRENCE('Horizontal Piece:4',
'Horizontal Piece:4','Horizontal Piece:4',#9691,#9693,
'Horizontal Piece:4');
#674=NEXT_ASSEMBLY_USAGE_OCCURRENCE('Vertical Piece 2:3',
'Vertical Piece 2:3','Vertical Piece 2:3',#9691,#9694,
'Vertical Piece 2:3');
#675=NEXT_ASSEMBLY_USAGE_OCCURRENCE('TOP 4:6','TOP 4:6','TOP 4:6',#9691,
#9695,'TOP 4:6');
#676=NEXT_ASSEMBLY_USAGE_OCCURRENCE('Envelope1(Qty: 1):1',
'Envelope1(Qty: 1):1','Envelope1(Qty: 1):1',#9686,#9687,
'Envelope1(Qty: 1):1');
#677=NEXT_ASSEMBLY_USAGE_OCCURRENCE('Envelope2(Qty: 1):1',
'Envelope2(Qty: 1):1','Envelope2(Qty: 1):1',#9686,#9691,
'Envelope2(Qty: 1):1');
#678=NEXT_ASSEMBLY_USAGE_OCCURRENCE('Vertical Legs:1','Vertical Legs:1',
'Vertical Legs:1',#9683,#9692,'Vertical Legs:1');
#679=NEXT_ASSEMBLY_USAGE_OCCURRENCE('Vertical Piece 2:1',
'Vertical Piece 2:1','Vertical Piece 2:1',#9683,#9694,
'Vertical Piece 2:1');
#680=NEXT_ASSEMBLY_USAGE_OCCURRENCE('Horizontal Piece:1',
'Horizontal Piece:1','Horizontal Piece:1',#9683,#9693,
'Horizontal Piece:1');
#681=NEXT_ASSEMBLY_USAGE_OCCURRENCE('Top:1','Top:1','Top:1',#9683,#9688,
'Top:1');
#682=NEXT_ASSEMBLY_USAGE_OCCURRENCE('TOP 2:1','TOP 2:1','TOP 2:1',#9683,
#9689,'TOP 2:1');
#683=NEXT_ASSEMBLY_USAGE_OCCURRENCE('TOP 3:1','TOP 3:1','TOP 3:1',#9683,
#9690,'TOP 3:1');
#684=NEXT_ASSEMBLY_USAGE_OCCURRENCE('TOP 4:1','TOP 4:1','TOP 4:1',#9683,
#9695,'TOP 4:1');
#685=NEXT_ASSEMBLY_USAGE_OCCURRENCE('CNC:1','CNC:1','CNC:1',#9683,#9684,
'CNC:1');
#686=NEXT_ASSEMBLY_USAGE_OCCURRENCE('Arrange1:1','Arrange1:1',
'Arrange1:1',#9683,#9686,'Arrange1:1');
#687=SHAPE_REPRESENTATION_RELATIONSHIP('SRR','None',#9671,#695);
#688=SHAPE_REPRESENTATION_RELATIONSHIP('SRR','None',#9674,#696);
#689=SHAPE_REPRESENTATION_RELATIONSHIP('SRR','None',#9675,#697);
#690=SHAPE_REPRESENTATION_RELATIONSHIP('SRR','None',#9676,#698);
#691=SHAPE_REPRESENTATION_RELATIONSHIP('SRR','None',#9678,#699);
#692=SHAPE_REPRESENTATION_RELATIONSHIP('SRR','None',#9679,#700);
#693=SHAPE_REPRESENTATION_RELATIONSHIP('SRR','None',#9680,#701);
#694=SHAPE_REPRESENTATION_RELATIONSHIP('SRR','None',#9681,#702);
#695=ADVANCED_BREP_SHAPE_REPRESENTATION('',(#712,#713),#9605);
#696=ADVANCED_BREP_SHAPE_REPRESENTATION('',(#714),#9608);
#697=ADVANCED_BREP_SHAPE_REPRESENTATION('',(#715),#9609);
#698=ADVANCED_BREP_SHAPE_REPRESENTATION('',(#716),#9610);
#699=ADVANCED_BREP_SHAPE_REPRESENTATION('',(#717),#9612);
#700=ADVANCED_BREP_SHAPE_REPRESENTATION('',(#718),#9613);
#701=ADVANCED_BREP_SHAPE_REPRESENTATION('',(#719),#9614);
#702=ADVANCED_BREP_SHAPE_REPRESENTATION('',(#720),#9615);
#703=STYLED_ITEM('',(#9738),#712);
#704=STYLED_ITEM('',(#9738),#713);
#705=STYLED_ITEM('',(#9738),#714);
#706=STYLED_ITEM('',(#9738),#715);
#707=STYLED_ITEM('',(#9738),#716);
#708=STYLED_ITEM('',(#9738),#717);
#709=STYLED_ITEM('',(#9738),#718);
#710=STYLED_ITEM('',(#9738),#719);
#711=STYLED_ITEM('',(#9738),#720);
#712=MANIFOLD_SOLID_BREP('Body2',#5325);
#713=MANIFOLD_SOLID_BREP('Body1',#5326);
#714=MANIFOLD_SOLID_BREP('Body2',#5327);
#715=MANIFOLD_SOLID_BREP('Body1',#5328);
#716=MANIFOLD_SOLID_BREP('Body1',#5329);
#717=MANIFOLD_SOLID_BREP('Body1',#5330);
#718=MANIFOLD_SOLID_BREP('Body2',#5331);
#719=MANIFOLD_SOLID_BREP('Body1',#5332);
#720=MANIFOLD_SOLID_BREP('Body1',#5333);
#721=FACE_OUTER_BOUND('',#975,.T.);
#722=FACE_OUTER_BOUND('',#976,.T.);
#723=FACE_OUTER_BOUND('',#977,.T.);
#724=FACE_OUTER_BOUND('',#978,.T.);
#725=FACE_OUTER_BOUND('',#979,.T.);
#726=FACE_OUTER_BOUND('',#980,.T.);
#727=FACE_OUTER_BOUND('',#981,.T.);
#728=FACE_OUTER_BOUND('',#982,.T.);
#729=FACE_OUTER_BOUND('',#983,.T.);
#730=FACE_OUTER_BOUND('',#984,.T.);
#731=FACE_OUTER_BOUND('',#985,.T.);
#732=FACE_OUTER_BOUND('',#986,.T.);
#733=FACE_OUTER_BOUND('',#987,.T.);
#734=FACE_OUTER_BOUND('',#988,.T.);
#735=FACE_OUTER_BOUND('',#989,.T.);
#736=FACE_OUTER_BOUND('',#990,.T.);
#737=FACE_OUTER_BOUND('',#991,.T.);
#738=FACE_OUTER_BOUND('',#992,.T.);
#739=FACE_OUTER_BOUND('',#993,.T.);
#740=FACE_OUTER_BOUND('',#994,.T.);
#741=FACE_OUTER_BOUND('',#995,.T.);
#742=FACE_OUTER_BOUND('',#996,.T.);
#743=FACE_OUTER_BOUND('',#997,.T.);
#744=FACE_OUTER_BOUND('',#998,.T.);
#745=FACE_OUTER_BOUND('',#999,.T.);
#746=FACE_OUTER_BOUND('',#1000,.T.);
#747=FACE_OUTER_BOUND('',#1001,.T.);
#748=FACE_OUTER_BOUND('',#1020,.T.);
#749=FACE_OUTER_BOUND('',#1024,.T.);
#750=FACE_OUTER_BOUND('',#1025,.T.);
#751=FACE_OUTER_BOUND('',#1026,.T.);
#752=FACE_OUTER_BOUND('',#1027,.T.);
#753=FACE_OUTER_BOUND('',#1028,.T.);
#754=FACE_OUTER_BOUND('',#1029,.T.);
#755=FACE_OUTER_BOUND('',#1030,.T.);
#756=FACE_OUTER_BOUND('',#1031,.T.);
#757=FACE_OUTER_BOUND('',#1032,.T.);
#758=FACE_OUTER_BOUND('',#1033,.T.);
#759=FACE_OUTER_BOUND('',#1034,.T.);
#760=FACE_OUTER_BOUND('',#1035,.T.);
#761=FACE_OUTER_BOUND('',#1036,.T.);
#762=FACE_OUTER_BOUND('',#1037,.T.);
#763=FACE_OUTER_BOUND('',#1038,.T.);
#764=FACE_OUTER_BOUND('',#1039,.T.);
#765=FACE_OUTER_BOUND('',#1040,.T.);
#766=FACE_OUTER_BOUND('',#1041,.T.);
#767=FACE_OUTER_BOUND('',#1042,.T.);
#768=FACE_OUTER_BOUND('',#1043,.T.);
#769=FACE_OUTER_BOUND('',#1044,.T.);
#770=FACE_OUTER_BOUND('',#1045,.T.);
#771=FACE_OUTER_BOUND('',#1046,.T.);
#772=FACE_OUTER_BOUND('',#1047,.T.);
#773=FACE_OUTER_BOUND('',#1048,.T.);
#774=FACE_OUTER_BOUND('',#1049,.T.);
#775=FACE_OUTER_BOUND('',#1050,.T.);
#776=FACE_OUTER_BOUND('',#1051,.T.);
#777=FACE_OUTER_BOUND('',#1052,.T.);
#778=FACE_OUTER_BOUND('',#1053,.T.);
#779=FACE_OUTER_BOUND('',#1054,.T.);
#780=FACE_OUTER_BOUND('',#1055,.T.);
#781=FACE_OUTER_BOUND('',#1056,.T.);
#782=FACE_OUTER_BOUND('',#1057,.T.);
#783=FACE_OUTER_BOUND('',#1058,.T.);
#784=FACE_OUTER_BOUND('',#1059,.T.);
#785=FACE_OUTER_BOUND('',#1060,.T.);
#786=FACE_OUTER_BOUND('',#1061,.T.);
#787=FACE_OUTER_BOUND('',#1062,.T.);
#788=FACE_OUTER_BOUND('',#1063,.T.);
#789=FACE_OUTER_BOUND('',#1064,.T.);
#790=FACE_OUTER_BOUND('',#1065,.T.);
#791=FACE_OUTER_BOUND('',#1066,.T.);
#792=FACE_OUTER_BOUND('',#1095,.T.);
#793=FACE_OUTER_BOUND('',#1103,.T.);
#794=FACE_OUTER_BOUND('',#1104,.T.);
#795=FACE_OUTER_BOUND('',#1105,.T.);
#796=FACE_OUTER_BOUND('',#1106,.T.);
#797=FACE_OUTER_BOUND('',#1107,.T.);
#798=FACE_OUTER_BOUND('',#1108,.T.);
#799=FACE_OUTER_BOUND('',#1109,.T.);
#800=FACE_OUTER_BOUND('',#1110,.T.);
#801=FACE_OUTER_BOUND('',#1111,.T.);
#802=FACE_OUTER_BOUND('',#1112,.T.);
#803=FACE_OUTER_BOUND('',#1113,.T.);
#804=FACE_OUTER_BOUND('',#1114,.T.);
#805=FACE_OUTER_BOUND('',#1115,.T.);
#806=FACE_OUTER_BOUND('',#1116,.T.);
#807=FACE_OUTER_BOUND('',#1117,.T.);
#808=FACE_OUTER_BOUND('',#1121,.T.);
#809=FACE_OUTER_BOUND('',#1140,.T.);
#810=FACE_OUTER_BOUND('',#1148,.T.);
#811=FACE_OUTER_BOUND('',#1149,.T.);
#812=FACE_OUTER_BOUND('',#1150,.T.);
#813=FACE_OUTER_BOUND('',#1151,.T.);
#814=FACE_OUTER_BOUND('',#1152,.T.);
#815=FACE_OUTER_BOUND('',#1153,.T.);
#816=FACE_OUTER_BOUND('',#1154,.T.);
#817=FACE_OUTER_BOUND('',#1155,.T.);
#818=FACE_OUTER_BOUND('',#1156,.T.);
#819=FACE_OUTER_BOUND('',#1157,.T.);
#820=FACE_OUTER_BOUND('',#1158,.T.);
#821=FACE_OUTER_BOUND('',#1159,.T.);
#822=FACE_OUTER_BOUND('',#1160,.T.);
#823=FACE_OUTER_BOUND('',#1161,.T.);
#824=FACE_OUTER_BOUND('',#1162,.T.);
#825=FACE_OUTER_BOUND('',#1163,.T.);
#826=FACE_OUTER_BOUND('',#1164,.T.);
#827=FACE_OUTER_BOUND('',#1165,.T.);
#828=FACE_OUTER_BOUND('',#1166,.T.);
#829=FACE_OUTER_BOUND('',#1167,.T.);
#830=FACE_OUTER_BOUND('',#1168,.T.);
#831=FACE_OUTER_BOUND('',#1169,.T.);
#832=FACE_OUTER_BOUND('',#1170,.T.);
#833=FACE_OUTER_BOUND('',#1171,.T.);
#834=FACE_OUTER_BOUND('',#1172,.T.);
#835=FACE_OUTER_BOUND('',#1173,.T.);
#836=FACE_OUTER_BOUND('',#1174,.T.);
#837=FACE_OUTER_BOUND('',#1175,.T.);
#838=FACE_OUTER_BOUND('',#1176,.T.);
#839=FACE_OUTER_BOUND('',#1177,.T.);
#840=FACE_OUTER_BOUND('',#1178,.T.);
#841=FACE_OUTER_BOUND('',#1179,.T.);
#842=FACE_OUTER_BOUND('',#1180,.T.);
#843=FACE_OUTER_BOUND('',#1181,.T.);
#844=FACE_OUTER_BOUND('',#1182,.T.);
#845=FACE_OUTER_BOUND('',#1183,.T.);
#846=FACE_OUTER_BOUND('',#1184,.T.);
#847=FACE_OUTER_BOUND('',#1185,.T.);
#848=FACE_OUTER_BOUND('',#1186,.T.);
#849=FACE_OUTER_BOUND('',#1187,.T.);
#850=FACE_OUTER_BOUND('',#1188,.T.);
#851=FACE_OUTER_BOUND('',#1189,.T.);
#852=FACE_OUTER_BOUND('',#1190,.T.);
#853=FACE_OUTER_BOUND('',#1219,.T.);
#854=FACE_OUTER_BOUND('',#1220,.T.);
#855=FACE_OUTER_BOUND('',#1221,.T.);
#856=FACE_OUTER_BOUND('',#1222,.T.);
#857=FACE_OUTER_BOUND('',#1223,.T.);
#858=FACE_OUTER_BOUND('',#1224,.T.);
#859=FACE_OUTER_BOUND('',#1225,.T.);
#860=FACE_OUTER_BOUND('',#1226,.T.);
#861=FACE_OUTER_BOUND('',#1227,.T.);
#862=FACE_OUTER_BOUND('',#1228,.T.);
#863=FACE_OUTER_BOUND('',#1229,.T.);
#864=FACE_OUTER_BOUND('',#1230,.T.);
#865=FACE_OUTER_BOUND('',#1231,.T.);
#866=FACE_OUTER_BOUND('',#1232,.T.);
#867=FACE_OUTER_BOUND('',#1233,.T.);
#868=FACE_OUTER_BOUND('',#1234,.T.);
#869=FACE_OUTER_BOUND('',#1235,.T.);
#870=FACE_OUTER_BOUND('',#1236,.T.);
#871=FACE_OUTER_BOUND('',#1237,.T.);
#872=FACE_OUTER_BOUND('',#1238,.T.);
#873=FACE_OUTER_BOUND('',#1239,.T.);
#874=FACE_OUTER_BOUND('',#1240,.T.);
#875=FACE_OUTER_BOUND('',#1241,.T.);
#876=FACE_OUTER_BOUND('',#1242,.T.);
#877=FACE_OUTER_BOUND('',#1243,.T.);
#878=FACE_OUTER_BOUND('',#1244,.T.);
#879=FACE_OUTER_BOUND('',#1245,.T.);
#880=FACE_OUTER_BOUND('',#1246,.T.);
#881=FACE_OUTER_BOUND('',#1266,.T.);
#882=FACE_OUTER_BOUND('',#1286,.T.);
#883=FACE_OUTER_BOUND('',#1287,.T.);
#884=FACE_OUTER_BOUND('',#1288,.T.);
#885=FACE_OUTER_BOUND('',#1289,.T.);
#886=FACE_OUTER_BOUND('',#1290,.T.);
#887=FACE_OUTER_BOUND('',#1291,.T.);
#888=FACE_OUTER_BOUND('',#1292,.T.);
#889=FACE_OUTER_BOUND('',#1293,.T.);
#890=FACE_OUTER_BOUND('',#1294,.T.);
#891=FACE_OUTER_BOUND('',#1295,.T.);
#892=FACE_OUTER_BOUND('',#1296,.T.);
#893=FACE_OUTER_BOUND('',#1297,.T.);
#894=FACE_OUTER_BOUND('',#1298,.T.);
#895=FACE_OUTER_BOUND('',#1299,.T.);
#896=FACE_OUTER_BOUND('',#1300,.T.);
#897=FACE_OUTER_BOUND('',#1306,.T.);
#898=FACE_OUTER_BOUND('',#1312,.T.);
#899=FACE_OUTER_BOUND('',#1313,.T.);
#900=FACE_OUTER_BOUND('',#1314,.T.);
#901=FACE_OUTER_BOUND('',#1315,.T.);
#902=FACE_OUTER_BOUND('',#1316,.T.);
#903=FACE_OUTER_BOUND('',#1317,.T.);
#904=FACE_OUTER_BOUND('',#1318,.T.);
#905=FACE_OUTER_BOUND('',#1319,.T.);
#906=FACE_OUTER_BOUND('',#1320,.T.);
#907=FACE_OUTER_BOUND('',#1321,.T.);
#908=FACE_OUTER_BOUND('',#1322,.T.);
#909=FACE_OUTER_BOUND('',#1323,.T.);
#910=FACE_OUTER_BOUND('',#1324,.T.);
#911=FACE_OUTER_BOUND('',#1325,.T.);
#912=FACE_OUTER_BOUND('',#1326,.T.);
#913=FACE_OUTER_BOUND('',#1327,.T.);
#914=FACE_OUTER_BOUND('',#1328,.T.);
#915=FACE_OUTER_BOUND('',#1329,.T.);
#916=FACE_OUTER_BOUND('',#1330,.T.);
#917=FACE_OUTER_BOUND('',#1331,.T.);
#918=FACE_OUTER_BOUND('',#1332,.T.);
#919=FACE_OUTER_BOUND('',#1333,.T.);
#920=FACE_OUTER_BOUND('',#1334,.T.);
#921=FACE_OUTER_BOUND('',#1335,.T.);
#922=FACE_OUTER_BOUND('',#1336,.T.);
#923=FACE_OUTER_BOUND('',#1337,.T.);
#924=FACE_OUTER_BOUND('',#1338,.T.);
#925=FACE_OUTER_BOUND('',#1339,.T.);
#926=FACE_OUTER_BOUND('',#1340,.T.);
#927=FACE_OUTER_BOUND('',#1341,.T.);
#928=FACE_OUTER_BOUND('',#1342,.T.);
#929=FACE_OUTER_BOUND('',#1345,.T.);
#930=FACE_OUTER_BOUND('',#1348,.T.);
#931=FACE_OUTER_BOUND('',#1349,.T.);
#932=FACE_OUTER_BOUND('',#1350,.T.);
#933=FACE_OUTER_BOUND('',#1351,.T.);
#934=FACE_OUTER_BOUND('',#1352,.T.);
#935=FACE_OUTER_BOUND('',#1353,.T.);
#936=FACE_OUTER_BOUND('',#1354,.T.);
#937=FACE_OUTER_BOUND('',#1355,.T.);
#938=FACE_OUTER_BOUND('',#1356,.T.);
#939=FACE_OUTER_BOUND('',#1357,.T.);
#940=FACE_OUTER_BOUND('',#1358,.T.);
#941=FACE_OUTER_BOUND('',#1359,.T.);
#942=FACE_OUTER_BOUND('',#1360,.T.);
#943=FACE_OUTER_BOUND('',#1361,.T.);
#944=FACE_OUTER_BOUND('',#1362,.T.);
#945=FACE_OUTER_BOUND('',#1368,.T.);
#946=FACE_OUTER_BOUND('',#1374,.T.);
#947=FACE_OUTER_BOUND('',#1375,.T.);
#948=FACE_OUTER_BOUND('',#1376,.T.);
#949=FACE_OUTER_BOUND('',#1377,.T.);
#950=FACE_OUTER_BOUND('',#1378,.T.);
#951=FACE_OUTER_BOUND('',#1379,.T.);
#952=FACE_OUTER_BOUND('',#1380,.T.);
#953=FACE_OUTER_BOUND('',#1381,.T.);
#954=FACE_OUTER_BOUND('',#1382,.T.);
#955=FACE_OUTER_BOUND('',#1383,.T.);
#956=FACE_OUTER_BOUND('',#1384,.T.);
#957=FACE_OUTER_BOUND('',#1385,.T.);
#958=FACE_OUTER_BOUND('',#1386,.T.);
#959=FACE_OUTER_BOUND('',#1387,.T.);
#960=FACE_OUTER_BOUND('',#1388,.T.);
#961=FACE_OUTER_BOUND('',#1389,.T.);
#962=FACE_OUTER_BOUND('',#1390,.T.);
#963=FACE_OUTER_BOUND('',#1391,.T.);
#964=FACE_OUTER_BOUND('',#1392,.T.);
#965=FACE_OUTER_BOUND('',#1393,.T.);
#966=FACE_OUTER_BOUND('',#1394,.T.);
#967=FACE_OUTER_BOUND('',#1395,.T.);
#968=FACE_OUTER_BOUND('',#1396,.T.);
#969=FACE_OUTER_BOUND('',#1397,.T.);
#970=FACE_OUTER_BOUND('',#1398,.T.);
#971=FACE_OUTER_BOUND('',#1399,.T.);
#972=FACE_OUTER_BOUND('',#1400,.T.);
#973=FACE_OUTER_BOUND('',#1401,.T.);
#974=FACE_OUTER_BOUND('',#1421,.T.);
#975=EDGE_LOOP('',(#3525,#3526,#3527,#3528));
#976=EDGE_LOOP('',(#3529,#3530,#3531,#3532));
#977=EDGE_LOOP('',(#3533,#3534,#3535,#3536));
#978=EDGE_LOOP('',(#3537,#3538,#3539,#3540));
#979=EDGE_LOOP('',(#3541,#3542,#3543,#3544));
#980=EDGE_LOOP('',(#3545,#3546,#3547,#3548));
#981=EDGE_LOOP('',(#3549,#3550,#3551,#3552));
#982=EDGE_LOOP('',(#3553,#3554,#3555,#3556));
#983=EDGE_LOOP('',(#3557,#3558,#3559,#3560));
#984=EDGE_LOOP('',(#3561,#3562,#3563,#3564));
#985=EDGE_LOOP('',(#3565,#3566,#3567,#3568));
#986=EDGE_LOOP('',(#3569,#3570,#3571,#3572));
#987=EDGE_LOOP('',(#3573,#3574,#3575,#3576));
#988=EDGE_LOOP('',(#3577,#3578,#3579,#3580));
#989=EDGE_LOOP('',(#3581,#3582,#3583,#3584));
#990=EDGE_LOOP('',(#3585,#3586,#3587,#3588,#3589,#3590,#3591,#3592,#3593,
#3594,#3595,#3596,#3597,#3598,#3599));
#991=EDGE_LOOP('',(#3600,#3601,#3602,#3603));
#992=EDGE_LOOP('',(#3604,#3605,#3606,#3607));
#993=EDGE_LOOP('',(#3608,#3609,#3610,#3611));
#994=EDGE_LOOP('',(#3612,#3613,#3614,#3615));
#995=EDGE_LOOP('',(#3616,#3617,#3618,#3619));
#996=EDGE_LOOP('',(#3620,#3621,#3622,#3623));
#997=EDGE_LOOP('',(#3624,#3625,#3626,#3627));
#998=EDGE_LOOP('',(#3628,#3629,#3630,#3631));
#999=EDGE_LOOP('',(#3632,#3633,#3634,#3635));
#1000=EDGE_LOOP('',(#3636,#3637,#3638,#3639,#3640,#3641,#3642,#3643));
#1001=EDGE_LOOP('',(#3644,#3645,#3646,#3647,#3648,#3649,#3650,#3651));
#1002=EDGE_LOOP('',(#3652));
#1003=EDGE_LOOP('',(#3653));
#1004=EDGE_LOOP('',(#3654));
#1005=EDGE_LOOP('',(#3655));
#1006=EDGE_LOOP('',(#3656));
#1007=EDGE_LOOP('',(#3657));
#1008=EDGE_LOOP('',(#3658));
#1009=EDGE_LOOP('',(#3659));
#1010=EDGE_LOOP('',(#3660));
#1011=EDGE_LOOP('',(#3661));
#1012=EDGE_LOOP('',(#3662,#3663,#3664,#3665,#3666,#3667,#3668,#3669));
#1013=EDGE_LOOP('',(#3670));
#1014=EDGE_LOOP('',(#3671));
#1015=EDGE_LOOP('',(#3672));
#1016=EDGE_LOOP('',(#3673));
#1017=EDGE_LOOP('',(#3674));
#1018=EDGE_LOOP('',(#3675));
#1019=EDGE_LOOP('',(#3676));
#1020=EDGE_LOOP('',(#3677,#3678,#3679,#3680));
#1021=EDGE_LOOP('',(#3681));
#1022=EDGE_LOOP('',(#3682));
#1023=EDGE_LOOP('',(#3683));
#1024=EDGE_LOOP('',(#3684,#3685,#3686,#3687,#3688,#3689,#3690,#3691));
#1025=EDGE_LOOP('',(#3692,#3693,#3694,#3695));
#1026=EDGE_LOOP('',(#3696,#3697,#3698,#3699));
#1027=EDGE_LOOP('',(#3700,#3701,#3702,#3703));
#1028=EDGE_LOOP('',(#3704,#3705,#3706,#3707));
#1029=EDGE_LOOP('',(#3708,#3709,#3710,#3711));
#1030=EDGE_LOOP('',(#3712,#3713,#3714,#3715));
#1031=EDGE_LOOP('',(#3716,#3717,#3718,#3719));
#1032=EDGE_LOOP('',(#3720,#3721,#3722,#3723));
#1033=EDGE_LOOP('',(#3724,#3725,#3726,#3727));
#1034=EDGE_LOOP('',(#3728,#3729,#3730,#3731));
#1035=EDGE_LOOP('',(#3732,#3733,#3734,#3735));
#1036=EDGE_LOOP('',(#3736,#3737,#3738,#3739));
#1037=EDGE_LOOP('',(#3740,#3741,#3742,#3743));
#1038=EDGE_LOOP('',(#3744,#3745,#3746,#3747));
#1039=EDGE_LOOP('',(#3748,#3749,#3750,#3751));
#1040=EDGE_LOOP('',(#3752,#3753,#3754,#3755));
#1041=EDGE_LOOP('',(#3756,#3757,#3758,#3759));
#1042=EDGE_LOOP('',(#3760,#3761,#3762,#3763));
#1043=EDGE_LOOP('',(#3764,#3765,#3766,#3767));
#1044=EDGE_LOOP('',(#3768,#3769,#3770,#3771));
#1045=EDGE_LOOP('',(#3772,#3773,#3774,#3775));
#1046=EDGE_LOOP('',(#3776,#3777,#3778,#3779));
#1047=EDGE_LOOP('',(#3780,#3781,#3782,#3783));
#1048=EDGE_LOOP('',(#3784,#3785,#3786,#3787));
#1049=EDGE_LOOP('',(#3788,#3789,#3790,#3791));
#1050=EDGE_LOOP('',(#3792,#3793,#3794,#3795));
#1051=EDGE_LOOP('',(#3796,#3797,#3798,#3799));
#1052=EDGE_LOOP('',(#3800,#3801,#3802,#3803));
#1053=EDGE_LOOP('',(#3804,#3805,#3806,#3807));
#1054=EDGE_LOOP('',(#3808,#3809,#3810,#3811));
#1055=EDGE_LOOP('',(#3812,#3813,#3814,#3815));
#1056=EDGE_LOOP('',(#3816,#3817,#3818,#3819));
#1057=EDGE_LOOP('',(#3820,#3821,#3822,#3823));
#1058=EDGE_LOOP('',(#3824,#3825,#3826,#3827));
#1059=EDGE_LOOP('',(#3828,#3829,#3830,#3831));
#1060=EDGE_LOOP('',(#3832,#3833,#3834,#3835));
#1061=EDGE_LOOP('',(#3836,#3837,#3838,#3839,#3840,#3841,#3842,#3843));
#1062=EDGE_LOOP('',(#3844,#3845,#3846,#3847));
#1063=EDGE_LOOP('',(#3848,#3849,#3850,#3851));
#1064=EDGE_LOOP('',(#3852,#3853,#3854,#3855));
#1065=EDGE_LOOP('',(#3856,#3857,#3858,#3859));
#1066=EDGE_LOOP('',(#3860,#3861,#3862,#3863,#3864,#3865,#3866,#3867));
#1067=EDGE_LOOP('',(#3868));
#1068=EDGE_LOOP('',(#3869));
#1069=EDGE_LOOP('',(#3870));
#1070=EDGE_LOOP('',(#3871));
#1071=EDGE_LOOP('',(#3872));
#1072=EDGE_LOOP('',(#3873));
#1073=EDGE_LOOP('',(#3874));
#1074=EDGE_LOOP('',(#3875));
#1075=EDGE_LOOP('',(#3876));
#1076=EDGE_LOOP('',(#3877));
#1077=EDGE_LOOP('',(#3878));
#1078=EDGE_LOOP('',(#3879));
#1079=EDGE_LOOP('',(#3880));
#1080=EDGE_LOOP('',(#3881));
#1081=EDGE_LOOP('',(#3882,#3883,#3884,#3885,#3886,#3887,#3888,#3889));
#1082=EDGE_LOOP('',(#3890));
#1083=EDGE_LOOP('',(#3891));
#1084=EDGE_LOOP('',(#3892));
#1085=EDGE_LOOP('',(#3893));
#1086=EDGE_LOOP('',(#3894));
#1087=EDGE_LOOP('',(#3895));
#1088=EDGE_LOOP('',(#3896));
#1089=EDGE_LOOP('',(#3897));
#1090=EDGE_LOOP('',(#3898));
#1091=EDGE_LOOP('',(#3899));
#1092=EDGE_LOOP('',(#3900));
#1093=EDGE_LOOP('',(#3901));
#1094=EDGE_LOOP('',(#3902));
#1095=EDGE_LOOP('',(#3903,#3904,#3905,#3906,#3907,#3908,#3909,#3910,#3911,
#3912,#3913));
#1096=EDGE_LOOP('',(#3914));
#1097=EDGE_LOOP('',(#3915));
#1098=EDGE_LOOP('',(#3916));
#1099=EDGE_LOOP('',(#3917));
#1100=EDGE_LOOP('',(#3918));
#1101=EDGE_LOOP('',(#3919));
#1102=EDGE_LOOP('',(#3920));
#1103=EDGE_LOOP('',(#3921,#3922,#3923,#3924));
#1104=EDGE_LOOP('',(#3925,#3926,#3927,#3928));
#1105=EDGE_LOOP('',(#3929,#3930,#3931,#3932));
#1106=EDGE_LOOP('',(#3933,#3934,#3935,#3936));
#1107=EDGE_LOOP('',(#3937,#3938,#3939,#3940));
#1108=EDGE_LOOP('',(#3941,#3942,#3943,#3944));
#1109=EDGE_LOOP('',(#3945,#3946,#3947,#3948));
#1110=EDGE_LOOP('',(#3949,#3950,#3951,#3952));
#1111=EDGE_LOOP('',(#3953,#3954,#3955,#3956));
#1112=EDGE_LOOP('',(#3957,#3958,#3959,#3960));
#1113=EDGE_LOOP('',(#3961,#3962,#3963,#3964));
#1114=EDGE_LOOP('',(#3965,#3966,#3967,#3968));
#1115=EDGE_LOOP('',(#3969,#3970,#3971,#3972,#3973,#3974,#3975,#3976,#3977,
#3978,#3979,#3980,#3981,#3982,#3983));
#1116=EDGE_LOOP('',(#3984,#3985,#3986,#3987,#3988,#3989,#3990,#3991));
#1117=EDGE_LOOP('',(#3992,#3993,#3994,#3995,#3996,#3997));
#1118=EDGE_LOOP('',(#3998));
#1119=EDGE_LOOP('',(#3999));
#1120=EDGE_LOOP('',(#4000));
#1121=EDGE_LOOP('',(#4001,#4002,#4003,#4004,#4005,#4006,#4007,#4008,#4009,
#4010));
#1122=EDGE_LOOP('',(#4011));
#1123=EDGE_LOOP('',(#4012));
#1124=EDGE_LOOP('',(#4013));
#1125=EDGE_LOOP('',(#4014));
#1126=EDGE_LOOP('',(#4015));
#1127=EDGE_LOOP('',(#4016));
#1128=EDGE_LOOP('',(#4017));
#1129=EDGE_LOOP('',(#4018));
#1130=EDGE_LOOP('',(#4019));
#1131=EDGE_LOOP('',(#4020));
#1132=EDGE_LOOP('',(#4021));
#1133=EDGE_LOOP('',(#4022));
#1134=EDGE_LOOP('',(#4023));
#1135=EDGE_LOOP('',(#4024,#4025,#4026,#4027,#4028,#4029,#4030,#4031));
#1136=EDGE_LOOP('',(#4032));
#1137=EDGE_LOOP('',(#4033));
#1138=EDGE_LOOP('',(#4034));
#1139=EDGE_LOOP('',(#4035));
#1140=EDGE_LOOP('',(#4036,#4037,#4038,#4039,#4040,#4041,#4042,#4043));
#1141=EDGE_LOOP('',(#4044));
#1142=EDGE_LOOP('',(#4045));
#1143=EDGE_LOOP('',(#4046));
#1144=EDGE_LOOP('',(#4047));
#1145=EDGE_LOOP('',(#4048));
#1146=EDGE_LOOP('',(#4049));
#1147=EDGE_LOOP('',(#4050));
#1148=EDGE_LOOP('',(#4051,#4052,#4053,#4054));
#1149=EDGE_LOOP('',(#4055,#4056,#4057,#4058));
#1150=EDGE_LOOP('',(#4059,#4060,#4061,#4062));
#1151=EDGE_LOOP('',(#4063,#4064,#4065,#4066));
#1152=EDGE_LOOP('',(#4067,#4068,#4069,#4070));
#1153=EDGE_LOOP('',(#4071,#4072,#4073,#4074));
#1154=EDGE_LOOP('',(#4075,#4076,#4077,#4078));
#1155=EDGE_LOOP('',(#4079,#4080,#4081,#4082));
#1156=EDGE_LOOP('',(#4083,#4084,#4085,#4086));
#1157=EDGE_LOOP('',(#4087,#4088,#4089,#4090));
#1158=EDGE_LOOP('',(#4091,#4092,#4093,#4094));
#1159=EDGE_LOOP('',(#4095,#4096,#4097,#4098));
#1160=EDGE_LOOP('',(#4099,#4100,#4101,#4102));
#1161=EDGE_LOOP('',(#4103,#4104,#4105,#4106));
#1162=EDGE_LOOP('',(#4107,#4108,#4109,#4110));
#1163=EDGE_LOOP('',(#4111,#4112,#4113,#4114));
#1164=EDGE_LOOP('',(#4115,#4116,#4117,#4118));
#1165=EDGE_LOOP('',(#4119,#4120,#4121,#4122));
#1166=EDGE_LOOP('',(#4123,#4124,#4125,#4126));
#1167=EDGE_LOOP('',(#4127,#4128,#4129,#4130));
#1168=EDGE_LOOP('',(#4131,#4132,#4133,#4134));
#1169=EDGE_LOOP('',(#4135,#4136,#4137,#4138));
#1170=EDGE_LOOP('',(#4139,#4140,#4141,#4142));
#1171=EDGE_LOOP('',(#4143,#4144,#4145,#4146));
#1172=EDGE_LOOP('',(#4147,#4148,#4149,#4150));
#1173=EDGE_LOOP('',(#4151,#4152,#4153,#4154));
#1174=EDGE_LOOP('',(#4155,#4156,#4157,#4158));
#1175=EDGE_LOOP('',(#4159,#4160,#4161,#4162));
#1176=EDGE_LOOP('',(#4163,#4164,#4165,#4166));
#1177=EDGE_LOOP('',(#4167,#4168,#4169,#4170));
#1178=EDGE_LOOP('',(#4171,#4172,#4173,#4174));
#1179=EDGE_LOOP('',(#4175,#4176,#4177,#4178));
#1180=EDGE_LOOP('',(#4179,#4180,#4181,#4182));
#1181=EDGE_LOOP('',(#4183,#4184,#4185,#4186));
#1182=EDGE_LOOP('',(#4187,#4188,#4189,#4190));
#1183=EDGE_LOOP('',(#4191,#4192,#4193,#4194));
#1184=EDGE_LOOP('',(#4195,#4196,#4197,#4198,#4199,#4200,#4201,#4202));
#1185=EDGE_LOOP('',(#4203,#4204,#4205,#4206));
#1186=EDGE_LOOP('',(#4207,#4208,#4209,#4210));
#1187=EDGE_LOOP('',(#4211,#4212,#4213,#4214,#4215,#4216));
#1188=EDGE_LOOP('',(#4217,#4218,#4219,#4220));
#1189=EDGE_LOOP('',(#4221,#4222,#4223,#4224,#4225,#4226,#4227,#4228));
#1190=EDGE_LOOP('',(#4229,#4230,#4231,#4232,#4233,#4234,#4235,#4236,#4237));
#1191=EDGE_LOOP('',(#4238));
#1192=EDGE_LOOP('',(#4239));
#1193=EDGE_LOOP('',(#4240));
#1194=EDGE_LOOP('',(#4241));
#1195=EDGE_LOOP('',(#4242));
#1196=EDGE_LOOP('',(#4243));
#1197=EDGE_LOOP('',(#4244));
#1198=EDGE_LOOP('',(#4245));
#1199=EDGE_LOOP('',(#4246));
#1200=EDGE_LOOP('',(#4247));
#1201=EDGE_LOOP('',(#4248));
#1202=EDGE_LOOP('',(#4249));
#1203=EDGE_LOOP('',(#4250));
#1204=EDGE_LOOP('',(#4251));
#1205=EDGE_LOOP('',(#4252));
#1206=EDGE_LOOP('',(#4253));
#1207=EDGE_LOOP('',(#4254));
#1208=EDGE_LOOP('',(#4255));
#1209=EDGE_LOOP('',(#4256));
#1210=EDGE_LOOP('',(#4257,#4258,#4259,#4260,#4261,#4262,#4263,#4264));
#1211=EDGE_LOOP('',(#4265));
#1212=EDGE_LOOP('',(#4266));
#1213=EDGE_LOOP('',(#4267));
#1214=EDGE_LOOP('',(#4268));
#1215=EDGE_LOOP('',(#4269));
#1216=EDGE_LOOP('',(#4270));
#1217=EDGE_LOOP('',(#4271));
#1218=EDGE_LOOP('',(#4272));
#1219=EDGE_LOOP('',(#4273,#4274,#4275,#4276));
#1220=EDGE_LOOP('',(#4277,#4278,#4279,#4280));
#1221=EDGE_LOOP('',(#4281,#4282,#4283,#4284));
#1222=EDGE_LOOP('',(#4285,#4286,#4287,#4288));
#1223=EDGE_LOOP('',(#4289,#4290,#4291,#4292,#4293,#4294,#4295,#4296));
#1224=EDGE_LOOP('',(#4297,#4298,#4299,#4300));
#1225=EDGE_LOOP('',(#4301,#4302,#4303,#4304));
#1226=EDGE_LOOP('',(#4305,#4306,#4307,#4308));
#1227=EDGE_LOOP('',(#4309,#4310,#4311,#4312));
#1228=EDGE_LOOP('',(#4313,#4314,#4315,#4316));
#1229=EDGE_LOOP('',(#4317,#4318,#4319,#4320));
#1230=EDGE_LOOP('',(#4321,#4322,#4323,#4324));
#1231=EDGE_LOOP('',(#4325,#4326,#4327,#4328));
#1232=EDGE_LOOP('',(#4329,#4330,#4331,#4332));
#1233=EDGE_LOOP('',(#4333,#4334,#4335,#4336));
#1234=EDGE_LOOP('',(#4337,#4338,#4339,#4340));
#1235=EDGE_LOOP('',(#4341,#4342,#4343,#4344));
#1236=EDGE_LOOP('',(#4345,#4346,#4347,#4348));
#1237=EDGE_LOOP('',(#4349,#4350,#4351,#4352));
#1238=EDGE_LOOP('',(#4353,#4354,#4355,#4356));
#1239=EDGE_LOOP('',(#4357,#4358,#4359,#4360));
#1240=EDGE_LOOP('',(#4361,#4362,#4363,#4364));
#1241=EDGE_LOOP('',(#4365,#4366,#4367,#4368));
#1242=EDGE_LOOP('',(#4369,#4370,#4371,#4372));
#1243=EDGE_LOOP('',(#4373,#4374,#4375,#4376));
#1244=EDGE_LOOP('',(#4377,#4378,#4379,#4380));
#1245=EDGE_LOOP('',(#4381,#4382,#4383,#4384));
#1246=EDGE_LOOP('',(#4385,#4386,#4387,#4388));
#1247=EDGE_LOOP('',(#4389));
#1248=EDGE_LOOP('',(#4390));
#1249=EDGE_LOOP('',(#4391));
#1250=EDGE_LOOP('',(#4392));
#1251=EDGE_LOOP('',(#4393));
#1252=EDGE_LOOP('',(#4394));
#1253=EDGE_LOOP('',(#4395));
#1254=EDGE_LOOP('',(#4396));
#1255=EDGE_LOOP('',(#4397));
#1256=EDGE_LOOP('',(#4398));
#1257=EDGE_LOOP('',(#4399));
#1258=EDGE_LOOP('',(#4400));
#1259=EDGE_LOOP('',(#4401));
#1260=EDGE_LOOP('',(#4402));
#1261=EDGE_LOOP('',(#4403));
#1262=EDGE_LOOP('',(#4404));
#1263=EDGE_LOOP('',(#4405));
#1264=EDGE_LOOP('',(#4406));
#1265=EDGE_LOOP('',(#4407));
#1266=EDGE_LOOP('',(#4408,#4409,#4410,#4411,#4412,#4413,#4414,#4415));
#1267=EDGE_LOOP('',(#4416));
#1268=EDGE_LOOP('',(#4417));
#1269=EDGE_LOOP('',(#4418));
#1270=EDGE_LOOP('',(#4419));
#1271=EDGE_LOOP('',(#4420));
#1272=EDGE_LOOP('',(#4421));
#1273=EDGE_LOOP('',(#4422));
#1274=EDGE_LOOP('',(#4423));
#1275=EDGE_LOOP('',(#4424));
#1276=EDGE_LOOP('',(#4425));
#1277=EDGE_LOOP('',(#4426));
#1278=EDGE_LOOP('',(#4427));
#1279=EDGE_LOOP('',(#4428));
#1280=EDGE_LOOP('',(#4429));
#1281=EDGE_LOOP('',(#4430));
#1282=EDGE_LOOP('',(#4431));
#1283=EDGE_LOOP('',(#4432));
#1284=EDGE_LOOP('',(#4433));
#1285=EDGE_LOOP('',(#4434));
#1286=EDGE_LOOP('',(#4435,#4436,#4437,#4438));
#1287=EDGE_LOOP('',(#4439,#4440,#4441,#4442));
#1288=EDGE_LOOP('',(#4443,#4444,#4445,#4446));
#1289=EDGE_LOOP('',(#4447,#4448,#4449,#4450));
#1290=EDGE_LOOP('',(#4451,#4452,#4453,#4454));
#1291=EDGE_LOOP('',(#4455,#4456,#4457,#4458));
#1292=EDGE_LOOP('',(#4459,#4460,#4461,#4462));
#1293=EDGE_LOOP('',(#4463,#4464,#4465,#4466));
#1294=EDGE_LOOP('',(#4467,#4468,#4469,#4470));
#1295=EDGE_LOOP('',(#4471,#4472,#4473,#4474));
#1296=EDGE_LOOP('',(#4475,#4476,#4477,#4478));
#1297=EDGE_LOOP('',(#4479,#4480,#4481,#4482));
#1298=EDGE_LOOP('',(#4483,#4484,#4485,#4486));
#1299=EDGE_LOOP('',(#4487,#4488,#4489,#4490));
#1300=EDGE_LOOP('',(#4491,#4492,#4493,#4494,#4495,#4496,#4497,#4498,#4499));
#1301=EDGE_LOOP('',(#4500));
#1302=EDGE_LOOP('',(#4501));
#1303=EDGE_LOOP('',(#4502));
#1304=EDGE_LOOP('',(#4503));
#1305=EDGE_LOOP('',(#4504));
#1306=EDGE_LOOP('',(#4505,#4506,#4507,#4508,#4509,#4510,#4511,#4512,#4513));
#1307=EDGE_LOOP('',(#4514));
#1308=EDGE_LOOP('',(#4515));
#1309=EDGE_LOOP('',(#4516));
#1310=EDGE_LOOP('',(#4517));
#1311=EDGE_LOOP('',(#4518));
#1312=EDGE_LOOP('',(#4519,#4520,#4521,#4522));
#1313=EDGE_LOOP('',(#4523,#4524,#4525,#4526));
#1314=EDGE_LOOP('',(#4527,#4528,#4529,#4530));
#1315=EDGE_LOOP('',(#4531,#4532,#4533,#4534));
#1316=EDGE_LOOP('',(#4535,#4536,#4537,#4538));
#1317=EDGE_LOOP('',(#4539,#4540,#4541,#4542));
#1318=EDGE_LOOP('',(#4543,#4544,#4545,#4546));
#1319=EDGE_LOOP('',(#4547,#4548,#4549,#4550));
#1320=EDGE_LOOP('',(#4551,#4552,#4553,#4554));
#1321=EDGE_LOOP('',(#4555,#4556,#4557,#4558));
#1322=EDGE_LOOP('',(#4559,#4560,#4561,#4562));
#1323=EDGE_LOOP('',(#4563,#4564,#4565,#4566));
#1324=EDGE_LOOP('',(#4567,#4568,#4569,#4570));
#1325=EDGE_LOOP('',(#4571,#4572,#4573,#4574));
#1326=EDGE_LOOP('',(#4575,#4576,#4577,#4578));
#1327=EDGE_LOOP('',(#4579,#4580,#4581,#4582));
#1328=EDGE_LOOP('',(#4583,#4584,#4585,#4586));
#1329=EDGE_LOOP('',(#4587,#4588,#4589,#4590));
#1330=EDGE_LOOP('',(#4591,#4592,#4593,#4594));
#1331=EDGE_LOOP('',(#4595,#4596,#4597,#4598));
#1332=EDGE_LOOP('',(#4599,#4600,#4601,#4602));
#1333=EDGE_LOOP('',(#4603,#4604,#4605,#4606));
#1334=EDGE_LOOP('',(#4607,#4608,#4609,#4610));
#1335=EDGE_LOOP('',(#4611,#4612,#4613,#4614));
#1336=EDGE_LOOP('',(#4615,#4616,#4617,#4618));
#1337=EDGE_LOOP('',(#4619,#4620,#4621,#4622));
#1338=EDGE_LOOP('',(#4623,#4624,#4625,#4626));
#1339=EDGE_LOOP('',(#4627,#4628,#4629,#4630));
#1340=EDGE_LOOP('',(#4631,#4632,#4633,#4634));
#1341=EDGE_LOOP('',(#4635,#4636,#4637,#4638));
#1342=EDGE_LOOP('',(#4639,#4640,#4641,#4642,#4643,#4644,#4645,#4646,#4647,
#4648,#4649,#4650,#4651,#4652,#4653,#4654,#4655,#4656,#4657,#4658,#4659,
#4660,#4661,#4662,#4663,#4664,#4665,#4666));
#1343=EDGE_LOOP('',(#4667));
#1344=EDGE_LOOP('',(#4668));
#1345=EDGE_LOOP('',(#4669,#4670,#4671,#4672,#4673,#4674,#4675,#4676,#4677,
#4678,#4679,#4680,#4681,#4682,#4683,#4684,#4685,#4686,#4687,#4688,#4689,
#4690,#4691,#4692,#4693,#4694,#4695,#4696));
#1346=EDGE_LOOP('',(#4697));
#1347=EDGE_LOOP('',(#4698));
#1348=EDGE_LOOP('',(#4699,#4700,#4701,#4702));
#1349=EDGE_LOOP('',(#4703,#4704,#4705,#4706));
#1350=EDGE_LOOP('',(#4707,#4708,#4709,#4710));
#1351=EDGE_LOOP('',(#4711,#4712,#4713,#4714));
#1352=EDGE_LOOP('',(#4715,#4716,#4717,#4718));
#1353=EDGE_LOOP('',(#4719,#4720,#4721,#4722));
#1354=EDGE_LOOP('',(#4723,#4724,#4725,#4726));
#1355=EDGE_LOOP('',(#4727,#4728,#4729,#4730));
#1356=EDGE_LOOP('',(#4731,#4732,#4733,#4734));
#1357=EDGE_LOOP('',(#4735,#4736,#4737,#4738));
#1358=EDGE_LOOP('',(#4739,#4740,#4741,#4742));
#1359=EDGE_LOOP('',(#4743,#4744,#4745,#4746));
#1360=EDGE_LOOP('',(#4747,#4748,#4749,#4750));
#1361=EDGE_LOOP('',(#4751,#4752,#4753,#4754));
#1362=EDGE_LOOP('',(#4755,#4756,#4757,#4758,#4759,#4760,#4761,#4762,#4763));
#1363=EDGE_LOOP('',(#4764));
#1364=EDGE_LOOP('',(#4765));
#1365=EDGE_LOOP('',(#4766));
#1366=EDGE_LOOP('',(#4767));
#1367=EDGE_LOOP('',(#4768));
#1368=EDGE_LOOP('',(#4769,#4770,#4771,#4772,#4773,#4774,#4775,#4776,#4777));
#1369=EDGE_LOOP('',(#4778));
#1370=EDGE_LOOP('',(#4779));
#1371=EDGE_LOOP('',(#4780));
#1372=EDGE_LOOP('',(#4781));
#1373=EDGE_LOOP('',(#4782));
#1374=EDGE_LOOP('',(#4783,#4784,#4785,#4786));
#1375=EDGE_LOOP('',(#4787,#4788,#4789,#4790));
#1376=EDGE_LOOP('',(#4791,#4792,#4793,#4794));
#1377=EDGE_LOOP('',(#4795,#4796,#4797,#4798));
#1378=EDGE_LOOP('',(#4799,#4800,#4801,#4802,#4803,#4804,#4805,#4806));
#1379=EDGE_LOOP('',(#4807,#4808,#4809,#4810));
#1380=EDGE_LOOP('',(#4811,#4812,#4813,#4814));
#1381=EDGE_LOOP('',(#4815,#4816,#4817,#4818));
#1382=EDGE_LOOP('',(#4819,#4820,#4821,#4822));
#1383=EDGE_LOOP('',(#4823,#4824,#4825,#4826));
#1384=EDGE_LOOP('',(#4827,#4828,#4829,#4830));
#1385=EDGE_LOOP('',(#4831,#4832,#4833,#4834));
#1386=EDGE_LOOP('',(#4835,#4836,#4837,#4838));
#1387=EDGE_LOOP('',(#4839,#4840,#4841,#4842));
#1388=EDGE_LOOP('',(#4843,#4844,#4845,#4846));
#1389=EDGE_LOOP('',(#4847,#4848,#4849,#4850));
#1390=EDGE_LOOP('',(#4851,#4852,#4853,#4854));
#1391=EDGE_LOOP('',(#4855,#4856,#4857,#4858));
#1392=EDGE_LOOP('',(#4859,#4860,#4861,#4862));
#1393=EDGE_LOOP('',(#4863,#4864,#4865,#4866));
#1394=EDGE_LOOP('',(#4867,#4868,#4869,#4870));
#1395=EDGE_LOOP('',(#4871,#4872,#4873,#4874));
#1396=EDGE_LOOP('',(#4875,#4876,#4877,#4878));
#1397=EDGE_LOOP('',(#4879,#4880,#4881,#4882));
#1398=EDGE_LOOP('',(#4883,#4884,#4885,#4886));
#1399=EDGE_LOOP('',(#4887,#4888,#4889,#4890));
#1400=EDGE_LOOP('',(#4891,#4892,#4893,#4894));
#1401=EDGE_LOOP('',(#4895,#4896,#4897,#4898));
#1402=EDGE_LOOP('',(#4899));
#1403=EDGE_LOOP('',(#4900));
#1404=EDGE_LOOP('',(#4901));
#1405=EDGE_LOOP('',(#4902));
#1406=EDGE_LOOP('',(#4903));
#1407=EDGE_LOOP('',(#4904));
#1408=EDGE_LOOP('',(#4905));
#1409=EDGE_LOOP('',(#4906));
#1410=EDGE_LOOP('',(#4907));
#1411=EDGE_LOOP('',(#4908));
#1412=EDGE_LOOP('',(#4909));
#1413=EDGE_LOOP('',(#4910));
#1414=EDGE_LOOP('',(#4911));
#1415=EDGE_LOOP('',(#4912));
#1416=EDGE_LOOP('',(#4913));
#1417=EDGE_LOOP('',(#4914));
#1418=EDGE_LOOP('',(#4915));
#1419=EDGE_LOOP('',(#4916));
#1420=EDGE_LOOP('',(#4917));
#1421=EDGE_LOOP('',(#4918,#4919,#4920,#4921,#4922,#4923,#4924,#4925));
#1422=EDGE_LOOP('',(#4926));
#1423=EDGE_LOOP('',(#4927));
#1424=EDGE_LOOP('',(#4928));
#1425=EDGE_LOOP('',(#4929));
#1426=EDGE_LOOP('',(#4930));
#1427=EDGE_LOOP('',(#4931));
#1428=EDGE_LOOP('',(#4932));
#1429=EDGE_LOOP('',(#4933));
#1430=EDGE_LOOP('',(#4934));
#1431=EDGE_LOOP('',(#4935));
#1432=EDGE_LOOP('',(#4936));
#1433=EDGE_LOOP('',(#4937));
#1434=EDGE_LOOP('',(#4938));
#1435=EDGE_LOOP('',(#4939));
#1436=EDGE_LOOP('',(#4940));
#1437=EDGE_LOOP('',(#4941));
#1438=EDGE_LOOP('',(#4942));
#1439=EDGE_LOOP('',(#4943));
#1440=EDGE_LOOP('',(#4944));
#1441=LINE('',#7433,#1891);
#1442=LINE('',#7435,#1892);
#1443=LINE('',#7437,#1893);
#1444=LINE('',#7438,#1894);
#1445=LINE('',#7441,#1895);
#1446=LINE('',#7443,#1896);
#1447=LINE('',#7444,#1897);
#1448=LINE('',#7447,#1898);
#1449=LINE('',#7449,#1899);
#1450=LINE('',#7450,#1900);
#1451=LINE('',#7452,#1901);
#1452=LINE('',#7453,#1902);
#1453=LINE('',#7459,#1903);
#1454=LINE('',#7461,#1904);
#1455=LINE('',#7463,#1905);
#1456=LINE('',#7464,#1906);
#1457=LINE('',#7467,#1907);
#1458=LINE('',#7469,#1908);
#1459=LINE('',#7470,#1909);
#1460=LINE('',#7473,#1910);
#1461=LINE('',#7475,#1911);
#1462=LINE('',#7476,#1912);
#1463=LINE('',#7478,#1913);
#1464=LINE('',#7479,#1914);
#1465=LINE('',#7489,#1915);
#1466=LINE('',#7491,#1916);
#1467=LINE('',#7493,#1917);
#1468=LINE('',#7494,#1918);
#1469=LINE('',#7498,#1919);
#1470=LINE('',#7500,#1920);
#1471=LINE('',#7502,#1921);
#1472=LINE('',#7503,#1922);
#1473=LINE('',#7507,#1923);
#1474=LINE('',#7508,#1924);
#1475=LINE('',#7509,#1925);
#1476=LINE('',#7512,#1926);
#1477=LINE('',#7514,#1927);
#1478=LINE('',#7516,#1928);
#1479=LINE('',#7518,#1929);
#1480=LINE('',#7520,#1930);
#1481=LINE('',#7522,#1931);
#1482=LINE('',#7524,#1932);
#1483=LINE('',#7525,#1933);
#1484=LINE('',#7527,#1934);
#1485=LINE('',#7529,#1935);
#1486=LINE('',#7531,#1936);
#1487=LINE('',#7532,#1937);
#1488=LINE('',#7535,#1938);
#1489=LINE('',#7537,#1939);
#1490=LINE('',#7538,#1940);
#1491=LINE('',#7541,#1941);
#1492=LINE('',#7542,#1942);
#1493=LINE('',#7545,#1943);
#1494=LINE('',#7546,#1944);
#1495=LINE('',#7549,#1945);
#1496=LINE('',#7550,#1946);
#1497=LINE('',#7553,#1947);
#1498=LINE('',#7554,#1948);
#1499=LINE('',#7557,#1949);
#1500=LINE('',#7558,#1950);
#1501=LINE('',#7560,#1951);
#1502=LINE('',#7563,#1952);
#1503=LINE('',#7565,#1953);
#1504=LINE('',#7566,#1954);
#1505=LINE('',#7569,#1955);
#1506=LINE('',#7570,#1956);
#1507=LINE('',#7573,#1957);
#1508=LINE('',#7575,#1958);
#1509=LINE('',#7577,#1959);
#1510=LINE('',#7579,#1960);
#1511=LINE('',#7580,#1961);
#1512=LINE('',#7583,#1962);
#1513=LINE('',#7667,#1963);
#1514=LINE('',#7671,#1964);
#1515=LINE('',#7675,#1965);
#1516=LINE('',#7678,#1966);
#1517=LINE('',#7695,#1967);
#1518=LINE('',#7696,#1968);
#1519=LINE('',#7705,#1969);
#1520=LINE('',#7707,#1970);
#1521=LINE('',#7708,#1971);
#1522=LINE('',#7712,#1972);
#1523=LINE('',#7716,#1973);
#1524=LINE('',#7721,#1974);
#1525=LINE('',#7727,#1975);
#1526=LINE('',#7732,#1976);
#1527=LINE('',#7736,#1977);
#1528=LINE('',#7741,#1978);
#1529=LINE('',#7746,#1979);
#1530=LINE('',#7750,#1980);
#1531=LINE('',#7754,#1981);
#1532=LINE('',#7758,#1982);
#1533=LINE('',#7762,#1983);
#1534=LINE('',#7766,#1984);
#1535=LINE('',#7769,#1985);
#1536=LINE('',#7771,#1986);
#1537=LINE('',#7772,#1987);
#1538=LINE('',#7776,#1988);
#1539=LINE('',#7779,#1989);
#1540=LINE('',#7780,#1990);
#1541=LINE('',#7784,#1991);
#1542=LINE('',#7787,#1992);
#1543=LINE('',#7788,#1993);
#1544=LINE('',#7792,#1994);
#1545=LINE('',#7795,#1995);
#1546=LINE('',#7796,#1996);
#1547=LINE('',#7802,#1997);
#1548=LINE('',#7806,#1998);
#1549=LINE('',#7810,#1999);
#1550=LINE('',#7815,#2000);
#1551=LINE('',#7820,#2001);
#1552=LINE('',#7825,#2002);
#1553=LINE('',#7830,#2003);
#1554=LINE('',#7835,#2004);
#1555=LINE('',#7840,#2005);
#1556=LINE('',#7844,#2006);
#1557=LINE('',#7848,#2007);
#1558=LINE('',#7852,#2008);
#1559=LINE('',#7856,#2009);
#1560=LINE('',#7861,#2010);
#1561=LINE('',#7865,#2011);
#1562=LINE('',#7867,#2012);
#1563=LINE('',#7868,#2013);
#1564=LINE('',#7870,#2014);
#1565=LINE('',#7871,#2015);
#1566=LINE('',#7918,#2016);
#1567=LINE('',#7931,#2017);
#1568=LINE('',#7935,#2018);
#1569=LINE('',#8032,#2019);
#1570=LINE('',#8034,#2020);
#1571=LINE('',#8036,#2021);
#1572=LINE('',#8037,#2022);
#1573=LINE('',#8041,#2023);
#1574=LINE('',#8043,#2024);
#1575=LINE('',#8045,#2025);
#1576=LINE('',#8046,#2026);
#1577=LINE('',#8050,#2027);
#1578=LINE('',#8052,#2028);
#1579=LINE('',#8054,#2029);
#1580=LINE('',#8055,#2030);
#1581=LINE('',#8057,#2031);
#1582=LINE('',#8058,#2032);
#1583=LINE('',#8062,#2033);
#1584=LINE('',#8064,#2034);
#1585=LINE('',#8066,#2035);
#1586=LINE('',#8067,#2036);
#1587=LINE('',#8070,#2037);
#1588=LINE('',#8072,#2038);
#1589=LINE('',#8073,#2039);
#1590=LINE('',#8076,#2040);
#1591=LINE('',#8078,#2041);
#1592=LINE('',#8079,#2042);
#1593=LINE('',#8081,#2043);
#1594=LINE('',#8082,#2044);
#1595=LINE('',#8086,#2045);
#1596=LINE('',#8088,#2046);
#1597=LINE('',#8090,#2047);
#1598=LINE('',#8091,#2048);
#1599=LINE('',#8094,#2049);
#1600=LINE('',#8096,#2050);
#1601=LINE('',#8097,#2051);
#1602=LINE('',#8101,#2052);
#1603=LINE('',#8102,#2053);
#1604=LINE('',#8103,#2054);
#1605=LINE('',#8107,#2055);
#1606=LINE('',#8108,#2056);
#1607=LINE('',#8109,#2057);
#1608=LINE('',#8111,#2058);
#1609=LINE('',#8112,#2059);
#1610=LINE('',#8113,#2060);
#1611=LINE('',#8116,#2061);
#1612=LINE('',#8118,#2062);
#1613=LINE('',#8120,#2063);
#1614=LINE('',#8122,#2064);
#1615=LINE('',#8123,#2065);
#1616=LINE('',#8125,#2066);
#1617=LINE('',#8134,#2067);
#1618=LINE('',#8180,#2068);
#1619=LINE('',#8197,#2069);
#1620=LINE('',#8228,#2070);
#1621=LINE('',#8232,#2071);
#1622=LINE('',#8236,#2072);
#1623=LINE('',#8239,#2073);
#1624=LINE('',#8250,#2074);
#1625=LINE('',#8251,#2075);
#1626=LINE('',#8269,#2076);
#1627=LINE('',#8273,#2077);
#1628=LINE('',#8277,#2078);
#1629=LINE('',#8281,#2079);
#1630=LINE('',#8285,#2080);
#1631=LINE('',#8289,#2081);
#1632=LINE('',#8293,#2082);
#1633=LINE('',#8297,#2083);
#1634=LINE('',#8300,#2084);
#1635=LINE('',#8302,#2085);
#1636=LINE('',#8303,#2086);
#1637=LINE('',#8307,#2087);
#1638=LINE('',#8310,#2088);
#1639=LINE('',#8311,#2089);
#1640=LINE('',#8315,#2090);
#1641=LINE('',#8318,#2091);
#1642=LINE('',#8319,#2092);
#1643=LINE('',#8323,#2093);
#1644=LINE('',#8326,#2094);
#1645=LINE('',#8327,#2095);
#1646=LINE('',#8333,#2096);
#1647=LINE('',#8337,#2097);
#1648=LINE('',#8341,#2098);
#1649=LINE('',#8345,#2099);
#1650=LINE('',#8349,#2100);
#1651=LINE('',#8353,#2101);
#1652=LINE('',#8357,#2102);
#1653=LINE('',#8361,#2103);
#1654=LINE('',#8365,#2104);
#1655=LINE('',#8369,#2105);
#1656=LINE('',#8373,#2106);
#1657=LINE('',#8377,#2107);
#1658=LINE('',#8381,#2108);
#1659=LINE('',#8385,#2109);
#1660=LINE('',#8389,#2110);
#1661=LINE('',#8393,#2111);
#1662=LINE('',#8397,#2112);
#1663=LINE('',#8401,#2113);
#1664=LINE('',#8405,#2114);
#1665=LINE('',#8408,#2115);
#1666=LINE('',#8409,#2116);
#1667=LINE('',#8412,#2117);
#1668=LINE('',#8413,#2118);
#1669=LINE('',#8505,#2119);
#1670=LINE('',#8509,#2120);
#1671=LINE('',#8523,#2121);
#1672=LINE('',#8524,#2122);
#1673=LINE('',#8571,#2123);
#1674=LINE('',#8573,#2124);
#1675=LINE('',#8579,#2125);
#1676=LINE('',#8581,#2126);
#1677=LINE('',#8583,#2127);
#1678=LINE('',#8584,#2128);
#1679=LINE('',#8587,#2129);
#1680=LINE('',#8589,#2130);
#1681=LINE('',#8590,#2131);
#1682=LINE('',#8593,#2132);
#1683=LINE('',#8594,#2133);
#1684=LINE('',#8597,#2134);
#1685=LINE('',#8598,#2135);
#1686=LINE('',#8601,#2136);
#1687=LINE('',#8603,#2137);
#1688=LINE('',#8605,#2138);
#1689=LINE('',#8607,#2139);
#1690=LINE('',#8608,#2140);
#1691=LINE('',#8613,#2141);
#1692=LINE('',#8619,#2142);
#1693=LINE('',#8625,#2143);
#1694=LINE('',#8631,#2144);
#1695=LINE('',#8637,#2145);
#1696=LINE('',#8643,#2146);
#1697=LINE('',#8649,#2147);
#1698=LINE('',#8655,#2148);
#1699=LINE('',#8661,#2149);
#1700=LINE('',#8667,#2150);
#1701=LINE('',#8673,#2151);
#1702=LINE('',#8679,#2152);
#1703=LINE('',#8685,#2153);
#1704=LINE('',#8691,#2154);
#1705=LINE('',#8697,#2155);
#1706=LINE('',#8703,#2156);
#1707=LINE('',#8709,#2157);
#1708=LINE('',#8715,#2158);
#1709=LINE('',#8721,#2159);
#1710=LINE('',#8725,#2160);
#1711=LINE('',#8727,#2161);
#1712=LINE('',#8728,#2162);
#1713=LINE('',#8731,#2163);
#1714=LINE('',#8733,#2164);
#1715=LINE('',#8734,#2165);
#1716=LINE('',#8736,#2166);
#1717=LINE('',#8737,#2167);
#1718=LINE('',#8749,#2168);
#1719=LINE('',#8755,#2169);
#1720=LINE('',#8761,#2170);
#1721=LINE('',#8767,#2171);
#1722=LINE('',#8773,#2172);
#1723=LINE('',#8778,#2173);
#1724=LINE('',#8780,#2174);
#1725=LINE('',#8782,#2175);
#1726=LINE('',#8783,#2176);
#1727=LINE('',#8786,#2177);
#1728=LINE('',#8788,#2178);
#1729=LINE('',#8789,#2179);
#1730=LINE('',#8792,#2180);
#1731=LINE('',#8794,#2181);
#1732=LINE('',#8795,#2182);
#1733=LINE('',#8798,#2183);
#1734=LINE('',#8800,#2184);
#1735=LINE('',#8801,#2185);
#1736=LINE('',#8804,#2186);
#1737=LINE('',#8806,#2187);
#1738=LINE('',#8807,#2188);
#1739=LINE('',#8870,#2189);
#1740=LINE('',#8873,#2190);
#1741=LINE('',#8875,#2191);
#1742=LINE('',#8876,#2192);
#1743=LINE('',#8879,#2193);
#1744=LINE('',#8881,#2194);
#1745=LINE('',#8882,#2195);
#1746=LINE('',#8884,#2196);
#1747=LINE('',#8885,#2197);
#1748=LINE('',#8893,#2198);
#1749=LINE('',#8899,#2199);
#1750=LINE('',#8906,#2200);
#1751=LINE('',#8909,#2201);
#1752=LINE('',#8912,#2202);
#1753=LINE('',#8914,#2203);
#1754=LINE('',#8915,#2204);
#1755=LINE('',#8918,#2205);
#1756=LINE('',#8920,#2206);
#1757=LINE('',#8921,#2207);
#1758=LINE('',#8924,#2208);
#1759=LINE('',#8926,#2209);
#1760=LINE('',#8927,#2210);
#1761=LINE('',#8930,#2211);
#1762=LINE('',#8932,#2212);
#1763=LINE('',#8933,#2213);
#1764=LINE('',#8936,#2214);
#1765=LINE('',#8938,#2215);
#1766=LINE('',#8939,#2216);
#1767=LINE('',#8942,#2217);
#1768=LINE('',#8944,#2218);
#1769=LINE('',#8945,#2219);
#1770=LINE('',#8951,#2220);
#1771=LINE('',#8954,#2221);
#1772=LINE('',#8956,#2222);
#1773=LINE('',#8957,#2223);
#1774=LINE('',#8963,#2224);
#1775=LINE('',#9066,#2225);
#1776=LINE('',#9069,#2226);
#1777=LINE('',#9071,#2227);
#1778=LINE('',#9072,#2228);
#1779=LINE('',#9075,#2229);
#1780=LINE('',#9077,#2230);
#1781=LINE('',#9078,#2231);
#1782=LINE('',#9081,#2232);
#1783=LINE('',#9083,#2233);
#1784=LINE('',#9084,#2234);
#1785=LINE('',#9087,#2235);
#1786=LINE('',#9089,#2236);
#1787=LINE('',#9090,#2237);
#1788=LINE('',#9193,#2238);
#1789=LINE('',#9199,#2239);
#1790=LINE('',#9202,#2240);
#1791=LINE('',#9204,#2241);
#1792=LINE('',#9205,#2242);
#1793=LINE('',#9211,#2243);
#1794=LINE('',#9214,#2244);
#1795=LINE('',#9216,#2245);
#1796=LINE('',#9217,#2246);
#1797=LINE('',#9220,#2247);
#1798=LINE('',#9222,#2248);
#1799=LINE('',#9223,#2249);
#1800=LINE('',#9226,#2250);
#1801=LINE('',#9228,#2251);
#1802=LINE('',#9229,#2252);
#1803=LINE('',#9232,#2253);
#1804=LINE('',#9234,#2254);
#1805=LINE('',#9235,#2255);
#1806=LINE('',#9238,#2256);
#1807=LINE('',#9240,#2257);
#1808=LINE('',#9241,#2258);
#1809=LINE('',#9244,#2259);
#1810=LINE('',#9246,#2260);
#1811=LINE('',#9247,#2261);
#1812=LINE('',#9253,#2262);
#1813=LINE('',#9256,#2263);
#1814=LINE('',#9258,#2264);
#1815=LINE('',#9259,#2265);
#1816=LINE('',#9261,#2266);
#1817=LINE('',#9262,#2267);
#1818=LINE('',#9270,#2268);
#1819=LINE('',#9276,#2269);
#1820=LINE('',#9282,#2270);
#1821=LINE('',#9288,#2271);
#1822=LINE('',#9294,#2272);
#1823=LINE('',#9299,#2273);
#1824=LINE('',#9301,#2274);
#1825=LINE('',#9303,#2275);
#1826=LINE('',#9304,#2276);
#1827=LINE('',#9307,#2277);
#1828=LINE('',#9309,#2278);
#1829=LINE('',#9310,#2279);
#1830=LINE('',#9313,#2280);
#1831=LINE('',#9315,#2281);
#1832=LINE('',#9316,#2282);
#1833=LINE('',#9319,#2283);
#1834=LINE('',#9321,#2284);
#1835=LINE('',#9322,#2285);
#1836=LINE('',#9325,#2286);
#1837=LINE('',#9327,#2287);
#1838=LINE('',#9328,#2288);
#1839=LINE('',#9391,#2289);
#1840=LINE('',#9394,#2290);
#1841=LINE('',#9396,#2291);
#1842=LINE('',#9397,#2292);
#1843=LINE('',#9400,#2293);
#1844=LINE('',#9402,#2294);
#1845=LINE('',#9403,#2295);
#1846=LINE('',#9405,#2296);
#1847=LINE('',#9406,#2297);
#1848=LINE('',#9413,#2298);
#1849=LINE('',#9415,#2299);
#1850=LINE('',#9417,#2300);
#1851=LINE('',#9418,#2301);
#1852=LINE('',#9421,#2302);
#1853=LINE('',#9423,#2303);
#1854=LINE('',#9424,#2304);
#1855=LINE('',#9427,#2305);
#1856=LINE('',#9428,#2306);
#1857=LINE('',#9431,#2307);
#1858=LINE('',#9432,#2308);
#1859=LINE('',#9435,#2309);
#1860=LINE('',#9437,#2310);
#1861=LINE('',#9439,#2311);
#1862=LINE('',#9441,#2312);
#1863=LINE('',#9442,#2313);
#1864=LINE('',#9447,#2314);
#1865=LINE('',#9453,#2315);
#1866=LINE('',#9459,#2316);
#1867=LINE('',#9465,#2317);
#1868=LINE('',#9471,#2318);
#1869=LINE('',#9477,#2319);
#1870=LINE('',#9483,#2320);
#1871=LINE('',#9489,#2321);
#1872=LINE('',#9495,#2322);
#1873=LINE('',#9501,#2323);
#1874=LINE('',#9507,#2324);
#1875=LINE('',#9513,#2325);
#1876=LINE('',#9519,#2326);
#1877=LINE('',#9525,#2327);
#1878=LINE('',#9531,#2328);
#1879=LINE('',#9537,#2329);
#1880=LINE('',#9543,#2330);
#1881=LINE('',#9549,#2331);
#1882=LINE('',#9555,#2332);
#1883=LINE('',#9560,#2333);
#1884=LINE('',#9562,#2334);
#1885=LINE('',#9564,#2335);
#1886=LINE('',#9565,#2336);
#1887=LINE('',#9567,#2337);
#1888=LINE('',#9568,#2338);
#1889=LINE('',#9570,#2339);
#1890=LINE('',#9571,#2340);
#1891=VECTOR('',#5949,0.393700787401575);
#1892=VECTOR('',#5950,0.393700787401575);
#1893=VECTOR('',#5951,0.393700787401575);
#1894=VECTOR('',#5952,0.393700787401575);
#1895=VECTOR('',#5955,0.393700787401575);
#1896=VECTOR('',#5956,0.393700787401575);
#1897=VECTOR('',#5957,0.393700787401575);
#1898=VECTOR('',#5960,0.393700787401575);
#1899=VECTOR('',#5961,0.393700787401575);
#1900=VECTOR('',#5962,0.393700787401575);
#1901=VECTOR('',#5965,0.393700787401575);
#1902=VECTOR('',#5966,0.393700787401575);
#1903=VECTOR('',#5973,0.393700787401575);
#1904=VECTOR('',#5974,0.393700787401575);
#1905=VECTOR('',#5975,0.393700787401575);
#1906=VECTOR('',#5976,0.393700787401575);
#1907=VECTOR('',#5979,0.393700787401575);
#1908=VECTOR('',#5980,0.393700787401575);
#1909=VECTOR('',#5981,0.393700787401575);
#1910=VECTOR('',#5984,0.393700787401575);
#1911=VECTOR('',#5985,0.393700787401575);
#1912=VECTOR('',#5986,0.393700787401575);
#1913=VECTOR('',#5989,0.393700787401575);
#1914=VECTOR('',#5990,0.393700787401575);
#1915=VECTOR('',#6005,0.393700787401575);
#1916=VECTOR('',#6006,0.393700787401575);
#1917=VECTOR('',#6007,0.393700787401575);
#1918=VECTOR('',#6008,0.393700787401575);
#1919=VECTOR('',#6011,0.393700787401575);
#1920=VECTOR('',#6012,0.393700787401575);
#1921=VECTOR('',#6013,0.393700787401575);
#1922=VECTOR('',#6014,0.393700787401575);
#1923=VECTOR('',#6017,0.393700787401575);
#1924=VECTOR('',#6018,0.393700787401575);
#1925=VECTOR('',#6019,0.393700787401575);
#1926=VECTOR('',#6022,0.393700787401575);
#1927=VECTOR('',#6023,0.393700787401575);
#1928=VECTOR('',#6024,0.393700787401575);
#1929=VECTOR('',#6025,0.393700787401575);
#1930=VECTOR('',#6026,0.393700787401575);
#1931=VECTOR('',#6027,0.393700787401575);
#1932=VECTOR('',#6028,0.393700787401575);
#1933=VECTOR('',#6029,0.393700787401575);
#1934=VECTOR('',#6030,0.393700787401575);
#1935=VECTOR('',#6031,0.393700787401575);
#1936=VECTOR('',#6032,0.393700787401575);
#1937=VECTOR('',#6033,0.393700787401575);
#1938=VECTOR('',#6036,0.393700787401575);
#1939=VECTOR('',#6037,0.393700787401575);
#1940=VECTOR('',#6038,0.393700787401575);
#1941=VECTOR('',#6041,0.393700787401575);
#1942=VECTOR('',#6042,0.393700787401575);
#1943=VECTOR('',#6045,0.393700787401575);
#1944=VECTOR('',#6046,0.393700787401575);
#1945=VECTOR('',#6049,0.393700787401575);
#1946=VECTOR('',#6050,0.393700787401575);
#1947=VECTOR('',#6053,0.393700787401575);
#1948=VECTOR('',#6054,0.393700787401575);
#1949=VECTOR('',#6057,0.393700787401575);
#1950=VECTOR('',#6058,0.393700787401575);
#1951=VECTOR('',#6061,0.393700787401575);
#1952=VECTOR('',#6064,0.393700787401575);
#1953=VECTOR('',#6065,0.393700787401575);
#1954=VECTOR('',#6066,0.393700787401575);
#1955=VECTOR('',#6069,0.393700787401575);
#1956=VECTOR('',#6070,0.393700787401575);
#1957=VECTOR('',#6073,0.393700787401575);
#1958=VECTOR('',#6074,0.393700787401575);
#1959=VECTOR('',#6075,0.393700787401575);
#1960=VECTOR('',#6076,0.393700787401575);
#1961=VECTOR('',#6077,0.393700787401575);
#1962=VECTOR('',#6080,0.393700787401575);
#1963=VECTOR('',#6105,0.393700787401575);
#1964=VECTOR('',#6108,0.393700787401575);
#1965=VECTOR('',#6111,0.393700787401575);
#1966=VECTOR('',#6114,0.393700787401575);
#1967=VECTOR('',#6131,0.393700787401575);
#1968=VECTOR('',#6132,0.393700787401575);
#1969=VECTOR('',#6141,0.393700787401575);
#1970=VECTOR('',#6142,0.393700787401575);
#1971=VECTOR('',#6143,0.393700787401575);
#1972=VECTOR('',#6148,1.375);
#1973=VECTOR('',#6153,1.375);
#1974=VECTOR('',#6158,1.375);
#1975=VECTOR('',#6165,1.375);
#1976=VECTOR('',#6172,1.375);
#1977=VECTOR('',#6177,1.375);
#1978=VECTOR('',#6182,1.375);
#1979=VECTOR('',#6189,1.375);
#1980=VECTOR('',#6194,1.375);
#1981=VECTOR('',#6199,1.375);
#1982=VECTOR('',#6204,1.375);
#1983=VECTOR('',#6209,1.375);
#1984=VECTOR('',#6214,1.375);
#1985=VECTOR('',#6217,0.393700787401575);
#1986=VECTOR('',#6218,0.393700787401575);
#1987=VECTOR('',#6219,0.393700787401575);
#1988=VECTOR('',#6224,0.393700787401575);
#1989=VECTOR('',#6227,0.393700787401575);
#1990=VECTOR('',#6228,0.393700787401575);
#1991=VECTOR('',#6233,0.393700787401575);
#1992=VECTOR('',#6236,0.393700787401575);
#1993=VECTOR('',#6237,0.393700787401575);
#1994=VECTOR('',#6242,0.393700787401575);
#1995=VECTOR('',#6245,0.393700787401575);
#1996=VECTOR('',#6246,0.393700787401575);
#1997=VECTOR('',#6255,1.375);
#1998=VECTOR('',#6260,1.375);
#1999=VECTOR('',#6265,1.375);
#2000=VECTOR('',#6270,1.375);
#2001=VECTOR('',#6277,1.375);
#2002=VECTOR('',#6282,1.375);
#2003=VECTOR('',#6289,1.375);
#2004=VECTOR('',#6294,1.375);
#2005=VECTOR('',#6301,1.375);
#2006=VECTOR('',#6306,1.375);
#2007=VECTOR('',#6311,1.375);
#2008=VECTOR('',#6316,1.375);
#2009=VECTOR('',#6321,1.375);
#2010=VECTOR('',#6326,1.375);
#2011=VECTOR('',#6331,0.393700787401575);
#2012=VECTOR('',#6332,0.393700787401575);
#2013=VECTOR('',#6333,0.393700787401575);
#2014=VECTOR('',#6336,0.393700787401575);
#2015=VECTOR('',#6337,0.393700787401575);
#2016=VECTOR('',#6338,0.393700787401575);
#2017=VECTOR('',#6341,0.393700787401575);
#2018=VECTOR('',#6346,0.393700787401575);
#2019=VECTOR('',#6355,0.393700787401575);
#2020=VECTOR('',#6356,0.393700787401575);
#2021=VECTOR('',#6357,0.393700787401575);
#2022=VECTOR('',#6358,0.393700787401575);
#2023=VECTOR('',#6361,0.393700787401575);
#2024=VECTOR('',#6362,0.393700787401575);
#2025=VECTOR('',#6363,0.393700787401575);
#2026=VECTOR('',#6364,0.393700787401575);
#2027=VECTOR('',#6367,0.393700787401575);
#2028=VECTOR('',#6368,0.393700787401575);
#2029=VECTOR('',#6369,0.393700787401575);
#2030=VECTOR('',#6370,0.393700787401575);
#2031=VECTOR('',#6373,0.393700787401575);
#2032=VECTOR('',#6374,0.393700787401575);
#2033=VECTOR('',#6377,0.393700787401575);
#2034=VECTOR('',#6378,0.393700787401575);
#2035=VECTOR('',#6379,0.393700787401575);
#2036=VECTOR('',#6380,0.393700787401575);
#2037=VECTOR('',#6383,0.393700787401575);
#2038=VECTOR('',#6384,0.393700787401575);
#2039=VECTOR('',#6385,0.393700787401575);
#2040=VECTOR('',#6388,0.393700787401575);
#2041=VECTOR('',#6389,0.393700787401575);
#2042=VECTOR('',#6390,0.393700787401575);
#2043=VECTOR('',#6393,0.393700787401575);
#2044=VECTOR('',#6394,0.393700787401575);
#2045=VECTOR('',#6397,0.393700787401575);
#2046=VECTOR('',#6398,0.393700787401575);
#2047=VECTOR('',#6399,0.393700787401575);
#2048=VECTOR('',#6400,0.393700787401575);
#2049=VECTOR('',#6403,0.393700787401575);
#2050=VECTOR('',#6404,0.393700787401575);
#2051=VECTOR('',#6405,0.393700787401575);
#2052=VECTOR('',#6408,0.393700787401575);
#2053=VECTOR('',#6409,0.393700787401575);
#2054=VECTOR('',#6410,0.393700787401575);
#2055=VECTOR('',#6413,0.393700787401575);
#2056=VECTOR('',#6414,0.393700787401575);
#2057=VECTOR('',#6415,0.393700787401575);
#2058=VECTOR('',#6418,0.393700787401575);
#2059=VECTOR('',#6419,0.393700787401575);
#2060=VECTOR('',#6420,0.393700787401575);
#2061=VECTOR('',#6423,0.393700787401575);
#2062=VECTOR('',#6424,0.393700787401575);
#2063=VECTOR('',#6425,0.393700787401575);
#2064=VECTOR('',#6426,0.393700787401575);
#2065=VECTOR('',#6427,0.393700787401575);
#2066=VECTOR('',#6430,0.393700787401575);
#2067=VECTOR('',#6439,0.393700787401575);
#2068=VECTOR('',#6442,0.393700787401575);
#2069=VECTOR('',#6443,0.393700787401575);
#2070=VECTOR('',#6472,0.393700787401575);
#2071=VECTOR('',#6475,0.393700787401575);
#2072=VECTOR('',#6478,0.393700787401575);
#2073=VECTOR('',#6481,0.393700787401575);
#2074=VECTOR('',#6492,0.393700787401575);
#2075=VECTOR('',#6493,0.393700787401575);
#2076=VECTOR('',#6512,1.375);
#2077=VECTOR('',#6517,1.375);
#2078=VECTOR('',#6522,1.375);
#2079=VECTOR('',#6527,1.375);
#2080=VECTOR('',#6532,1.375);
#2081=VECTOR('',#6537,1.375);
#2082=VECTOR('',#6542,1.375);
#2083=VECTOR('',#6547,1.375);
#2084=VECTOR('',#6550,0.393700787401575);
#2085=VECTOR('',#6551,0.393700787401575);
#2086=VECTOR('',#6552,0.393700787401575);
#2087=VECTOR('',#6557,0.393700787401575);
#2088=VECTOR('',#6560,0.393700787401575);
#2089=VECTOR('',#6561,0.393700787401575);
#2090=VECTOR('',#6566,0.393700787401575);
#2091=VECTOR('',#6569,0.393700787401575);
#2092=VECTOR('',#6570,0.393700787401575);
#2093=VECTOR('',#6575,0.393700787401575);
#2094=VECTOR('',#6578,0.393700787401575);
#2095=VECTOR('',#6579,0.393700787401575);
#2096=VECTOR('',#6588,1.375);
#2097=VECTOR('',#6593,1.375);
#2098=VECTOR('',#6598,1.375);
#2099=VECTOR('',#6603,1.375);
#2100=VECTOR('',#6608,1.375);
#2101=VECTOR('',#6613,1.375);
#2102=VECTOR('',#6618,1.375);
#2103=VECTOR('',#6623,1.375);
#2104=VECTOR('',#6628,1.375);
#2105=VECTOR('',#6633,1.375);
#2106=VECTOR('',#6638,1.375);
#2107=VECTOR('',#6643,1.375);
#2108=VECTOR('',#6648,1.375);
#2109=VECTOR('',#6653,1.375);
#2110=VECTOR('',#6658,1.375);
#2111=VECTOR('',#6663,1.375);
#2112=VECTOR('',#6668,1.375);
#2113=VECTOR('',#6673,1.375);
#2114=VECTOR('',#6678,1.375);
#2115=VECTOR('',#6681,0.393700787401575);
#2116=VECTOR('',#6682,0.393700787401575);
#2117=VECTOR('',#6685,0.393700787401575);
#2118=VECTOR('',#6686,0.393700787401575);
#2119=VECTOR('',#6687,0.393700787401575);
#2120=VECTOR('',#6692,0.393700787401575);
#2121=VECTOR('',#6695,0.393700787401575);
#2122=VECTOR('',#6696,0.393700787401575);
#2123=VECTOR('',#6697,0.393700787401575);
#2124=VECTOR('',#6700,0.393700787401575);
#2125=VECTOR('',#6707,0.393700787401575);
#2126=VECTOR('',#6708,0.393700787401575);
#2127=VECTOR('',#6709,0.393700787401575);
#2128=VECTOR('',#6710,0.393700787401575);
#2129=VECTOR('',#6713,0.393700787401575);
#2130=VECTOR('',#6714,0.393700787401575);
#2131=VECTOR('',#6715,0.393700787401575);
#2132=VECTOR('',#6718,0.393700787401575);
#2133=VECTOR('',#6719,0.393700787401575);
#2134=VECTOR('',#6722,0.393700787401575);
#2135=VECTOR('',#6723,0.393700787401575);
#2136=VECTOR('',#6726,0.393700787401575);
#2137=VECTOR('',#6727,0.393700787401575);
#2138=VECTOR('',#6728,0.393700787401575);
#2139=VECTOR('',#6729,0.393700787401575);
#2140=VECTOR('',#6730,0.393700787401575);
#2141=VECTOR('',#6735,1.375);
#2142=VECTOR('',#6742,1.375);
#2143=VECTOR('',#6749,1.375);
#2144=VECTOR('',#6756,1.375);
#2145=VECTOR('',#6763,1.375);
#2146=VECTOR('',#6770,1.375);
#2147=VECTOR('',#6777,1.375);
#2148=VECTOR('',#6784,1.375);
#2149=VECTOR('',#6791,1.375);
#2150=VECTOR('',#6798,1.375);
#2151=VECTOR('',#6805,1.375);
#2152=VECTOR('',#6812,1.375);
#2153=VECTOR('',#6819,1.375);
#2154=VECTOR('',#6826,1.375);
#2155=VECTOR('',#6833,1.375);
#2156=VECTOR('',#6840,1.375);
#2157=VECTOR('',#6847,1.375);
#2158=VECTOR('',#6854,1.375);
#2159=VECTOR('',#6861,1.375);
#2160=VECTOR('',#6866,0.393700787401575);
#2161=VECTOR('',#6867,0.393700787401575);
#2162=VECTOR('',#6868,0.393700787401575);
#2163=VECTOR('',#6871,0.393700787401575);
#2164=VECTOR('',#6872,0.393700787401575);
#2165=VECTOR('',#6873,0.393700787401575);
#2166=VECTOR('',#6876,0.393700787401575);
#2167=VECTOR('',#6877,0.393700787401575);
#2168=VECTOR('',#6896,4.24999999999999);
#2169=VECTOR('',#6903,5.);
#2170=VECTOR('',#6910,4.5);
#2171=VECTOR('',#6917,4.25);
#2172=VECTOR('',#6924,4.24999999999999);
#2173=VECTOR('',#6929,0.393700787401575);
#2174=VECTOR('',#6930,0.393700787401575);
#2175=VECTOR('',#6931,0.393700787401575);
#2176=VECTOR('',#6932,0.393700787401575);
#2177=VECTOR('',#6935,0.393700787401575);
#2178=VECTOR('',#6936,0.393700787401575);
#2179=VECTOR('',#6937,0.393700787401575);
#2180=VECTOR('',#6940,0.393700787401575);
#2181=VECTOR('',#6941,0.393700787401575);
#2182=VECTOR('',#6942,0.393700787401575);
#2183=VECTOR('',#6945,0.393700787401575);
#2184=VECTOR('',#6946,0.393700787401575);
#2185=VECTOR('',#6947,0.393700787401575);
#2186=VECTOR('',#6950,0.393700787401575);
#2187=VECTOR('',#6951,0.393700787401575);
#2188=VECTOR('',#6952,0.393700787401575);
#2189=VECTOR('',#6953,0.393700787401575);
#2190=VECTOR('',#6956,0.393700787401575);
#2191=VECTOR('',#6957,0.393700787401575);
#2192=VECTOR('',#6958,0.393700787401575);
#2193=VECTOR('',#6961,0.393700787401575);
#2194=VECTOR('',#6962,0.393700787401575);
#2195=VECTOR('',#6963,0.393700787401575);
#2196=VECTOR('',#6966,0.393700787401575);
#2197=VECTOR('',#6967,0.393700787401575);
#2198=VECTOR('',#6978,4.25);
#2199=VECTOR('',#6985,4.25);
#2200=VECTOR('',#6992,0.393700787401575);
#2201=VECTOR('',#6995,0.393700787401575);
#2202=VECTOR('',#6998,0.393700787401575);
#2203=VECTOR('',#6999,0.393700787401575);
#2204=VECTOR('',#7000,0.393700787401575);
#2205=VECTOR('',#7003,0.393700787401575);
#2206=VECTOR('',#7004,0.393700787401575);
#2207=VECTOR('',#7005,0.393700787401575);
#2208=VECTOR('',#7008,0.393700787401575);
#2209=VECTOR('',#7009,0.393700787401575);
#2210=VECTOR('',#7010,0.393700787401575);
#2211=VECTOR('',#7013,0.393700787401575);
#2212=VECTOR('',#7014,0.393700787401575);
#2213=VECTOR('',#7015,0.393700787401575);
#2214=VECTOR('',#7018,0.393700787401575);
#2215=VECTOR('',#7019,0.393700787401575);
#2216=VECTOR('',#7020,0.393700787401575);
#2217=VECTOR('',#7023,0.393700787401575);
#2218=VECTOR('',#7024,0.393700787401575);
#2219=VECTOR('',#7025,0.393700787401575);
#2220=VECTOR('',#7032,0.393700787401575);
#2221=VECTOR('',#7035,0.393700787401575);
#2222=VECTOR('',#7036,0.393700787401575);
#2223=VECTOR('',#7037,0.393700787401575);
#2224=VECTOR('',#7044,0.393700787401575);
#2225=VECTOR('',#7045,0.393700787401575);
#2226=VECTOR('',#7048,0.393700787401575);
#2227=VECTOR('',#7049,0.393700787401575);
#2228=VECTOR('',#7050,0.393700787401575);
#2229=VECTOR('',#7053,0.393700787401575);
#2230=VECTOR('',#7054,0.393700787401575);
#2231=VECTOR('',#7055,0.393700787401575);
#2232=VECTOR('',#7058,0.393700787401575);
#2233=VECTOR('',#7059,0.393700787401575);
#2234=VECTOR('',#7060,0.393700787401575);
#2235=VECTOR('',#7063,0.393700787401575);
#2236=VECTOR('',#7064,0.393700787401575);
#2237=VECTOR('',#7065,0.393700787401575);
#2238=VECTOR('',#7066,0.393700787401575);
#2239=VECTOR('',#7073,0.393700787401575);
#2240=VECTOR('',#7076,0.393700787401575);
#2241=VECTOR('',#7077,0.393700787401575);
#2242=VECTOR('',#7078,0.393700787401575);
#2243=VECTOR('',#7085,0.393700787401575);
#2244=VECTOR('',#7088,0.393700787401575);
#2245=VECTOR('',#7089,0.393700787401575);
#2246=VECTOR('',#7090,0.393700787401575);
#2247=VECTOR('',#7093,0.393700787401575);
#2248=VECTOR('',#7094,0.393700787401575);
#2249=VECTOR('',#7095,0.393700787401575);
#2250=VECTOR('',#7098,0.393700787401575);
#2251=VECTOR('',#7099,0.393700787401575);
#2252=VECTOR('',#7100,0.393700787401575);
#2253=VECTOR('',#7103,0.393700787401575);
#2254=VECTOR('',#7104,0.393700787401575);
#2255=VECTOR('',#7105,0.393700787401575);
#2256=VECTOR('',#7108,0.393700787401575);
#2257=VECTOR('',#7109,0.393700787401575);
#2258=VECTOR('',#7110,0.393700787401575);
#2259=VECTOR('',#7113,0.393700787401575);
#2260=VECTOR('',#7114,0.393700787401575);
#2261=VECTOR('',#7115,0.393700787401575);
#2262=VECTOR('',#7122,0.393700787401575);
#2263=VECTOR('',#7125,0.393700787401575);
#2264=VECTOR('',#7126,0.393700787401575);
#2265=VECTOR('',#7127,0.393700787401575);
#2266=VECTOR('',#7130,0.393700787401575);
#2267=VECTOR('',#7131,0.393700787401575);
#2268=VECTOR('',#7142,4.24999999999999);
#2269=VECTOR('',#7149,4.24999999999999);
#2270=VECTOR('',#7156,4.5);
#2271=VECTOR('',#7163,5.);
#2272=VECTOR('',#7170,4.25);
#2273=VECTOR('',#7175,0.393700787401575);
#2274=VECTOR('',#7176,0.393700787401575);
#2275=VECTOR('',#7177,0.393700787401575);
#2276=VECTOR('',#7178,0.393700787401575);
#2277=VECTOR('',#7181,0.393700787401575);
#2278=VECTOR('',#7182,0.393700787401575);
#2279=VECTOR('',#7183,0.393700787401575);
#2280=VECTOR('',#7186,0.393700787401575);
#2281=VECTOR('',#7187,0.393700787401575);
#2282=VECTOR('',#7188,0.393700787401575);
#2283=VECTOR('',#7191,0.393700787401575);
#2284=VECTOR('',#7192,0.393700787401575);
#2285=VECTOR('',#7193,0.393700787401575);
#2286=VECTOR('',#7196,0.393700787401575);
#2287=VECTOR('',#7197,0.393700787401575);
#2288=VECTOR('',#7198,0.393700787401575);
#2289=VECTOR('',#7199,0.393700787401575);
#2290=VECTOR('',#7202,0.393700787401575);
#2291=VECTOR('',#7203,0.393700787401575);
#2292=VECTOR('',#7204,0.393700787401575);
#2293=VECTOR('',#7207,0.393700787401575);
#2294=VECTOR('',#7208,0.393700787401575);
#2295=VECTOR('',#7209,0.393700787401575);
#2296=VECTOR('',#7212,0.393700787401575);
#2297=VECTOR('',#7213,0.393700787401575);
#2298=VECTOR('',#7222,0.393700787401575);
#2299=VECTOR('',#7223,0.393700787401575);
#2300=VECTOR('',#7224,0.393700787401575);
#2301=VECTOR('',#7225,0.393700787401575);
#2302=VECTOR('',#7228,0.393700787401575);
#2303=VECTOR('',#7229,0.393700787401575);
#2304=VECTOR('',#7230,0.393700787401575);
#2305=VECTOR('',#7233,0.393700787401575);
#2306=VECTOR('',#7234,0.393700787401575);
#2307=VECTOR('',#7237,0.393700787401575);
#2308=VECTOR('',#7238,0.393700787401575);
#2309=VECTOR('',#7241,0.393700787401575);
#2310=VECTOR('',#7242,0.393700787401575);
#2311=VECTOR('',#7243,0.393700787401575);
#2312=VECTOR('',#7244,0.393700787401575);
#2313=VECTOR('',#7245,0.393700787401575);
#2314=VECTOR('',#7250,1.375);
#2315=VECTOR('',#7257,1.375);
#2316=VECTOR('',#7264,1.375);
#2317=VECTOR('',#7271,1.375);
#2318=VECTOR('',#7278,1.375);
#2319=VECTOR('',#7285,1.375);
#2320=VECTOR('',#7292,1.375);
#2321=VECTOR('',#7299,1.375);
#2322=VECTOR('',#7306,1.375);
#2323=VECTOR('',#7313,1.375);
#2324=VECTOR('',#7320,1.375);
#2325=VECTOR('',#7327,1.375);
#2326=VECTOR('',#7334,1.375);
#2327=VECTOR('',#7341,1.375);
#2328=VECTOR('',#7348,1.375);
#2329=VECTOR('',#7355,1.375);
#2330=VECTOR('',#7362,1.375);
#2331=VECTOR('',#7369,1.375);
#2332=VECTOR('',#7376,1.375);
#2333=VECTOR('',#7381,0.393700787401575);
#2334=VECTOR('',#7382,0.393700787401575);
#2335=VECTOR('',#7383,0.393700787401575);
#2336=VECTOR('',#7384,0.393700787401575);
#2337=VECTOR('',#7387,0.393700787401575);
#2338=VECTOR('',#7388,0.393700787401575);
#2339=VECTOR('',#7391,0.393700787401575);
#2340=VECTOR('',#7392,0.393700787401575);
#2341=VERTEX_POINT('',#7431);
#2342=VERTEX_POINT('',#7432);
#2343=VERTEX_POINT('',#7434);
#2344=VERTEX_POINT('',#7436);
#2345=VERTEX_POINT('',#7440);
#2346=VERTEX_POINT('',#7442);
#2347=VERTEX_POINT('',#7446);
#2348=VERTEX_POINT('',#7448);
#2349=VERTEX_POINT('',#7457);
#2350=VERTEX_POINT('',#7458);
#2351=VERTEX_POINT('',#7460);
#2352=VERTEX_POINT('',#7462);
#2353=VERTEX_POINT('',#7466);
#2354=VERTEX_POINT('',#7468);
#2355=VERTEX_POINT('',#7472);
#2356=VERTEX_POINT('',#7474);
#2357=VERTEX_POINT('',#7487);
#2358=VERTEX_POINT('',#7488);
#2359=VERTEX_POINT('',#7490);
#2360=VERTEX_POINT('',#7492);
#2361=VERTEX_POINT('',#7496);
#2362=VERTEX_POINT('',#7497);
#2363=VERTEX_POINT('',#7499);
#2364=VERTEX_POINT('',#7501);
#2365=VERTEX_POINT('',#7505);
#2366=VERTEX_POINT('',#7506);
#2367=VERTEX_POINT('',#7511);
#2368=VERTEX_POINT('',#7513);
#2369=VERTEX_POINT('',#7515);
#2370=VERTEX_POINT('',#7517);
#2371=VERTEX_POINT('',#7519);
#2372=VERTEX_POINT('',#7521);
#2373=VERTEX_POINT('',#7523);
#2374=VERTEX_POINT('',#7526);
#2375=VERTEX_POINT('',#7528);
#2376=VERTEX_POINT('',#7530);
#2377=VERTEX_POINT('',#7534);
#2378=VERTEX_POINT('',#7536);
#2379=VERTEX_POINT('',#7540);
#2380=VERTEX_POINT('',#7544);
#2381=VERTEX_POINT('',#7548);
#2382=VERTEX_POINT('',#7552);
#2383=VERTEX_POINT('',#7556);
#2384=VERTEX_POINT('',#7562);
#2385=VERTEX_POINT('',#7564);
#2386=VERTEX_POINT('',#7568);
#2387=VERTEX_POINT('',#7572);
#2388=VERTEX_POINT('',#7574);
#2389=VERTEX_POINT('',#7576);
#2390=VERTEX_POINT('',#7578);
#2391=VERTEX_POINT('',#7582);
#2392=VERTEX_POINT('',#7584);
#2393=VERTEX_POINT('',#7600);
#2394=VERTEX_POINT('',#7611);
#2395=VERTEX_POINT('',#7643);
#2396=VERTEX_POINT('',#7645);
#2397=VERTEX_POINT('',#7647);
#2398=VERTEX_POINT('',#7649);
#2399=VERTEX_POINT('',#7651);
#2400=VERTEX_POINT('',#7653);
#2401=VERTEX_POINT('',#7655);
#2402=VERTEX_POINT('',#7657);
#2403=VERTEX_POINT('',#7659);
#2404=VERTEX_POINT('',#7661);
#2405=VERTEX_POINT('',#7663);
#2406=VERTEX_POINT('',#7664);
#2407=VERTEX_POINT('',#7666);
#2408=VERTEX_POINT('',#7668);
#2409=VERTEX_POINT('',#7670);
#2410=VERTEX_POINT('',#7672);
#2411=VERTEX_POINT('',#7674);
#2412=VERTEX_POINT('',#7676);
#2413=VERTEX_POINT('',#7679);
#2414=VERTEX_POINT('',#7681);
#2415=VERTEX_POINT('',#7683);
#2416=VERTEX_POINT('',#7685);
#2417=VERTEX_POINT('',#7687);
#2418=VERTEX_POINT('',#7689);
#2419=VERTEX_POINT('',#7691);
#2420=VERTEX_POINT('',#7694);
#2421=VERTEX_POINT('',#7697);
#2422=VERTEX_POINT('',#7699);
#2423=VERTEX_POINT('',#7701);
#2424=VERTEX_POINT('',#7704);
#2425=VERTEX_POINT('',#7706);
#2426=VERTEX_POINT('',#7710);
#2427=VERTEX_POINT('',#7714);
#2428=VERTEX_POINT('',#7718);
#2429=VERTEX_POINT('',#7720);
#2430=VERTEX_POINT('',#7724);
#2431=VERTEX_POINT('',#7726);
#2432=VERTEX_POINT('',#7730);
#2433=VERTEX_POINT('',#7734);
#2434=VERTEX_POINT('',#7738);
#2435=VERTEX_POINT('',#7740);
#2436=VERTEX_POINT('',#7744);
#2437=VERTEX_POINT('',#7748);
#2438=VERTEX_POINT('',#7752);
#2439=VERTEX_POINT('',#7756);
#2440=VERTEX_POINT('',#7760);
#2441=VERTEX_POINT('',#7764);
#2442=VERTEX_POINT('',#7768);
#2443=VERTEX_POINT('',#7770);
#2444=VERTEX_POINT('',#7774);
#2445=VERTEX_POINT('',#7778);
#2446=VERTEX_POINT('',#7782);
#2447=VERTEX_POINT('',#7786);
#2448=VERTEX_POINT('',#7790);
#2449=VERTEX_POINT('',#7794);
#2450=VERTEX_POINT('',#7800);
#2451=VERTEX_POINT('',#7804);
#2452=VERTEX_POINT('',#7808);
#2453=VERTEX_POINT('',#7812);
#2454=VERTEX_POINT('',#7814);
#2455=VERTEX_POINT('',#7818);
#2456=VERTEX_POINT('',#7822);
#2457=VERTEX_POINT('',#7824);
#2458=VERTEX_POINT('',#7828);
#2459=VERTEX_POINT('',#7832);
#2460=VERTEX_POINT('',#7834);
#2461=VERTEX_POINT('',#7838);
#2462=VERTEX_POINT('',#7842);
#2463=VERTEX_POINT('',#7846);
#2464=VERTEX_POINT('',#7850);
#2465=VERTEX_POINT('',#7854);
#2466=VERTEX_POINT('',#7858);
#2467=VERTEX_POINT('',#7860);
#2468=VERTEX_POINT('',#7864);
#2469=VERTEX_POINT('',#7866);
#2470=VERTEX_POINT('',#7902);
#2471=VERTEX_POINT('',#7920);
#2472=VERTEX_POINT('',#7933);
#2473=VERTEX_POINT('',#8030);
#2474=VERTEX_POINT('',#8031);
#2475=VERTEX_POINT('',#8033);
#2476=VERTEX_POINT('',#8035);
#2477=VERTEX_POINT('',#8039);
#2478=VERTEX_POINT('',#8040);
#2479=VERTEX_POINT('',#8042);
#2480=VERTEX_POINT('',#8044);
#2481=VERTEX_POINT('',#8048);
#2482=VERTEX_POINT('',#8049);
#2483=VERTEX_POINT('',#8051);
#2484=VERTEX_POINT('',#8053);
#2485=VERTEX_POINT('',#8060);
#2486=VERTEX_POINT('',#8061);
#2487=VERTEX_POINT('',#8063);
#2488=VERTEX_POINT('',#8065);
#2489=VERTEX_POINT('',#8069);
#2490=VERTEX_POINT('',#8071);
#2491=VERTEX_POINT('',#8075);
#2492=VERTEX_POINT('',#8077);
#2493=VERTEX_POINT('',#8084);
#2494=VERTEX_POINT('',#8085);
#2495=VERTEX_POINT('',#8087);
#2496=VERTEX_POINT('',#8089);
#2497=VERTEX_POINT('',#8093);
#2498=VERTEX_POINT('',#8095);
#2499=VERTEX_POINT('',#8099);
#2500=VERTEX_POINT('',#8100);
#2501=VERTEX_POINT('',#8105);
#2502=VERTEX_POINT('',#8106);
#2503=VERTEX_POINT('',#8115);
#2504=VERTEX_POINT('',#8117);
#2505=VERTEX_POINT('',#8119);
#2506=VERTEX_POINT('',#8121);
#2507=VERTEX_POINT('',#8126);
#2508=VERTEX_POINT('',#8128);
#2509=VERTEX_POINT('',#8130);
#2510=VERTEX_POINT('',#8133);
#2511=VERTEX_POINT('',#8135);
#2512=VERTEX_POINT('',#8166);
#2513=VERTEX_POINT('',#8168);
#2514=VERTEX_POINT('',#8179);
#2515=VERTEX_POINT('',#8181);
#2516=VERTEX_POINT('',#8198);
#2517=VERTEX_POINT('',#8200);
#2518=VERTEX_POINT('',#8202);
#2519=VERTEX_POINT('',#8204);
#2520=VERTEX_POINT('',#8206);
#2521=VERTEX_POINT('',#8208);
#2522=VERTEX_POINT('',#8210);
#2523=VERTEX_POINT('',#8212);
#2524=VERTEX_POINT('',#8214);
#2525=VERTEX_POINT('',#8216);
#2526=VERTEX_POINT('',#8218);
#2527=VERTEX_POINT('',#8220);
#2528=VERTEX_POINT('',#8222);
#2529=VERTEX_POINT('',#8224);
#2530=VERTEX_POINT('',#8225);
#2531=VERTEX_POINT('',#8227);
#2532=VERTEX_POINT('',#8229);
#2533=VERTEX_POINT('',#8231);
#2534=VERTEX_POINT('',#8233);
#2535=VERTEX_POINT('',#8235);
#2536=VERTEX_POINT('',#8237);
#2537=VERTEX_POINT('',#8240);
#2538=VERTEX_POINT('',#8242);
#2539=VERTEX_POINT('',#8244);
#2540=VERTEX_POINT('',#8246);
#2541=VERTEX_POINT('',#8249);
#2542=VERTEX_POINT('',#8252);
#2543=VERTEX_POINT('',#8254);
#2544=VERTEX_POINT('',#8256);
#2545=VERTEX_POINT('',#8258);
#2546=VERTEX_POINT('',#8260);
#2547=VERTEX_POINT('',#8262);
#2548=VERTEX_POINT('',#8264);
#2549=VERTEX_POINT('',#8267);
#2550=VERTEX_POINT('',#8271);
#2551=VERTEX_POINT('',#8275);
#2552=VERTEX_POINT('',#8279);
#2553=VERTEX_POINT('',#8283);
#2554=VERTEX_POINT('',#8287);
#2555=VERTEX_POINT('',#8291);
#2556=VERTEX_POINT('',#8295);
#2557=VERTEX_POINT('',#8299);
#2558=VERTEX_POINT('',#8301);
#2559=VERTEX_POINT('',#8305);
#2560=VERTEX_POINT('',#8309);
#2561=VERTEX_POINT('',#8313);
#2562=VERTEX_POINT('',#8317);
#2563=VERTEX_POINT('',#8321);
#2564=VERTEX_POINT('',#8325);
#2565=VERTEX_POINT('',#8331);
#2566=VERTEX_POINT('',#8335);
#2567=VERTEX_POINT('',#8339);
#2568=VERTEX_POINT('',#8343);
#2569=VERTEX_POINT('',#8347);
#2570=VERTEX_POINT('',#8351);
#2571=VERTEX_POINT('',#8355);
#2572=VERTEX_POINT('',#8359);
#2573=VERTEX_POINT('',#8363);
#2574=VERTEX_POINT('',#8367);
#2575=VERTEX_POINT('',#8371);
#2576=VERTEX_POINT('',#8375);
#2577=VERTEX_POINT('',#8379);
#2578=VERTEX_POINT('',#8383);
#2579=VERTEX_POINT('',#8387);
#2580=VERTEX_POINT('',#8391);
#2581=VERTEX_POINT('',#8395);
#2582=VERTEX_POINT('',#8399);
#2583=VERTEX_POINT('',#8403);
#2584=VERTEX_POINT('',#8407);
#2585=VERTEX_POINT('',#8411);
#2586=VERTEX_POINT('',#8474);
#2587=VERTEX_POINT('',#8507);
#2588=VERTEX_POINT('',#8511);
#2589=VERTEX_POINT('',#8522);
#2590=VERTEX_POINT('',#8555);
#2591=VERTEX_POINT('',#8577);
#2592=VERTEX_POINT('',#8578);
#2593=VERTEX_POINT('',#8580);
#2594=VERTEX_POINT('',#8582);
#2595=VERTEX_POINT('',#8586);
#2596=VERTEX_POINT('',#8588);
#2597=VERTEX_POINT('',#8592);
#2598=VERTEX_POINT('',#8596);
#2599=VERTEX_POINT('',#8600);
#2600=VERTEX_POINT('',#8602);
#2601=VERTEX_POINT('',#8604);
#2602=VERTEX_POINT('',#8606);
#2603=VERTEX_POINT('',#8610);
#2604=VERTEX_POINT('',#8612);
#2605=VERTEX_POINT('',#8616);
#2606=VERTEX_POINT('',#8618);
#2607=VERTEX_POINT('',#8622);
#2608=VERTEX_POINT('',#8624);
#2609=VERTEX_POINT('',#8628);
#2610=VERTEX_POINT('',#8630);
#2611=VERTEX_POINT('',#8634);
#2612=VERTEX_POINT('',#8636);
#2613=VERTEX_POINT('',#8640);
#2614=VERTEX_POINT('',#8642);
#2615=VERTEX_POINT('',#8646);
#2616=VERTEX_POINT('',#8648);
#2617=VERTEX_POINT('',#8652);
#2618=VERTEX_POINT('',#8654);
#2619=VERTEX_POINT('',#8658);
#2620=VERTEX_POINT('',#8660);
#2621=VERTEX_POINT('',#8664);
#2622=VERTEX_POINT('',#8666);
#2623=VERTEX_POINT('',#8670);
#2624=VERTEX_POINT('',#8672);
#2625=VERTEX_POINT('',#8676);
#2626=VERTEX_POINT('',#8678);
#2627=VERTEX_POINT('',#8682);
#2628=VERTEX_POINT('',#8684);
#2629=VERTEX_POINT('',#8688);
#2630=VERTEX_POINT('',#8690);
#2631=VERTEX_POINT('',#8694);
#2632=VERTEX_POINT('',#8696);
#2633=VERTEX_POINT('',#8700);
#2634=VERTEX_POINT('',#8702);
#2635=VERTEX_POINT('',#8706);
#2636=VERTEX_POINT('',#8708);
#2637=VERTEX_POINT('',#8712);
#2638=VERTEX_POINT('',#8714);
#2639=VERTEX_POINT('',#8718);
#2640=VERTEX_POINT('',#8720);
#2641=VERTEX_POINT('',#8724);
#2642=VERTEX_POINT('',#8726);
#2643=VERTEX_POINT('',#8730);
#2644=VERTEX_POINT('',#8732);
#2645=VERTEX_POINT('',#8746);
#2646=VERTEX_POINT('',#8748);
#2647=VERTEX_POINT('',#8752);
#2648=VERTEX_POINT('',#8754);
#2649=VERTEX_POINT('',#8758);
#2650=VERTEX_POINT('',#8760);
#2651=VERTEX_POINT('',#8764);
#2652=VERTEX_POINT('',#8766);
#2653=VERTEX_POINT('',#8770);
#2654=VERTEX_POINT('',#8772);
#2655=VERTEX_POINT('',#8776);
#2656=VERTEX_POINT('',#8777);
#2657=VERTEX_POINT('',#8779);
#2658=VERTEX_POINT('',#8781);
#2659=VERTEX_POINT('',#8785);
#2660=VERTEX_POINT('',#8787);
#2661=VERTEX_POINT('',#8791);
#2662=VERTEX_POINT('',#8793);
#2663=VERTEX_POINT('',#8797);
#2664=VERTEX_POINT('',#8799);
#2665=VERTEX_POINT('',#8803);
#2666=VERTEX_POINT('',#8805);
#2667=VERTEX_POINT('',#8838);
#2668=VERTEX_POINT('',#8854);
#2669=VERTEX_POINT('',#8872);
#2670=VERTEX_POINT('',#8874);
#2671=VERTEX_POINT('',#8878);
#2672=VERTEX_POINT('',#8880);
#2673=VERTEX_POINT('',#8890);
#2674=VERTEX_POINT('',#8892);
#2675=VERTEX_POINT('',#8896);
#2676=VERTEX_POINT('',#8898);
#2677=VERTEX_POINT('',#8902);
#2678=VERTEX_POINT('',#8903);
#2679=VERTEX_POINT('',#8905);
#2680=VERTEX_POINT('',#8907);
#2681=VERTEX_POINT('',#8911);
#2682=VERTEX_POINT('',#8913);
#2683=VERTEX_POINT('',#8917);
#2684=VERTEX_POINT('',#8919);
#2685=VERTEX_POINT('',#8923);
#2686=VERTEX_POINT('',#8925);
#2687=VERTEX_POINT('',#8929);
#2688=VERTEX_POINT('',#8931);
#2689=VERTEX_POINT('',#8935);
#2690=VERTEX_POINT('',#8937);
#2691=VERTEX_POINT('',#8941);
#2692=VERTEX_POINT('',#8943);
#2693=VERTEX_POINT('',#8947);
#2694=VERTEX_POINT('',#8949);
#2695=VERTEX_POINT('',#8953);
#2696=VERTEX_POINT('',#8955);
#2697=VERTEX_POINT('',#8959);
#2698=VERTEX_POINT('',#8961);
#2699=VERTEX_POINT('',#9014);
#2700=VERTEX_POINT('',#9040);
#2701=VERTEX_POINT('',#9068);
#2702=VERTEX_POINT('',#9070);
#2703=VERTEX_POINT('',#9074);
#2704=VERTEX_POINT('',#9076);
#2705=VERTEX_POINT('',#9080);
#2706=VERTEX_POINT('',#9082);
#2707=VERTEX_POINT('',#9086);
#2708=VERTEX_POINT('',#9088);
#2709=VERTEX_POINT('',#9141);
#2710=VERTEX_POINT('',#9167);
#2711=VERTEX_POINT('',#9195);
#2712=VERTEX_POINT('',#9197);
#2713=VERTEX_POINT('',#9201);
#2714=VERTEX_POINT('',#9203);
#2715=VERTEX_POINT('',#9207);
#2716=VERTEX_POINT('',#9209);
#2717=VERTEX_POINT('',#9213);
#2718=VERTEX_POINT('',#9215);
#2719=VERTEX_POINT('',#9219);
#2720=VERTEX_POINT('',#9221);
#2721=VERTEX_POINT('',#9225);
#2722=VERTEX_POINT('',#9227);
#2723=VERTEX_POINT('',#9231);
#2724=VERTEX_POINT('',#9233);
#2725=VERTEX_POINT('',#9237);
#2726=VERTEX_POINT('',#9239);
#2727=VERTEX_POINT('',#9243);
#2728=VERTEX_POINT('',#9245);
#2729=VERTEX_POINT('',#9249);
#2730=VERTEX_POINT('',#9251);
#2731=VERTEX_POINT('',#9255);
#2732=VERTEX_POINT('',#9257);
#2733=VERTEX_POINT('',#9267);
#2734=VERTEX_POINT('',#9269);
#2735=VERTEX_POINT('',#9273);
#2736=VERTEX_POINT('',#9275);
#2737=VERTEX_POINT('',#9279);
#2738=VERTEX_POINT('',#9281);
#2739=VERTEX_POINT('',#9285);
#2740=VERTEX_POINT('',#9287);
#2741=VERTEX_POINT('',#9291);
#2742=VERTEX_POINT('',#9293);
#2743=VERTEX_POINT('',#9297);
#2744=VERTEX_POINT('',#9298);
#2745=VERTEX_POINT('',#9300);
#2746=VERTEX_POINT('',#9302);
#2747=VERTEX_POINT('',#9306);
#2748=VERTEX_POINT('',#9308);
#2749=VERTEX_POINT('',#9312);
#2750=VERTEX_POINT('',#9314);
#2751=VERTEX_POINT('',#9318);
#2752=VERTEX_POINT('',#9320);
#2753=VERTEX_POINT('',#9324);
#2754=VERTEX_POINT('',#9326);
#2755=VERTEX_POINT('',#9359);
#2756=VERTEX_POINT('',#9375);
#2757=VERTEX_POINT('',#9393);
#2758=VERTEX_POINT('',#9395);
#2759=VERTEX_POINT('',#9399);
#2760=VERTEX_POINT('',#9401);
#2761=VERTEX_POINT('',#9411);
#2762=VERTEX_POINT('',#9412);
#2763=VERTEX_POINT('',#9414);
#2764=VERTEX_POINT('',#9416);
#2765=VERTEX_POINT('',#9420);
#2766=VERTEX_POINT('',#9422);
#2767=VERTEX_POINT('',#9426);
#2768=VERTEX_POINT('',#9430);
#2769=VERTEX_POINT('',#9434);
#2770=VERTEX_POINT('',#9436);
#2771=VERTEX_POINT('',#9438);
#2772=VERTEX_POINT('',#9440);
#2773=VERTEX_POINT('',#9444);
#2774=VERTEX_POINT('',#9446);
#2775=VERTEX_POINT('',#9450);
#2776=VERTEX_POINT('',#9452);
#2777=VERTEX_POINT('',#9456);
#2778=VERTEX_POINT('',#9458);
#2779=VERTEX_POINT('',#9462);
#2780=VERTEX_POINT('',#9464);
#2781=VERTEX_POINT('',#9468);
#2782=VERTEX_POINT('',#9470);
#2783=VERTEX_POINT('',#9474);
#2784=VERTEX_POINT('',#9476);
#2785=VERTEX_POINT('',#9480);
#2786=VERTEX_POINT('',#9482);
#2787=VERTEX_POINT('',#9486);
#2788=VERTEX_POINT('',#9488);
#2789=VERTEX_POINT('',#9492);
#2790=VERTEX_POINT('',#9494);
#2791=VERTEX_POINT('',#9498);
#2792=VERTEX_POINT('',#9500);
#2793=VERTEX_POINT('',#9504);
#2794=VERTEX_POINT('',#9506);
#2795=VERTEX_POINT('',#9510);
#2796=VERTEX_POINT('',#9512);
#2797=VERTEX_POINT('',#9516);
#2798=VERTEX_POINT('',#9518);
#2799=VERTEX_POINT('',#9522);
#2800=VERTEX_POINT('',#9524);
#2801=VERTEX_POINT('',#9528);
#2802=VERTEX_POINT('',#9530);
#2803=VERTEX_POINT('',#9534);
#2804=VERTEX_POINT('',#9536);
#2805=VERTEX_POINT('',#9540);
#2806=VERTEX_POINT('',#9542);
#2807=VERTEX_POINT('',#9546);
#2808=VERTEX_POINT('',#9548);
#2809=VERTEX_POINT('',#9552);
#2810=VERTEX_POINT('',#9554);
#2811=VERTEX_POINT('',#9558);
#2812=VERTEX_POINT('',#9559);
#2813=VERTEX_POINT('',#9561);
#2814=VERTEX_POINT('',#9563);
#2815=EDGE_CURVE('',#2341,#2342,#1441,.T.);
#2816=EDGE_CURVE('',#2341,#2343,#1442,.T.);
#2817=EDGE_CURVE('',#2344,#2343,#1443,.T.);
#2818=EDGE_CURVE('',#2342,#2344,#1444,.T.);
#2819=EDGE_CURVE('',#2342,#2345,#1445,.T.);
#2820=EDGE_CURVE('',#2346,#2344,#1446,.T.);
#2821=EDGE_CURVE('',#2345,#2346,#1447,.T.);
#2822=EDGE_CURVE('',#2345,#2347,#1448,.T.);
#2823=EDGE_CURVE('',#2348,#2346,#1449,.T.);
#2824=EDGE_CURVE('',#2347,#2348,#1450,.T.);
#2825=EDGE_CURVE('',#2347,#2341,#1451,.T.);
#2826=EDGE_CURVE('',#2343,#2348,#1452,.T.);
#2827=EDGE_CURVE('',#2349,#2350,#1453,.T.);
#2828=EDGE_CURVE('',#2350,#2351,#1454,.T.);
#2829=EDGE_CURVE('',#2352,#2351,#1455,.T.);
#2830=EDGE_CURVE('',#2349,#2352,#1456,.T.);
#2831=EDGE_CURVE('',#2353,#2349,#1457,.T.);
#2832=EDGE_CURVE('',#2354,#2352,#1458,.T.);
#2833=EDGE_CURVE('',#2353,#2354,#1459,.T.);
#2834=EDGE_CURVE('',#2355,#2353,#1460,.T.);
#2835=EDGE_CURVE('',#2356,#2354,#1461,.T.);
#2836=EDGE_CURVE('',#2355,#2356,#1462,.T.);
#2837=EDGE_CURVE('',#2350,#2355,#1463,.T.);
#2838=EDGE_CURVE('',#2351,#2356,#1464,.T.);
#2839=EDGE_CURVE('',#2357,#2358,#1465,.T.);
#2840=EDGE_CURVE('',#2357,#2359,#1466,.T.);
#2841=EDGE_CURVE('',#2360,#2359,#1467,.T.);
#2842=EDGE_CURVE('',#2358,#2360,#1468,.T.);
#2843=EDGE_CURVE('',#2361,#2362,#1469,.T.);
#2844=EDGE_CURVE('',#2361,#2363,#1470,.T.);
#2845=EDGE_CURVE('',#2364,#2363,#1471,.T.);
#2846=EDGE_CURVE('',#2362,#2364,#1472,.T.);
#2847=EDGE_CURVE('',#2365,#2366,#1473,.T.);
#2848=EDGE_CURVE('',#2364,#2365,#1474,.T.);
#2849=EDGE_CURVE('',#2363,#2366,#1475,.T.);
#2850=EDGE_CURVE('',#2367,#2361,#1476,.T.);
#2851=EDGE_CURVE('',#2368,#2367,#1477,.T.);
#2852=EDGE_CURVE('',#2369,#2368,#1478,.T.);
#2853=EDGE_CURVE('',#2370,#2369,#1479,.T.);
#2854=EDGE_CURVE('',#2371,#2370,#1480,.T.);
#2855=EDGE_CURVE('',#2372,#2371,#1481,.T.);
#2856=EDGE_CURVE('',#2373,#2372,#1482,.T.);
#2857=EDGE_CURVE('',#2359,#2373,#1483,.T.);
#2858=EDGE_CURVE('',#2374,#2357,#1484,.T.);
#2859=EDGE_CURVE('',#2375,#2374,#1485,.T.);
#2860=EDGE_CURVE('',#2376,#2375,#1486,.T.);
#2861=EDGE_CURVE('',#2366,#2376,#1487,.T.);
#2862=EDGE_CURVE('',#2377,#2367,#1488,.T.);
#2863=EDGE_CURVE('',#2378,#2377,#1489,.T.);
#2864=EDGE_CURVE('',#2378,#2368,#1490,.T.);
#2865=EDGE_CURVE('',#2379,#2378,#1491,.T.);
#2866=EDGE_CURVE('',#2379,#2369,#1492,.T.);
#2867=EDGE_CURVE('',#2380,#2379,#1493,.T.);
#2868=EDGE_CURVE('',#2380,#2370,#1494,.T.);
#2869=EDGE_CURVE('',#2381,#2380,#1495,.T.);
#2870=EDGE_CURVE('',#2381,#2371,#1496,.T.);
#2871=EDGE_CURVE('',#2382,#2381,#1497,.T.);
#2872=EDGE_CURVE('',#2382,#2372,#1498,.T.);
#2873=EDGE_CURVE('',#2383,#2382,#1499,.T.);
#2874=EDGE_CURVE('',#2383,#2373,#1500,.T.);
#2875=EDGE_CURVE('',#2360,#2383,#1501,.T.);
#2876=EDGE_CURVE('',#2384,#2374,#1502,.T.);
#2877=EDGE_CURVE('',#2385,#2384,#1503,.T.);
#2878=EDGE_CURVE('',#2385,#2375,#1504,.T.);
#2879=EDGE_CURVE('',#2376,#2386,#1505,.T.);
#2880=EDGE_CURVE('',#2386,#2385,#1506,.T.);
#2881=EDGE_CURVE('',#2362,#2387,#1507,.T.);
#2882=EDGE_CURVE('',#2387,#2388,#1508,.T.);
#2883=EDGE_CURVE('',#2389,#2388,#1509,.T.);
#2884=EDGE_CURVE('',#2390,#2389,#1510,.T.);
#2885=EDGE_CURVE('',#2390,#2377,#1511,.T.);
#2886=EDGE_CURVE('',#2391,#2365,#1512,.T.);
#2887=EDGE_CURVE('',#2392,#2391,#591,.T.);
#2888=EDGE_CURVE('',#2393,#2392,#592,.T.);
#2889=EDGE_CURVE('',#2393,#2394,#351,.T.);
#2890=EDGE_CURVE('',#2387,#2394,#593,.T.);
#2891=EDGE_CURVE('',#2395,#2395,#352,.T.);
#2892=EDGE_CURVE('',#2396,#2396,#353,.T.);
#2893=EDGE_CURVE('',#2397,#2397,#354,.T.);
#2894=EDGE_CURVE('',#2398,#2398,#355,.T.);
#2895=EDGE_CURVE('',#2399,#2399,#356,.T.);
#2896=EDGE_CURVE('',#2400,#2400,#357,.T.);
#2897=EDGE_CURVE('',#2401,#2401,#358,.T.);
#2898=EDGE_CURVE('',#2402,#2402,#359,.T.);
#2899=EDGE_CURVE('',#2403,#2403,#360,.T.);
#2900=EDGE_CURVE('',#2404,#2404,#361,.T.);
#2901=EDGE_CURVE('',#2405,#2406,#362,.T.);
#2902=EDGE_CURVE('',#2407,#2405,#1513,.T.);
#2903=EDGE_CURVE('',#2408,#2407,#363,.T.);
#2904=EDGE_CURVE('',#2409,#2408,#1514,.T.);
#2905=EDGE_CURVE('',#2410,#2409,#364,.T.);
#2906=EDGE_CURVE('',#2411,#2410,#1515,.T.);
#2907=EDGE_CURVE('',#2412,#2411,#365,.T.);
#2908=EDGE_CURVE('',#2406,#2412,#1516,.T.);
#2909=EDGE_CURVE('',#2413,#2413,#366,.T.);
#2910=EDGE_CURVE('',#2414,#2414,#367,.T.);
#2911=EDGE_CURVE('',#2415,#2415,#368,.T.);
#2912=EDGE_CURVE('',#2416,#2416,#369,.T.);
#2913=EDGE_CURVE('',#2417,#2417,#370,.T.);
#2914=EDGE_CURVE('',#2418,#2418,#371,.T.);
#2915=EDGE_CURVE('',#2419,#2419,#372,.T.);
#2916=EDGE_CURVE('',#2384,#2420,#1517,.T.);
#2917=EDGE_CURVE('',#2386,#2420,#1518,.T.);
#2918=EDGE_CURVE('',#2421,#2421,#373,.T.);
#2919=EDGE_CURVE('',#2422,#2422,#374,.T.);
#2920=EDGE_CURVE('',#2423,#2423,#375,.T.);
#2921=EDGE_CURVE('',#2420,#2424,#1519,.T.);
#2922=EDGE_CURVE('',#2425,#2424,#1520,.T.);
#2923=EDGE_CURVE('',#2391,#2425,#1521,.T.);
#2924=EDGE_CURVE('',#2426,#2426,#376,.T.);
#2925=EDGE_CURVE('',#2426,#2395,#1522,.T.);
#2926=EDGE_CURVE('',#2427,#2427,#377,.T.);
#2927=EDGE_CURVE('',#2427,#2396,#1523,.T.);
#2928=EDGE_CURVE('',#2428,#2428,#378,.T.);
#2929=EDGE_CURVE('',#2428,#2429,#1524,.T.);
#2930=EDGE_CURVE('',#2429,#2429,#379,.T.);
#2931=EDGE_CURVE('',#2430,#2430,#380,.T.);
#2932=EDGE_CURVE('',#2430,#2431,#1525,.T.);
#2933=EDGE_CURVE('',#2431,#2431,#381,.T.);
#2934=EDGE_CURVE('',#2432,#2432,#382,.T.);
#2935=EDGE_CURVE('',#2432,#2397,#1526,.T.);
#2936=EDGE_CURVE('',#2433,#2433,#383,.T.);
#2937=EDGE_CURVE('',#2433,#2398,#1527,.T.);
#2938=EDGE_CURVE('',#2434,#2434,#384,.T.);
#2939=EDGE_CURVE('',#2434,#2435,#1528,.T.);
#2940=EDGE_CURVE('',#2435,#2435,#385,.T.);
#2941=EDGE_CURVE('',#2436,#2436,#386,.T.);
#2942=EDGE_CURVE('',#2436,#2399,#1529,.T.);
#2943=EDGE_CURVE('',#2437,#2437,#387,.T.);
#2944=EDGE_CURVE('',#2437,#2400,#1530,.T.);
#2945=EDGE_CURVE('',#2438,#2438,#388,.T.);
#2946=EDGE_CURVE('',#2438,#2401,#1531,.T.);
#2947=EDGE_CURVE('',#2439,#2439,#389,.T.);
#2948=EDGE_CURVE('',#2439,#2402,#1532,.T.);
#2949=EDGE_CURVE('',#2440,#2440,#390,.T.);
#2950=EDGE_CURVE('',#2440,#2403,#1533,.T.);
#2951=EDGE_CURVE('',#2441,#2441,#391,.T.);
#2952=EDGE_CURVE('',#2441,#2404,#1534,.T.);
#2953=EDGE_CURVE('',#2405,#2442,#1535,.T.);
#2954=EDGE_CURVE('',#2443,#2442,#1536,.T.);
#2955=EDGE_CURVE('',#2407,#2443,#1537,.T.);
#2956=EDGE_CURVE('',#2444,#2443,#392,.T.);
#2957=EDGE_CURVE('',#2408,#2444,#1538,.T.);
#2958=EDGE_CURVE('',#2445,#2444,#1539,.T.);
#2959=EDGE_CURVE('',#2409,#2445,#1540,.T.);
#2960=EDGE_CURVE('',#2446,#2445,#393,.T.);
#2961=EDGE_CURVE('',#2410,#2446,#1541,.T.);
#2962=EDGE_CURVE('',#2447,#2446,#1542,.T.);
#2963=EDGE_CURVE('',#2411,#2447,#1543,.T.);
#2964=EDGE_CURVE('',#2448,#2447,#394,.T.);
#2965=EDGE_CURVE('',#2412,#2448,#1544,.T.);
#2966=EDGE_CURVE('',#2449,#2448,#1545,.T.);
#2967=EDGE_CURVE('',#2406,#2449,#1546,.T.);
#2968=EDGE_CURVE('',#2442,#2449,#395,.T.);
#2969=EDGE_CURVE('',#2450,#2450,#396,.T.);
#2970=EDGE_CURVE('',#2450,#2423,#1547,.T.);
#2971=EDGE_CURVE('',#2451,#2451,#397,.T.);
#2972=EDGE_CURVE('',#2451,#2413,#1548,.T.);
#2973=EDGE_CURVE('',#2452,#2452,#398,.T.);
#2974=EDGE_CURVE('',#2452,#2422,#1549,.T.);
#2975=EDGE_CURVE('',#2453,#2453,#399,.T.);
#2976=EDGE_CURVE('',#2453,#2454,#1550,.T.);
#2977=EDGE_CURVE('',#2454,#2454,#400,.T.);
#2978=EDGE_CURVE('',#2455,#2455,#401,.T.);
#2979=EDGE_CURVE('',#2455,#2414,#1551,.T.);
#2980=EDGE_CURVE('',#2456,#2456,#402,.T.);
#2981=EDGE_CURVE('',#2456,#2457,#1552,.T.);
#2982=EDGE_CURVE('',#2457,#2457,#403,.T.);
#2983=EDGE_CURVE('',#2458,#2458,#404,.T.);
#2984=EDGE_CURVE('',#2458,#2415,#1553,.T.);
#2985=EDGE_CURVE('',#2459,#2459,#405,.T.);
#2986=EDGE_CURVE('',#2459,#2460,#1554,.T.);
#2987=EDGE_CURVE('',#2460,#2460,#406,.T.);
#2988=EDGE_CURVE('',#2461,#2461,#407,.T.);
#2989=EDGE_CURVE('',#2461,#2416,#1555,.T.);
#2990=EDGE_CURVE('',#2462,#2462,#408,.T.);
#2991=EDGE_CURVE('',#2462,#2417,#1556,.T.);
#2992=EDGE_CURVE('',#2463,#2463,#409,.T.);
#2993=EDGE_CURVE('',#2463,#2421,#1557,.T.);
#2994=EDGE_CURVE('',#2464,#2464,#410,.T.);
#2995=EDGE_CURVE('',#2464,#2418,#1558,.T.);
#2996=EDGE_CURVE('',#2465,#2465,#411,.T.);
#2997=EDGE_CURVE('',#2465,#2419,#1559,.T.);
#2998=EDGE_CURVE('',#2466,#2466,#412,.T.);
#2999=EDGE_CURVE('',#2466,#2467,#1560,.T.);
#3000=EDGE_CURVE('',#2467,#2467,#413,.T.);
#3001=EDGE_CURVE('',#2468,#2390,#1561,.T.);
#3002=EDGE_CURVE('',#2469,#2389,#1562,.T.);
#3003=EDGE_CURVE('',#2468,#2469,#1563,.T.);
#3004=EDGE_CURVE('',#2468,#2358,#1564,.T.);
#3005=EDGE_CURVE('',#2424,#2469,#1565,.T.);
#3006=EDGE_CURVE('',#2470,#2425,#594,.T.);
#3007=EDGE_CURVE('',#2392,#2470,#1566,.T.);
#3008=EDGE_CURVE('',#2471,#2470,#595,.T.);
#3009=EDGE_CURVE('',#2393,#2471,#1567,.T.);
#3010=EDGE_CURVE('',#2472,#2471,#414,.T.);
#3011=EDGE_CURVE('',#2394,#2472,#1568,.T.);
#3012=EDGE_CURVE('',#2388,#2472,#596,.T.);
#3013=EDGE_CURVE('',#2473,#2474,#1569,.T.);
#3014=EDGE_CURVE('',#2473,#2475,#1570,.T.);
#3015=EDGE_CURVE('',#2476,#2475,#1571,.T.);
#3016=EDGE_CURVE('',#2474,#2476,#1572,.T.);
#3017=EDGE_CURVE('',#2477,#2478,#1573,.T.);
#3018=EDGE_CURVE('',#2477,#2479,#1574,.T.);
#3019=EDGE_CURVE('',#2480,#2479,#1575,.T.);
#3020=EDGE_CURVE('',#2478,#2480,#1576,.T.);
#3021=EDGE_CURVE('',#2481,#2482,#1577,.T.);
#3022=EDGE_CURVE('',#2481,#2483,#1578,.T.);
#3023=EDGE_CURVE('',#2483,#2484,#1579,.T.);
#3024=EDGE_CURVE('',#2482,#2484,#1580,.T.);
#3025=EDGE_CURVE('',#2480,#2481,#1581,.T.);
#3026=EDGE_CURVE('',#2479,#2483,#1582,.T.);
#3027=EDGE_CURVE('',#2485,#2486,#1583,.T.);
#3028=EDGE_CURVE('',#2487,#2485,#1584,.T.);
#3029=EDGE_CURVE('',#2487,#2488,#1585,.T.);
#3030=EDGE_CURVE('',#2488,#2486,#1586,.T.);
#3031=EDGE_CURVE('',#2489,#2487,#1587,.T.);
#3032=EDGE_CURVE('',#2489,#2490,#1588,.T.);
#3033=EDGE_CURVE('',#2490,#2488,#1589,.T.);
#3034=EDGE_CURVE('',#2491,#2489,#1590,.T.);
#3035=EDGE_CURVE('',#2491,#2492,#1591,.T.);
#3036=EDGE_CURVE('',#2492,#2490,#1592,.T.);
#3037=EDGE_CURVE('',#2476,#2491,#1593,.T.);
#3038=EDGE_CURVE('',#2475,#2492,#1594,.T.);
#3039=EDGE_CURVE('',#2493,#2494,#1595,.T.);
#3040=EDGE_CURVE('',#2495,#2493,#1596,.T.);
#3041=EDGE_CURVE('',#2495,#2496,#1597,.T.);
#3042=EDGE_CURVE('',#2496,#2494,#1598,.T.);
#3043=EDGE_CURVE('',#2497,#2495,#1599,.T.);
#3044=EDGE_CURVE('',#2497,#2498,#1600,.T.);
#3045=EDGE_CURVE('',#2498,#2496,#1601,.T.);
#3046=EDGE_CURVE('',#2499,#2500,#1602,.T.);
#3047=EDGE_CURVE('',#2499,#2498,#1603,.T.);
#3048=EDGE_CURVE('',#2500,#2497,#1604,.T.);
#3049=EDGE_CURVE('',#2501,#2502,#1605,.T.);
#3050=EDGE_CURVE('',#2482,#2501,#1606,.T.);
#3051=EDGE_CURVE('',#2484,#2502,#1607,.T.);
#3052=EDGE_CURVE('',#2494,#2473,#1608,.T.);
#3053=EDGE_CURVE('',#2502,#2499,#1609,.T.);
#3054=EDGE_CURVE('',#2486,#2477,#1610,.T.);
#3055=EDGE_CURVE('',#2478,#2503,#1611,.T.);
#3056=EDGE_CURVE('',#2503,#2504,#1612,.T.);
#3057=EDGE_CURVE('',#2505,#2504,#1613,.T.);
#3058=EDGE_CURVE('',#2506,#2505,#1614,.T.);
#3059=EDGE_CURVE('',#2506,#2485,#1615,.T.);
#3060=EDGE_CURVE('',#2501,#2503,#1616,.T.);
#3061=EDGE_CURVE('',#2507,#2507,#415,.T.);
#3062=EDGE_CURVE('',#2508,#2508,#416,.T.);
#3063=EDGE_CURVE('',#2509,#2509,#417,.T.);
#3064=EDGE_CURVE('',#2493,#2510,#1617,.T.);
#3065=EDGE_CURVE('',#2510,#2511,#597,.T.);
#3066=EDGE_CURVE('',#2511,#2512,#418,.T.);
#3067=EDGE_CURVE('',#2512,#2513,#598,.T.);
#3068=EDGE_CURVE('',#2513,#2514,#1618,.T.);
#3069=EDGE_CURVE('',#2514,#2515,#599,.T.);
#3070=EDGE_CURVE('',#2515,#2500,#1619,.T.);
#3071=EDGE_CURVE('',#2516,#2516,#419,.T.);
#3072=EDGE_CURVE('',#2517,#2517,#420,.T.);
#3073=EDGE_CURVE('',#2518,#2518,#421,.T.);
#3074=EDGE_CURVE('',#2519,#2519,#422,.T.);
#3075=EDGE_CURVE('',#2520,#2520,#423,.T.);
#3076=EDGE_CURVE('',#2521,#2521,#424,.T.);
#3077=EDGE_CURVE('',#2522,#2522,#425,.T.);
#3078=EDGE_CURVE('',#2523,#2523,#426,.T.);
#3079=EDGE_CURVE('',#2524,#2524,#427,.T.);
#3080=EDGE_CURVE('',#2525,#2525,#428,.T.);
#3081=EDGE_CURVE('',#2526,#2526,#429,.T.);
#3082=EDGE_CURVE('',#2527,#2527,#430,.T.);
#3083=EDGE_CURVE('',#2528,#2528,#431,.T.);
#3084=EDGE_CURVE('',#2529,#2530,#432,.T.);
#3085=EDGE_CURVE('',#2531,#2529,#1620,.T.);
#3086=EDGE_CURVE('',#2532,#2531,#433,.T.);
#3087=EDGE_CURVE('',#2533,#2532,#1621,.T.);
#3088=EDGE_CURVE('',#2534,#2533,#434,.T.);
#3089=EDGE_CURVE('',#2535,#2534,#1622,.T.);
#3090=EDGE_CURVE('',#2536,#2535,#435,.T.);
#3091=EDGE_CURVE('',#2530,#2536,#1623,.T.);
#3092=EDGE_CURVE('',#2537,#2537,#436,.T.);
#3093=EDGE_CURVE('',#2538,#2538,#437,.T.);
#3094=EDGE_CURVE('',#2539,#2539,#438,.T.);
#3095=EDGE_CURVE('',#2540,#2540,#439,.T.);
#3096=EDGE_CURVE('',#2506,#2541,#1624,.T.);
#3097=EDGE_CURVE('',#2541,#2474,#1625,.T.);
#3098=EDGE_CURVE('',#2542,#2542,#440,.T.);
#3099=EDGE_CURVE('',#2543,#2543,#441,.T.);
#3100=EDGE_CURVE('',#2544,#2544,#442,.T.);
#3101=EDGE_CURVE('',#2545,#2545,#443,.T.);
#3102=EDGE_CURVE('',#2546,#2546,#444,.T.);
#3103=EDGE_CURVE('',#2547,#2547,#445,.T.);
#3104=EDGE_CURVE('',#2548,#2548,#446,.T.);
#3105=EDGE_CURVE('',#2549,#2549,#447,.T.);
#3106=EDGE_CURVE('',#2549,#2540,#1626,.T.);
#3107=EDGE_CURVE('',#2550,#2550,#448,.T.);
#3108=EDGE_CURVE('',#2550,#2539,#1627,.T.);
#3109=EDGE_CURVE('',#2551,#2551,#449,.T.);
#3110=EDGE_CURVE('',#2551,#2507,#1628,.T.);
#3111=EDGE_CURVE('',#2552,#2552,#450,.T.);
#3112=EDGE_CURVE('',#2552,#2542,#1629,.T.);
#3113=EDGE_CURVE('',#2553,#2553,#451,.T.);
#3114=EDGE_CURVE('',#2553,#2538,#1630,.T.);
#3115=EDGE_CURVE('',#2554,#2554,#452,.T.);
#3116=EDGE_CURVE('',#2554,#2543,#1631,.T.);
#3117=EDGE_CURVE('',#2555,#2555,#453,.T.);
#3118=EDGE_CURVE('',#2555,#2537,#1632,.T.);
#3119=EDGE_CURVE('',#2556,#2556,#454,.T.);
#3120=EDGE_CURVE('',#2556,#2508,#1633,.T.);
#3121=EDGE_CURVE('',#2529,#2557,#1634,.T.);
#3122=EDGE_CURVE('',#2558,#2557,#1635,.T.);
#3123=EDGE_CURVE('',#2531,#2558,#1636,.T.);
#3124=EDGE_CURVE('',#2559,#2558,#455,.T.);
#3125=EDGE_CURVE('',#2532,#2559,#1637,.T.);
#3126=EDGE_CURVE('',#2560,#2559,#1638,.T.);
#3127=EDGE_CURVE('',#2533,#2560,#1639,.T.);
#3128=EDGE_CURVE('',#2561,#2560,#456,.T.);
#3129=EDGE_CURVE('',#2534,#2561,#1640,.T.);
#3130=EDGE_CURVE('',#2562,#2561,#1641,.T.);
#3131=EDGE_CURVE('',#2535,#2562,#1642,.T.);
#3132=EDGE_CURVE('',#2563,#2562,#457,.T.);
#3133=EDGE_CURVE('',#2536,#2563,#1643,.T.);
#3134=EDGE_CURVE('',#2564,#2563,#1644,.T.);
#3135=EDGE_CURVE('',#2530,#2564,#1645,.T.);
#3136=EDGE_CURVE('',#2557,#2564,#458,.T.);
#3137=EDGE_CURVE('',#2565,#2565,#459,.T.);
#3138=EDGE_CURVE('',#2565,#2509,#1646,.T.);
#3139=EDGE_CURVE('',#2566,#2566,#460,.T.);
#3140=EDGE_CURVE('',#2566,#2544,#1647,.T.);
#3141=EDGE_CURVE('',#2567,#2567,#461,.T.);
#3142=EDGE_CURVE('',#2567,#2528,#1648,.T.);
#3143=EDGE_CURVE('',#2568,#2568,#462,.T.);
#3144=EDGE_CURVE('',#2568,#2527,#1649,.T.);
#3145=EDGE_CURVE('',#2569,#2569,#463,.T.);
#3146=EDGE_CURVE('',#2569,#2526,#1650,.T.);
#3147=EDGE_CURVE('',#2570,#2570,#464,.T.);
#3148=EDGE_CURVE('',#2570,#2525,#1651,.T.);
#3149=EDGE_CURVE('',#2571,#2571,#465,.T.);
#3150=EDGE_CURVE('',#2571,#2545,#1652,.T.);
#3151=EDGE_CURVE('',#2572,#2572,#466,.T.);
#3152=EDGE_CURVE('',#2572,#2524,#1653,.T.);
#3153=EDGE_CURVE('',#2573,#2573,#467,.T.);
#3154=EDGE_CURVE('',#2573,#2546,#1654,.T.);
#3155=EDGE_CURVE('',#2574,#2574,#468,.T.);
#3156=EDGE_CURVE('',#2574,#2523,#1655,.T.);
#3157=EDGE_CURVE('',#2575,#2575,#469,.T.);
#3158=EDGE_CURVE('',#2575,#2522,#1656,.T.);
#3159=EDGE_CURVE('',#2576,#2576,#470,.T.);
#3160=EDGE_CURVE('',#2576,#2521,#1657,.T.);
#3161=EDGE_CURVE('',#2577,#2577,#471,.T.);
#3162=EDGE_CURVE('',#2577,#2520,#1658,.T.);
#3163=EDGE_CURVE('',#2578,#2578,#472,.T.);
#3164=EDGE_CURVE('',#2578,#2519,#1659,.T.);
#3165=EDGE_CURVE('',#2579,#2579,#473,.T.);
#3166=EDGE_CURVE('',#2579,#2518,#1660,.T.);
#3167=EDGE_CURVE('',#2580,#2580,#474,.T.);
#3168=EDGE_CURVE('',#2580,#2517,#1661,.T.);
#3169=EDGE_CURVE('',#2581,#2581,#475,.T.);
#3170=EDGE_CURVE('',#2581,#2547,#1662,.T.);
#3171=EDGE_CURVE('',#2582,#2582,#476,.T.);
#3172=EDGE_CURVE('',#2582,#2516,#1663,.T.);
#3173=EDGE_CURVE('',#2583,#2583,#477,.T.);
#3174=EDGE_CURVE('',#2583,#2548,#1664,.T.);
#3175=EDGE_CURVE('',#2584,#2505,#1665,.T.);
#3176=EDGE_CURVE('',#2541,#2584,#1666,.T.);
#3177=EDGE_CURVE('',#2585,#2584,#1667,.T.);
#3178=EDGE_CURVE('',#2510,#2585,#1668,.T.);
#3179=EDGE_CURVE('',#2586,#2585,#600,.T.);
#3180=EDGE_CURVE('',#2511,#2586,#1669,.T.);
#3181=EDGE_CURVE('',#2587,#2586,#478,.T.);
#3182=EDGE_CURVE('',#2512,#2587,#1670,.T.);
#3183=EDGE_CURVE('',#2588,#2587,#601,.T.);
#3184=EDGE_CURVE('',#2589,#2588,#1671,.T.);
#3185=EDGE_CURVE('',#2514,#2589,#1672,.T.);
#3186=EDGE_CURVE('',#2590,#2589,#602,.T.);
#3187=EDGE_CURVE('',#2515,#2590,#1673,.T.);
#3188=EDGE_CURVE('',#2504,#2590,#1674,.T.);
#3189=EDGE_CURVE('',#2591,#2592,#1675,.T.);
#3190=EDGE_CURVE('',#2593,#2591,#1676,.T.);
#3191=EDGE_CURVE('',#2593,#2594,#1677,.T.);
#3192=EDGE_CURVE('',#2594,#2592,#1678,.T.);
#3193=EDGE_CURVE('',#2592,#2595,#1679,.T.);
#3194=EDGE_CURVE('',#2596,#2594,#1680,.T.);
#3195=EDGE_CURVE('',#2595,#2596,#1681,.T.);
#3196=EDGE_CURVE('',#2597,#2593,#1682,.T.);
#3197=EDGE_CURVE('',#2597,#2596,#1683,.T.);
#3198=EDGE_CURVE('',#2595,#2598,#1684,.T.);
#3199=EDGE_CURVE('',#2598,#2597,#1685,.T.);
#3200=EDGE_CURVE('',#2599,#2598,#1686,.T.);
#3201=EDGE_CURVE('',#2599,#2600,#1687,.T.);
#3202=EDGE_CURVE('',#2601,#2600,#1688,.T.);
#3203=EDGE_CURVE('',#2602,#2601,#1689,.T.);
#3204=EDGE_CURVE('',#2591,#2602,#1690,.T.);
#3205=EDGE_CURVE('',#2603,#2603,#479,.T.);
#3206=EDGE_CURVE('',#2603,#2604,#1691,.T.);
#3207=EDGE_CURVE('',#2604,#2604,#480,.T.);
#3208=EDGE_CURVE('',#2605,#2605,#481,.T.);
#3209=EDGE_CURVE('',#2605,#2606,#1692,.T.);
#3210=EDGE_CURVE('',#2606,#2606,#482,.T.);
#3211=EDGE_CURVE('',#2607,#2607,#483,.T.);
#3212=EDGE_CURVE('',#2607,#2608,#1693,.T.);
#3213=EDGE_CURVE('',#2608,#2608,#484,.T.);
#3214=EDGE_CURVE('',#2609,#2609,#485,.T.);
#3215=EDGE_CURVE('',#2609,#2610,#1694,.T.);
#3216=EDGE_CURVE('',#2610,#2610,#486,.T.);
#3217=EDGE_CURVE('',#2611,#2611,#487,.T.);
#3218=EDGE_CURVE('',#2611,#2612,#1695,.T.);
#3219=EDGE_CURVE('',#2612,#2612,#488,.T.);
#3220=EDGE_CURVE('',#2613,#2613,#489,.T.);
#3221=EDGE_CURVE('',#2613,#2614,#1696,.T.);
#3222=EDGE_CURVE('',#2614,#2614,#490,.T.);
#3223=EDGE_CURVE('',#2615,#2615,#491,.T.);
#3224=EDGE_CURVE('',#2615,#2616,#1697,.T.);
#3225=EDGE_CURVE('',#2616,#2616,#492,.T.);
#3226=EDGE_CURVE('',#2617,#2617,#493,.T.);
#3227=EDGE_CURVE('',#2617,#2618,#1698,.T.);
#3228=EDGE_CURVE('',#2618,#2618,#494,.T.);
#3229=EDGE_CURVE('',#2619,#2619,#495,.T.);
#3230=EDGE_CURVE('',#2619,#2620,#1699,.T.);
#3231=EDGE_CURVE('',#2620,#2620,#496,.T.);
#3232=EDGE_CURVE('',#2621,#2621,#497,.T.);
#3233=EDGE_CURVE('',#2621,#2622,#1700,.T.);
#3234=EDGE_CURVE('',#2622,#2622,#498,.T.);
#3235=EDGE_CURVE('',#2623,#2623,#499,.T.);
#3236=EDGE_CURVE('',#2623,#2624,#1701,.T.);
#3237=EDGE_CURVE('',#2624,#2624,#500,.T.);
#3238=EDGE_CURVE('',#2625,#2625,#501,.T.);
#3239=EDGE_CURVE('',#2625,#2626,#1702,.T.);
#3240=EDGE_CURVE('',#2626,#2626,#502,.T.);
#3241=EDGE_CURVE('',#2627,#2627,#503,.T.);
#3242=EDGE_CURVE('',#2627,#2628,#1703,.T.);
#3243=EDGE_CURVE('',#2628,#2628,#504,.T.);
#3244=EDGE_CURVE('',#2629,#2629,#505,.T.);
#3245=EDGE_CURVE('',#2629,#2630,#1704,.T.);
#3246=EDGE_CURVE('',#2630,#2630,#506,.T.);
#3247=EDGE_CURVE('',#2631,#2631,#507,.T.);
#3248=EDGE_CURVE('',#2631,#2632,#1705,.T.);
#3249=EDGE_CURVE('',#2632,#2632,#508,.T.);
#3250=EDGE_CURVE('',#2633,#2633,#509,.T.);
#3251=EDGE_CURVE('',#2633,#2634,#1706,.T.);
#3252=EDGE_CURVE('',#2634,#2634,#510,.T.);
#3253=EDGE_CURVE('',#2635,#2635,#511,.T.);
#3254=EDGE_CURVE('',#2635,#2636,#1707,.T.);
#3255=EDGE_CURVE('',#2636,#2636,#512,.T.);
#3256=EDGE_CURVE('',#2637,#2637,#513,.T.);
#3257=EDGE_CURVE('',#2637,#2638,#1708,.T.);
#3258=EDGE_CURVE('',#2638,#2638,#514,.T.);
#3259=EDGE_CURVE('',#2639,#2639,#515,.T.);
#3260=EDGE_CURVE('',#2639,#2640,#1709,.T.);
#3261=EDGE_CURVE('',#2640,#2640,#516,.T.);
#3262=EDGE_CURVE('',#2641,#2599,#1710,.T.);
#3263=EDGE_CURVE('',#2641,#2642,#1711,.T.);
#3264=EDGE_CURVE('',#2600,#2642,#1712,.T.);
#3265=EDGE_CURVE('',#2602,#2643,#1713,.T.);
#3266=EDGE_CURVE('',#2644,#2601,#1714,.T.);
#3267=EDGE_CURVE('',#2643,#2644,#1715,.T.);
#3268=EDGE_CURVE('',#2643,#2641,#1716,.T.);
#3269=EDGE_CURVE('',#2642,#2644,#1717,.T.);
#3270=EDGE_CURVE('',#2645,#2645,#517,.T.);
#3271=EDGE_CURVE('',#2645,#2646,#1718,.T.);
#3272=EDGE_CURVE('',#2646,#2646,#518,.T.);
#3273=EDGE_CURVE('',#2647,#2647,#519,.T.);
#3274=EDGE_CURVE('',#2647,#2648,#1719,.T.);
#3275=EDGE_CURVE('',#2648,#2648,#520,.T.);
#3276=EDGE_CURVE('',#2649,#2649,#521,.T.);
#3277=EDGE_CURVE('',#2649,#2650,#1720,.T.);
#3278=EDGE_CURVE('',#2650,#2650,#522,.T.);
#3279=EDGE_CURVE('',#2651,#2651,#523,.T.);
#3280=EDGE_CURVE('',#2651,#2652,#1721,.T.);
#3281=EDGE_CURVE('',#2652,#2652,#524,.T.);
#3282=EDGE_CURVE('',#2653,#2653,#525,.T.);
#3283=EDGE_CURVE('',#2653,#2654,#1722,.T.);
#3284=EDGE_CURVE('',#2654,#2654,#526,.T.);
#3285=EDGE_CURVE('',#2655,#2656,#1723,.T.);
#3286=EDGE_CURVE('',#2655,#2657,#1724,.T.);
#3287=EDGE_CURVE('',#2658,#2657,#1725,.T.);
#3288=EDGE_CURVE('',#2656,#2658,#1726,.T.);
#3289=EDGE_CURVE('',#2659,#2656,#1727,.T.);
#3290=EDGE_CURVE('',#2660,#2658,#1728,.T.);
#3291=EDGE_CURVE('',#2659,#2660,#1729,.T.);
#3292=EDGE_CURVE('',#2659,#2661,#1730,.T.);
#3293=EDGE_CURVE('',#2662,#2660,#1731,.T.);
#3294=EDGE_CURVE('',#2661,#2662,#1732,.T.);
#3295=EDGE_CURVE('',#2663,#2661,#1733,.T.);
#3296=EDGE_CURVE('',#2664,#2662,#1734,.T.);
#3297=EDGE_CURVE('',#2663,#2664,#1735,.T.);
#3298=EDGE_CURVE('',#2663,#2665,#1736,.T.);
#3299=EDGE_CURVE('',#2666,#2664,#1737,.T.);
#3300=EDGE_CURVE('',#2665,#2666,#1738,.T.);
#3301=EDGE_CURVE('',#2667,#2665,#603,.T.);
#3302=EDGE_CURVE('',#2668,#2666,#604,.T.);
#3303=EDGE_CURVE('',#2667,#2668,#1739,.T.);
#3304=EDGE_CURVE('',#2669,#2667,#1740,.T.);
#3305=EDGE_CURVE('',#2670,#2668,#1741,.T.);
#3306=EDGE_CURVE('',#2669,#2670,#1742,.T.);
#3307=EDGE_CURVE('',#2671,#2669,#1743,.T.);
#3308=EDGE_CURVE('',#2672,#2670,#1744,.T.);
#3309=EDGE_CURVE('',#2671,#2672,#1745,.T.);
#3310=EDGE_CURVE('',#2655,#2671,#1746,.T.);
#3311=EDGE_CURVE('',#2657,#2672,#1747,.T.);
#3312=EDGE_CURVE('',#2673,#2673,#527,.T.);
#3313=EDGE_CURVE('',#2673,#2674,#1748,.T.);
#3314=EDGE_CURVE('',#2674,#2674,#528,.T.);
#3315=EDGE_CURVE('',#2675,#2675,#529,.T.);
#3316=EDGE_CURVE('',#2675,#2676,#1749,.T.);
#3317=EDGE_CURVE('',#2676,#2676,#530,.T.);
#3318=EDGE_CURVE('',#2677,#2678,#531,.T.);
#3319=EDGE_CURVE('',#2677,#2679,#1750,.T.);
#3320=EDGE_CURVE('',#2680,#2679,#532,.T.);
#3321=EDGE_CURVE('',#2678,#2680,#1751,.T.);
#3322=EDGE_CURVE('',#2678,#2681,#1752,.T.);
#3323=EDGE_CURVE('',#2682,#2680,#1753,.T.);
#3324=EDGE_CURVE('',#2681,#2682,#1754,.T.);
#3325=EDGE_CURVE('',#2683,#2681,#1755,.T.);
#3326=EDGE_CURVE('',#2684,#2682,#1756,.T.);
#3327=EDGE_CURVE('',#2683,#2684,#1757,.T.);
#3328=EDGE_CURVE('',#2683,#2685,#1758,.T.);
#3329=EDGE_CURVE('',#2686,#2684,#1759,.T.);
#3330=EDGE_CURVE('',#2685,#2686,#1760,.T.);
#3331=EDGE_CURVE('',#2685,#2687,#1761,.T.);
#3332=EDGE_CURVE('',#2688,#2686,#1762,.T.);
#3333=EDGE_CURVE('',#2687,#2688,#1763,.T.);
#3334=EDGE_CURVE('',#2687,#2689,#1764,.T.);
#3335=EDGE_CURVE('',#2690,#2688,#1765,.T.);
#3336=EDGE_CURVE('',#2689,#2690,#1766,.T.);
#3337=EDGE_CURVE('',#2691,#2689,#1767,.T.);
#3338=EDGE_CURVE('',#2692,#2690,#1768,.T.);
#3339=EDGE_CURVE('',#2691,#2692,#1769,.T.);
#3340=EDGE_CURVE('',#2693,#2691,#533,.T.);
#3341=EDGE_CURVE('',#2694,#2692,#534,.T.);
#3342=EDGE_CURVE('',#2693,#2694,#1770,.T.);
#3343=EDGE_CURVE('',#2695,#2693,#1771,.T.);
#3344=EDGE_CURVE('',#2696,#2694,#1772,.T.);
#3345=EDGE_CURVE('',#2695,#2696,#1773,.T.);
#3346=EDGE_CURVE('',#2697,#2695,#535,.T.);
#3347=EDGE_CURVE('',#2698,#2696,#536,.T.);
#3348=EDGE_CURVE('',#2697,#2698,#1774,.T.);
#3349=EDGE_CURVE('',#2697,#2699,#605,.T.);
#3350=EDGE_CURVE('',#2700,#2698,#606,.T.);
#3351=EDGE_CURVE('',#2699,#2700,#1775,.T.);
#3352=EDGE_CURVE('',#2701,#2699,#1776,.T.);
#3353=EDGE_CURVE('',#2702,#2700,#1777,.T.);
#3354=EDGE_CURVE('',#2701,#2702,#1778,.T.);
#3355=EDGE_CURVE('',#2703,#2701,#1779,.T.);
#3356=EDGE_CURVE('',#2704,#2702,#1780,.T.);
#3357=EDGE_CURVE('',#2703,#2704,#1781,.T.);
#3358=EDGE_CURVE('',#2703,#2705,#1782,.T.);
#3359=EDGE_CURVE('',#2706,#2704,#1783,.T.);
#3360=EDGE_CURVE('',#2705,#2706,#1784,.T.);
#3361=EDGE_CURVE('',#2705,#2707,#1785,.T.);
#3362=EDGE_CURVE('',#2708,#2706,#1786,.T.);
#3363=EDGE_CURVE('',#2707,#2708,#1787,.T.);
#3364=EDGE_CURVE('',#2709,#2707,#607,.T.);
#3365=EDGE_CURVE('',#2710,#2708,#608,.T.);
#3366=EDGE_CURVE('',#2709,#2710,#1788,.T.);
#3367=EDGE_CURVE('',#2711,#2709,#537,.T.);
#3368=EDGE_CURVE('',#2712,#2710,#538,.T.);
#3369=EDGE_CURVE('',#2711,#2712,#1789,.T.);
#3370=EDGE_CURVE('',#2711,#2713,#1790,.T.);
#3371=EDGE_CURVE('',#2714,#2712,#1791,.T.);
#3372=EDGE_CURVE('',#2713,#2714,#1792,.T.);
#3373=EDGE_CURVE('',#2715,#2713,#539,.T.);
#3374=EDGE_CURVE('',#2716,#2714,#540,.T.);
#3375=EDGE_CURVE('',#2715,#2716,#1793,.T.);
#3376=EDGE_CURVE('',#2715,#2717,#1794,.T.);
#3377=EDGE_CURVE('',#2718,#2716,#1795,.T.);
#3378=EDGE_CURVE('',#2717,#2718,#1796,.T.);
#3379=EDGE_CURVE('',#2719,#2717,#1797,.T.);
#3380=EDGE_CURVE('',#2720,#2718,#1798,.T.);
#3381=EDGE_CURVE('',#2719,#2720,#1799,.T.);
#3382=EDGE_CURVE('',#2721,#2719,#1800,.T.);
#3383=EDGE_CURVE('',#2722,#2720,#1801,.T.);
#3384=EDGE_CURVE('',#2721,#2722,#1802,.T.);
#3385=EDGE_CURVE('',#2723,#2721,#1803,.T.);
#3386=EDGE_CURVE('',#2724,#2722,#1804,.T.);
#3387=EDGE_CURVE('',#2723,#2724,#1805,.T.);
#3388=EDGE_CURVE('',#2723,#2725,#1806,.T.);
#3389=EDGE_CURVE('',#2726,#2724,#1807,.T.);
#3390=EDGE_CURVE('',#2725,#2726,#1808,.T.);
#3391=EDGE_CURVE('',#2727,#2725,#1809,.T.);
#3392=EDGE_CURVE('',#2728,#2726,#1810,.T.);
#3393=EDGE_CURVE('',#2727,#2728,#1811,.T.);
#3394=EDGE_CURVE('',#2727,#2729,#541,.T.);
#3395=EDGE_CURVE('',#2730,#2728,#542,.T.);
#3396=EDGE_CURVE('',#2729,#2730,#1812,.T.);
#3397=EDGE_CURVE('',#2729,#2731,#1813,.T.);
#3398=EDGE_CURVE('',#2732,#2730,#1814,.T.);
#3399=EDGE_CURVE('',#2731,#2732,#1815,.T.);
#3400=EDGE_CURVE('',#2677,#2731,#1816,.T.);
#3401=EDGE_CURVE('',#2679,#2732,#1817,.T.);
#3402=EDGE_CURVE('',#2733,#2733,#543,.T.);
#3403=EDGE_CURVE('',#2733,#2734,#1818,.T.);
#3404=EDGE_CURVE('',#2734,#2734,#544,.T.);
#3405=EDGE_CURVE('',#2735,#2735,#545,.T.);
#3406=EDGE_CURVE('',#2735,#2736,#1819,.T.);
#3407=EDGE_CURVE('',#2736,#2736,#546,.T.);
#3408=EDGE_CURVE('',#2737,#2737,#547,.T.);
#3409=EDGE_CURVE('',#2737,#2738,#1820,.T.);
#3410=EDGE_CURVE('',#2738,#2738,#548,.T.);
#3411=EDGE_CURVE('',#2739,#2739,#549,.T.);
#3412=EDGE_CURVE('',#2739,#2740,#1821,.T.);
#3413=EDGE_CURVE('',#2740,#2740,#550,.T.);
#3414=EDGE_CURVE('',#2741,#2741,#551,.T.);
#3415=EDGE_CURVE('',#2741,#2742,#1822,.T.);
#3416=EDGE_CURVE('',#2742,#2742,#552,.T.);
#3417=EDGE_CURVE('',#2743,#2744,#1823,.T.);
#3418=EDGE_CURVE('',#2743,#2745,#1824,.T.);
#3419=EDGE_CURVE('',#2746,#2745,#1825,.T.);
#3420=EDGE_CURVE('',#2744,#2746,#1826,.T.);
#3421=EDGE_CURVE('',#2747,#2744,#1827,.T.);
#3422=EDGE_CURVE('',#2748,#2746,#1828,.T.);
#3423=EDGE_CURVE('',#2747,#2748,#1829,.T.);
#3424=EDGE_CURVE('',#2747,#2749,#1830,.T.);
#3425=EDGE_CURVE('',#2750,#2748,#1831,.T.);
#3426=EDGE_CURVE('',#2749,#2750,#1832,.T.);
#3427=EDGE_CURVE('',#2751,#2749,#1833,.T.);
#3428=EDGE_CURVE('',#2752,#2750,#1834,.T.);
#3429=EDGE_CURVE('',#2751,#2752,#1835,.T.);
#3430=EDGE_CURVE('',#2751,#2753,#1836,.T.);
#3431=EDGE_CURVE('',#2754,#2752,#1837,.T.);
#3432=EDGE_CURVE('',#2753,#2754,#1838,.T.);
#3433=EDGE_CURVE('',#2755,#2753,#609,.T.);
#3434=EDGE_CURVE('',#2756,#2754,#610,.T.);
#3435=EDGE_CURVE('',#2755,#2756,#1839,.T.);
#3436=EDGE_CURVE('',#2757,#2755,#1840,.T.);
#3437=EDGE_CURVE('',#2758,#2756,#1841,.T.);
#3438=EDGE_CURVE('',#2757,#2758,#1842,.T.);
#3439=EDGE_CURVE('',#2759,#2757,#1843,.T.);
#3440=EDGE_CURVE('',#2760,#2758,#1844,.T.);
#3441=EDGE_CURVE('',#2759,#2760,#1845,.T.);
#3442=EDGE_CURVE('',#2743,#2759,#1846,.T.);
#3443=EDGE_CURVE('',#2745,#2760,#1847,.T.);
#3444=EDGE_CURVE('',#2761,#2762,#1848,.T.);
#3445=EDGE_CURVE('',#2763,#2761,#1849,.T.);
#3446=EDGE_CURVE('',#2763,#2764,#1850,.T.);
#3447=EDGE_CURVE('',#2764,#2762,#1851,.T.);
#3448=EDGE_CURVE('',#2762,#2765,#1852,.T.);
#3449=EDGE_CURVE('',#2766,#2764,#1853,.T.);
#3450=EDGE_CURVE('',#2765,#2766,#1854,.T.);
#3451=EDGE_CURVE('',#2767,#2763,#1855,.T.);
#3452=EDGE_CURVE('',#2767,#2766,#1856,.T.);
#3453=EDGE_CURVE('',#2765,#2768,#1857,.T.);
#3454=EDGE_CURVE('',#2768,#2767,#1858,.T.);
#3455=EDGE_CURVE('',#2768,#2769,#1859,.T.);
#3456=EDGE_CURVE('',#2769,#2770,#1860,.T.);
#3457=EDGE_CURVE('',#2771,#2770,#1861,.T.);
#3458=EDGE_CURVE('',#2772,#2771,#1862,.T.);
#3459=EDGE_CURVE('',#2772,#2761,#1863,.T.);
#3460=EDGE_CURVE('',#2773,#2773,#553,.T.);
#3461=EDGE_CURVE('',#2773,#2774,#1864,.T.);
#3462=EDGE_CURVE('',#2774,#2774,#554,.T.);
#3463=EDGE_CURVE('',#2775,#2775,#555,.T.);
#3464=EDGE_CURVE('',#2775,#2776,#1865,.T.);
#3465=EDGE_CURVE('',#2776,#2776,#556,.T.);
#3466=EDGE_CURVE('',#2777,#2777,#557,.T.);
#3467=EDGE_CURVE('',#2777,#2778,#1866,.T.);
#3468=EDGE_CURVE('',#2778,#2778,#558,.T.);
#3469=EDGE_CURVE('',#2779,#2779,#559,.T.);
#3470=EDGE_CURVE('',#2779,#2780,#1867,.T.);
#3471=EDGE_CURVE('',#2780,#2780,#560,.T.);
#3472=EDGE_CURVE('',#2781,#2781,#561,.T.);
#3473=EDGE_CURVE('',#2781,#2782,#1868,.T.);
#3474=EDGE_CURVE('',#2782,#2782,#562,.T.);
#3475=EDGE_CURVE('',#2783,#2783,#563,.T.);
#3476=EDGE_CURVE('',#2783,#2784,#1869,.T.);
#3477=EDGE_CURVE('',#2784,#2784,#564,.T.);
#3478=EDGE_CURVE('',#2785,#2785,#565,.T.);
#3479=EDGE_CURVE('',#2785,#2786,#1870,.T.);
#3480=EDGE_CURVE('',#2786,#2786,#566,.T.);
#3481=EDGE_CURVE('',#2787,#2787,#567,.T.);
#3482=EDGE_CURVE('',#2787,#2788,#1871,.T.);
#3483=EDGE_CURVE('',#2788,#2788,#568,.T.);
#3484=EDGE_CURVE('',#2789,#2789,#569,.T.);
#3485=EDGE_CURVE('',#2789,#2790,#1872,.T.);
#3486=EDGE_CURVE('',#2790,#2790,#570,.T.);
#3487=EDGE_CURVE('',#2791,#2791,#571,.T.);
#3488=EDGE_CURVE('',#2791,#2792,#1873,.T.);
#3489=EDGE_CURVE('',#2792,#2792,#572,.T.);
#3490=EDGE_CURVE('',#2793,#2793,#573,.T.);
#3491=EDGE_CURVE('',#2793,#2794,#1874,.T.);
#3492=EDGE_CURVE('',#2794,#2794,#574,.T.);
#3493=EDGE_CURVE('',#2795,#2795,#575,.T.);
#3494=EDGE_CURVE('',#2795,#2796,#1875,.T.);
#3495=EDGE_CURVE('',#2796,#2796,#576,.T.);
#3496=EDGE_CURVE('',#2797,#2797,#577,.T.);
#3497=EDGE_CURVE('',#2797,#2798,#1876,.T.);
#3498=EDGE_CURVE('',#2798,#2798,#578,.T.);
#3499=EDGE_CURVE('',#2799,#2799,#579,.T.);
#3500=EDGE_CURVE('',#2799,#2800,#1877,.T.);
#3501=EDGE_CURVE('',#2800,#2800,#580,.T.);
#3502=EDGE_CURVE('',#2801,#2801,#581,.T.);
#3503=EDGE_CURVE('',#2801,#2802,#1878,.T.);
#3504=EDGE_CURVE('',#2802,#2802,#582,.T.);
#3505=EDGE_CURVE('',#2803,#2803,#583,.T.);
#3506=EDGE_CURVE('',#2803,#2804,#1879,.T.);
#3507=EDGE_CURVE('',#2804,#2804,#584,.T.);
#3508=EDGE_CURVE('',#2805,#2805,#585,.T.);
#3509=EDGE_CURVE('',#2805,#2806,#1880,.T.);
#3510=EDGE_CURVE('',#2806,#2806,#586,.T.);
#3511=EDGE_CURVE('',#2807,#2807,#587,.T.);
#3512=EDGE_CURVE('',#2807,#2808,#1881,.T.);
#3513=EDGE_CURVE('',#2808,#2808,#588,.T.);
#3514=EDGE_CURVE('',#2809,#2809,#589,.T.);
#3515=EDGE_CURVE('',#2809,#2810,#1882,.T.);
#3516=EDGE_CURVE('',#2810,#2810,#590,.T.);
#3517=EDGE_CURVE('',#2811,#2812,#1883,.T.);
#3518=EDGE_CURVE('',#2812,#2813,#1884,.T.);
#3519=EDGE_CURVE('',#2814,#2813,#1885,.T.);
#3520=EDGE_CURVE('',#2811,#2814,#1886,.T.);
#3521=EDGE_CURVE('',#2769,#2811,#1887,.T.);
#3522=EDGE_CURVE('',#2770,#2814,#1888,.T.);
#3523=EDGE_CURVE('',#2812,#2772,#1889,.T.);
#3524=EDGE_CURVE('',#2813,#2771,#1890,.T.);
#3525=ORIENTED_EDGE('',*,*,#2815,.F.);
#3526=ORIENTED_EDGE('',*,*,#2816,.T.);
#3527=ORIENTED_EDGE('',*,*,#2817,.F.);
#3528=ORIENTED_EDGE('',*,*,#2818,.F.);
#3529=ORIENTED_EDGE('',*,*,#2819,.F.);
#3530=ORIENTED_EDGE('',*,*,#2818,.T.);
#3531=ORIENTED_EDGE('',*,*,#2820,.F.);
#3532=ORIENTED_EDGE('',*,*,#2821,.F.);
#3533=ORIENTED_EDGE('',*,*,#2822,.F.);
#3534=ORIENTED_EDGE('',*,*,#2821,.T.);
#3535=ORIENTED_EDGE('',*,*,#2823,.F.);
#3536=ORIENTED_EDGE('',*,*,#2824,.F.);
#3537=ORIENTED_EDGE('',*,*,#2825,.F.);
#3538=ORIENTED_EDGE('',*,*,#2824,.T.);
#3539=ORIENTED_EDGE('',*,*,#2826,.F.);
#3540=ORIENTED_EDGE('',*,*,#2816,.F.);
#3541=ORIENTED_EDGE('',*,*,#2826,.T.);
#3542=ORIENTED_EDGE('',*,*,#2823,.T.);
#3543=ORIENTED_EDGE('',*,*,#2820,.T.);
#3544=ORIENTED_EDGE('',*,*,#2817,.T.);
#3545=ORIENTED_EDGE('',*,*,#2825,.T.);
#3546=ORIENTED_EDGE('',*,*,#2815,.T.);
#3547=ORIENTED_EDGE('',*,*,#2819,.T.);
#3548=ORIENTED_EDGE('',*,*,#2822,.T.);
#3549=ORIENTED_EDGE('',*,*,#2827,.T.);
#3550=ORIENTED_EDGE('',*,*,#2828,.T.);
#3551=ORIENTED_EDGE('',*,*,#2829,.F.);
#3552=ORIENTED_EDGE('',*,*,#2830,.F.);
#3553=ORIENTED_EDGE('',*,*,#2831,.T.);
#3554=ORIENTED_EDGE('',*,*,#2830,.T.);
#3555=ORIENTED_EDGE('',*,*,#2832,.F.);
#3556=ORIENTED_EDGE('',*,*,#2833,.F.);
#3557=ORIENTED_EDGE('',*,*,#2834,.T.);
#3558=ORIENTED_EDGE('',*,*,#2833,.T.);
#3559=ORIENTED_EDGE('',*,*,#2835,.F.);
#3560=ORIENTED_EDGE('',*,*,#2836,.F.);
#3561=ORIENTED_EDGE('',*,*,#2837,.T.);
#3562=ORIENTED_EDGE('',*,*,#2836,.T.);
#3563=ORIENTED_EDGE('',*,*,#2838,.F.);
#3564=ORIENTED_EDGE('',*,*,#2828,.F.);
#3565=ORIENTED_EDGE('',*,*,#2838,.T.);
#3566=ORIENTED_EDGE('',*,*,#2835,.T.);
#3567=ORIENTED_EDGE('',*,*,#2832,.T.);
#3568=ORIENTED_EDGE('',*,*,#2829,.T.);
#3569=ORIENTED_EDGE('',*,*,#2837,.F.);
#3570=ORIENTED_EDGE('',*,*,#2827,.F.);
#3571=ORIENTED_EDGE('',*,*,#2831,.F.);
#3572=ORIENTED_EDGE('',*,*,#2834,.F.);
#3573=ORIENTED_EDGE('',*,*,#2839,.F.);
#3574=ORIENTED_EDGE('',*,*,#2840,.T.);
#3575=ORIENTED_EDGE('',*,*,#2841,.F.);
#3576=ORIENTED_EDGE('',*,*,#2842,.F.);
#3577=ORIENTED_EDGE('',*,*,#2843,.F.);
#3578=ORIENTED_EDGE('',*,*,#2844,.T.);
#3579=ORIENTED_EDGE('',*,*,#2845,.F.);
#3580=ORIENTED_EDGE('',*,*,#2846,.F.);
#3581=ORIENTED_EDGE('',*,*,#2847,.F.);
#3582=ORIENTED_EDGE('',*,*,#2848,.F.);
#3583=ORIENTED_EDGE('',*,*,#2845,.T.);
#3584=ORIENTED_EDGE('',*,*,#2849,.T.);
#3585=ORIENTED_EDGE('',*,*,#2850,.F.);
#3586=ORIENTED_EDGE('',*,*,#2851,.F.);
#3587=ORIENTED_EDGE('',*,*,#2852,.F.);
#3588=ORIENTED_EDGE('',*,*,#2853,.F.);
#3589=ORIENTED_EDGE('',*,*,#2854,.F.);
#3590=ORIENTED_EDGE('',*,*,#2855,.F.);
#3591=ORIENTED_EDGE('',*,*,#2856,.F.);
#3592=ORIENTED_EDGE('',*,*,#2857,.F.);
#3593=ORIENTED_EDGE('',*,*,#2840,.F.);
#3594=ORIENTED_EDGE('',*,*,#2858,.F.);
#3595=ORIENTED_EDGE('',*,*,#2859,.F.);
#3596=ORIENTED_EDGE('',*,*,#2860,.F.);
#3597=ORIENTED_EDGE('',*,*,#2861,.F.);
#3598=ORIENTED_EDGE('',*,*,#2849,.F.);
#3599=ORIENTED_EDGE('',*,*,#2844,.F.);
#3600=ORIENTED_EDGE('',*,*,#2862,.F.);
#3601=ORIENTED_EDGE('',*,*,#2863,.F.);
#3602=ORIENTED_EDGE('',*,*,#2864,.T.);
#3603=ORIENTED_EDGE('',*,*,#2851,.T.);
#3604=ORIENTED_EDGE('',*,*,#2865,.F.);
#3605=ORIENTED_EDGE('',*,*,#2866,.T.);
#3606=ORIENTED_EDGE('',*,*,#2852,.T.);
#3607=ORIENTED_EDGE('',*,*,#2864,.F.);
#3608=ORIENTED_EDGE('',*,*,#2867,.F.);
#3609=ORIENTED_EDGE('',*,*,#2868,.T.);
#3610=ORIENTED_EDGE('',*,*,#2853,.T.);
#3611=ORIENTED_EDGE('',*,*,#2866,.F.);
#3612=ORIENTED_EDGE('',*,*,#2869,.F.);
#3613=ORIENTED_EDGE('',*,*,#2870,.T.);
#3614=ORIENTED_EDGE('',*,*,#2854,.T.);
#3615=ORIENTED_EDGE('',*,*,#2868,.F.);
#3616=ORIENTED_EDGE('',*,*,#2871,.F.);
#3617=ORIENTED_EDGE('',*,*,#2872,.T.);
#3618=ORIENTED_EDGE('',*,*,#2855,.T.);
#3619=ORIENTED_EDGE('',*,*,#2870,.F.);
#3620=ORIENTED_EDGE('',*,*,#2873,.F.);
#3621=ORIENTED_EDGE('',*,*,#2874,.T.);
#3622=ORIENTED_EDGE('',*,*,#2856,.T.);
#3623=ORIENTED_EDGE('',*,*,#2872,.F.);
#3624=ORIENTED_EDGE('',*,*,#2875,.F.);
#3625=ORIENTED_EDGE('',*,*,#2841,.T.);
#3626=ORIENTED_EDGE('',*,*,#2857,.T.);
#3627=ORIENTED_EDGE('',*,*,#2874,.F.);
#3628=ORIENTED_EDGE('',*,*,#2876,.F.);
#3629=ORIENTED_EDGE('',*,*,#2877,.F.);
#3630=ORIENTED_EDGE('',*,*,#2878,.T.);
#3631=ORIENTED_EDGE('',*,*,#2859,.T.);
#3632=ORIENTED_EDGE('',*,*,#2879,.F.);
#3633=ORIENTED_EDGE('',*,*,#2860,.T.);
#3634=ORIENTED_EDGE('',*,*,#2878,.F.);
#3635=ORIENTED_EDGE('',*,*,#2880,.F.);
#3636=ORIENTED_EDGE('',*,*,#2862,.T.);
#3637=ORIENTED_EDGE('',*,*,#2850,.T.);
#3638=ORIENTED_EDGE('',*,*,#2843,.T.);
#3639=ORIENTED_EDGE('',*,*,#2881,.T.);
#3640=ORIENTED_EDGE('',*,*,#2882,.T.);
#3641=ORIENTED_EDGE('',*,*,#2883,.F.);
#3642=ORIENTED_EDGE('',*,*,#2884,.F.);
#3643=ORIENTED_EDGE('',*,*,#2885,.T.);
#3644=ORIENTED_EDGE('',*,*,#2846,.T.);
#3645=ORIENTED_EDGE('',*,*,#2848,.T.);
#3646=ORIENTED_EDGE('',*,*,#2886,.F.);
#3647=ORIENTED_EDGE('',*,*,#2887,.F.);
#3648=ORIENTED_EDGE('',*,*,#2888,.F.);
#3649=ORIENTED_EDGE('',*,*,#2889,.T.);
#3650=ORIENTED_EDGE('',*,*,#2890,.F.);
#3651=ORIENTED_EDGE('',*,*,#2881,.F.);
#3652=ORIENTED_EDGE('',*,*,#2891,.F.);
#3653=ORIENTED_EDGE('',*,*,#2892,.F.);
#3654=ORIENTED_EDGE('',*,*,#2893,.F.);
#3655=ORIENTED_EDGE('',*,*,#2894,.F.);
#3656=ORIENTED_EDGE('',*,*,#2895,.F.);
#3657=ORIENTED_EDGE('',*,*,#2896,.F.);
#3658=ORIENTED_EDGE('',*,*,#2897,.F.);
#3659=ORIENTED_EDGE('',*,*,#2898,.F.);
#3660=ORIENTED_EDGE('',*,*,#2899,.F.);
#3661=ORIENTED_EDGE('',*,*,#2900,.F.);
#3662=ORIENTED_EDGE('',*,*,#2901,.F.);
#3663=ORIENTED_EDGE('',*,*,#2902,.F.);
#3664=ORIENTED_EDGE('',*,*,#2903,.F.);
#3665=ORIENTED_EDGE('',*,*,#2904,.F.);
#3666=ORIENTED_EDGE('',*,*,#2905,.F.);
#3667=ORIENTED_EDGE('',*,*,#2906,.F.);
#3668=ORIENTED_EDGE('',*,*,#2907,.F.);
#3669=ORIENTED_EDGE('',*,*,#2908,.F.);
#3670=ORIENTED_EDGE('',*,*,#2909,.F.);
#3671=ORIENTED_EDGE('',*,*,#2910,.F.);
#3672=ORIENTED_EDGE('',*,*,#2911,.F.);
#3673=ORIENTED_EDGE('',*,*,#2912,.F.);
#3674=ORIENTED_EDGE('',*,*,#2913,.F.);
#3675=ORIENTED_EDGE('',*,*,#2914,.F.);
#3676=ORIENTED_EDGE('',*,*,#2915,.F.);
#3677=ORIENTED_EDGE('',*,*,#2877,.T.);
#3678=ORIENTED_EDGE('',*,*,#2916,.T.);
#3679=ORIENTED_EDGE('',*,*,#2917,.F.);
#3680=ORIENTED_EDGE('',*,*,#2880,.T.);
#3681=ORIENTED_EDGE('',*,*,#2918,.F.);
#3682=ORIENTED_EDGE('',*,*,#2919,.F.);
#3683=ORIENTED_EDGE('',*,*,#2920,.F.);
#3684=ORIENTED_EDGE('',*,*,#2847,.T.);
#3685=ORIENTED_EDGE('',*,*,#2861,.T.);
#3686=ORIENTED_EDGE('',*,*,#2879,.T.);
#3687=ORIENTED_EDGE('',*,*,#2917,.T.);
#3688=ORIENTED_EDGE('',*,*,#2921,.T.);
#3689=ORIENTED_EDGE('',*,*,#2922,.F.);
#3690=ORIENTED_EDGE('',*,*,#2923,.F.);
#3691=ORIENTED_EDGE('',*,*,#2886,.T.);
#3692=ORIENTED_EDGE('',*,*,#2924,.F.);
#3693=ORIENTED_EDGE('',*,*,#2925,.T.);
#3694=ORIENTED_EDGE('',*,*,#2891,.T.);
#3695=ORIENTED_EDGE('',*,*,#2925,.F.);
#3696=ORIENTED_EDGE('',*,*,#2926,.F.);
#3697=ORIENTED_EDGE('',*,*,#2927,.T.);
#3698=ORIENTED_EDGE('',*,*,#2892,.T.);
#3699=ORIENTED_EDGE('',*,*,#2927,.F.);
#3700=ORIENTED_EDGE('',*,*,#2928,.F.);
#3701=ORIENTED_EDGE('',*,*,#2929,.T.);
#3702=ORIENTED_EDGE('',*,*,#2930,.T.);
#3703=ORIENTED_EDGE('',*,*,#2929,.F.);
#3704=ORIENTED_EDGE('',*,*,#2931,.F.);
#3705=ORIENTED_EDGE('',*,*,#2932,.T.);
#3706=ORIENTED_EDGE('',*,*,#2933,.T.);
#3707=ORIENTED_EDGE('',*,*,#2932,.F.);
#3708=ORIENTED_EDGE('',*,*,#2934,.F.);
#3709=ORIENTED_EDGE('',*,*,#2935,.T.);
#3710=ORIENTED_EDGE('',*,*,#2893,.T.);
#3711=ORIENTED_EDGE('',*,*,#2935,.F.);
#3712=ORIENTED_EDGE('',*,*,#2936,.F.);
#3713=ORIENTED_EDGE('',*,*,#2937,.T.);
#3714=ORIENTED_EDGE('',*,*,#2894,.T.);
#3715=ORIENTED_EDGE('',*,*,#2937,.F.);
#3716=ORIENTED_EDGE('',*,*,#2938,.F.);
#3717=ORIENTED_EDGE('',*,*,#2939,.T.);
#3718=ORIENTED_EDGE('',*,*,#2940,.T.);
#3719=ORIENTED_EDGE('',*,*,#2939,.F.);
#3720=ORIENTED_EDGE('',*,*,#2941,.F.);
#3721=ORIENTED_EDGE('',*,*,#2942,.T.);
#3722=ORIENTED_EDGE('',*,*,#2895,.T.);
#3723=ORIENTED_EDGE('',*,*,#2942,.F.);
#3724=ORIENTED_EDGE('',*,*,#2943,.F.);
#3725=ORIENTED_EDGE('',*,*,#2944,.T.);
#3726=ORIENTED_EDGE('',*,*,#2896,.T.);
#3727=ORIENTED_EDGE('',*,*,#2944,.F.);
#3728=ORIENTED_EDGE('',*,*,#2945,.F.);
#3729=ORIENTED_EDGE('',*,*,#2946,.T.);
#3730=ORIENTED_EDGE('',*,*,#2897,.T.);
#3731=ORIENTED_EDGE('',*,*,#2946,.F.);
#3732=ORIENTED_EDGE('',*,*,#2947,.F.);
#3733=ORIENTED_EDGE('',*,*,#2948,.T.);
#3734=ORIENTED_EDGE('',*,*,#2898,.T.);
#3735=ORIENTED_EDGE('',*,*,#2948,.F.);
#3736=ORIENTED_EDGE('',*,*,#2949,.F.);
#3737=ORIENTED_EDGE('',*,*,#2950,.T.);
#3738=ORIENTED_EDGE('',*,*,#2899,.T.);
#3739=ORIENTED_EDGE('',*,*,#2950,.F.);
#3740=ORIENTED_EDGE('',*,*,#2951,.F.);
#3741=ORIENTED_EDGE('',*,*,#2952,.T.);
#3742=ORIENTED_EDGE('',*,*,#2900,.T.);
#3743=ORIENTED_EDGE('',*,*,#2952,.F.);
#3744=ORIENTED_EDGE('',*,*,#2902,.T.);
#3745=ORIENTED_EDGE('',*,*,#2953,.T.);
#3746=ORIENTED_EDGE('',*,*,#2954,.F.);
#3747=ORIENTED_EDGE('',*,*,#2955,.F.);
#3748=ORIENTED_EDGE('',*,*,#2903,.T.);
#3749=ORIENTED_EDGE('',*,*,#2955,.T.);
#3750=ORIENTED_EDGE('',*,*,#2956,.F.);
#3751=ORIENTED_EDGE('',*,*,#2957,.F.);
#3752=ORIENTED_EDGE('',*,*,#2904,.T.);
#3753=ORIENTED_EDGE('',*,*,#2957,.T.);
#3754=ORIENTED_EDGE('',*,*,#2958,.F.);
#3755=ORIENTED_EDGE('',*,*,#2959,.F.);
#3756=ORIENTED_EDGE('',*,*,#2905,.T.);
#3757=ORIENTED_EDGE('',*,*,#2959,.T.);
#3758=ORIENTED_EDGE('',*,*,#2960,.F.);
#3759=ORIENTED_EDGE('',*,*,#2961,.F.);
#3760=ORIENTED_EDGE('',*,*,#2906,.T.);
#3761=ORIENTED_EDGE('',*,*,#2961,.T.);
#3762=ORIENTED_EDGE('',*,*,#2962,.F.);
#3763=ORIENTED_EDGE('',*,*,#2963,.F.);
#3764=ORIENTED_EDGE('',*,*,#2907,.T.);
#3765=ORIENTED_EDGE('',*,*,#2963,.T.);
#3766=ORIENTED_EDGE('',*,*,#2964,.F.);
#3767=ORIENTED_EDGE('',*,*,#2965,.F.);
#3768=ORIENTED_EDGE('',*,*,#2908,.T.);
#3769=ORIENTED_EDGE('',*,*,#2965,.T.);
#3770=ORIENTED_EDGE('',*,*,#2966,.F.);
#3771=ORIENTED_EDGE('',*,*,#2967,.F.);
#3772=ORIENTED_EDGE('',*,*,#2901,.T.);
#3773=ORIENTED_EDGE('',*,*,#2967,.T.);
#3774=ORIENTED_EDGE('',*,*,#2968,.F.);
#3775=ORIENTED_EDGE('',*,*,#2953,.F.);
#3776=ORIENTED_EDGE('',*,*,#2969,.F.);
#3777=ORIENTED_EDGE('',*,*,#2970,.T.);
#3778=ORIENTED_EDGE('',*,*,#2920,.T.);
#3779=ORIENTED_EDGE('',*,*,#2970,.F.);
#3780=ORIENTED_EDGE('',*,*,#2971,.F.);
#3781=ORIENTED_EDGE('',*,*,#2972,.T.);
#3782=ORIENTED_EDGE('',*,*,#2909,.T.);
#3783=ORIENTED_EDGE('',*,*,#2972,.F.);
#3784=ORIENTED_EDGE('',*,*,#2973,.F.);
#3785=ORIENTED_EDGE('',*,*,#2974,.T.);
#3786=ORIENTED_EDGE('',*,*,#2919,.T.);
#3787=ORIENTED_EDGE('',*,*,#2974,.F.);
#3788=ORIENTED_EDGE('',*,*,#2975,.F.);
#3789=ORIENTED_EDGE('',*,*,#2976,.T.);
#3790=ORIENTED_EDGE('',*,*,#2977,.T.);
#3791=ORIENTED_EDGE('',*,*,#2976,.F.);
#3792=ORIENTED_EDGE('',*,*,#2978,.F.);
#3793=ORIENTED_EDGE('',*,*,#2979,.T.);
#3794=ORIENTED_EDGE('',*,*,#2910,.T.);
#3795=ORIENTED_EDGE('',*,*,#2979,.F.);
#3796=ORIENTED_EDGE('',*,*,#2980,.F.);
#3797=ORIENTED_EDGE('',*,*,#2981,.T.);
#3798=ORIENTED_EDGE('',*,*,#2982,.T.);
#3799=ORIENTED_EDGE('',*,*,#2981,.F.);
#3800=ORIENTED_EDGE('',*,*,#2983,.F.);
#3801=ORIENTED_EDGE('',*,*,#2984,.T.);
#3802=ORIENTED_EDGE('',*,*,#2911,.T.);
#3803=ORIENTED_EDGE('',*,*,#2984,.F.);
#3804=ORIENTED_EDGE('',*,*,#2985,.F.);
#3805=ORIENTED_EDGE('',*,*,#2986,.T.);
#3806=ORIENTED_EDGE('',*,*,#2987,.T.);
#3807=ORIENTED_EDGE('',*,*,#2986,.F.);
#3808=ORIENTED_EDGE('',*,*,#2988,.F.);
#3809=ORIENTED_EDGE('',*,*,#2989,.T.);
#3810=ORIENTED_EDGE('',*,*,#2912,.T.);
#3811=ORIENTED_EDGE('',*,*,#2989,.F.);
#3812=ORIENTED_EDGE('',*,*,#2990,.F.);
#3813=ORIENTED_EDGE('',*,*,#2991,.T.);
#3814=ORIENTED_EDGE('',*,*,#2913,.T.);
#3815=ORIENTED_EDGE('',*,*,#2991,.F.);
#3816=ORIENTED_EDGE('',*,*,#2992,.F.);
#3817=ORIENTED_EDGE('',*,*,#2993,.T.);
#3818=ORIENTED_EDGE('',*,*,#2918,.T.);
#3819=ORIENTED_EDGE('',*,*,#2993,.F.);
#3820=ORIENTED_EDGE('',*,*,#2994,.F.);
#3821=ORIENTED_EDGE('',*,*,#2995,.T.);
#3822=ORIENTED_EDGE('',*,*,#2914,.T.);
#3823=ORIENTED_EDGE('',*,*,#2995,.F.);
#3824=ORIENTED_EDGE('',*,*,#2996,.F.);
#3825=ORIENTED_EDGE('',*,*,#2997,.T.);
#3826=ORIENTED_EDGE('',*,*,#2915,.T.);
#3827=ORIENTED_EDGE('',*,*,#2997,.F.);
#3828=ORIENTED_EDGE('',*,*,#2998,.F.);
#3829=ORIENTED_EDGE('',*,*,#2999,.T.);
#3830=ORIENTED_EDGE('',*,*,#3000,.T.);
#3831=ORIENTED_EDGE('',*,*,#2999,.F.);
#3832=ORIENTED_EDGE('',*,*,#3001,.T.);
#3833=ORIENTED_EDGE('',*,*,#2884,.T.);
#3834=ORIENTED_EDGE('',*,*,#3002,.F.);
#3835=ORIENTED_EDGE('',*,*,#3003,.F.);
#3836=ORIENTED_EDGE('',*,*,#2839,.T.);
#3837=ORIENTED_EDGE('',*,*,#3004,.F.);
#3838=ORIENTED_EDGE('',*,*,#3003,.T.);
#3839=ORIENTED_EDGE('',*,*,#3005,.F.);
#3840=ORIENTED_EDGE('',*,*,#2921,.F.);
#3841=ORIENTED_EDGE('',*,*,#2916,.F.);
#3842=ORIENTED_EDGE('',*,*,#2876,.T.);
#3843=ORIENTED_EDGE('',*,*,#2858,.T.);
#3844=ORIENTED_EDGE('',*,*,#2887,.T.);
#3845=ORIENTED_EDGE('',*,*,#2923,.T.);
#3846=ORIENTED_EDGE('',*,*,#3006,.F.);
#3847=ORIENTED_EDGE('',*,*,#3007,.F.);
#3848=ORIENTED_EDGE('',*,*,#2888,.T.);
#3849=ORIENTED_EDGE('',*,*,#3007,.T.);
#3850=ORIENTED_EDGE('',*,*,#3008,.F.);
#3851=ORIENTED_EDGE('',*,*,#3009,.F.);
#3852=ORIENTED_EDGE('',*,*,#2889,.F.);
#3853=ORIENTED_EDGE('',*,*,#3009,.T.);
#3854=ORIENTED_EDGE('',*,*,#3010,.F.);
#3855=ORIENTED_EDGE('',*,*,#3011,.F.);
#3856=ORIENTED_EDGE('',*,*,#2890,.T.);
#3857=ORIENTED_EDGE('',*,*,#3011,.T.);
#3858=ORIENTED_EDGE('',*,*,#3012,.F.);
#3859=ORIENTED_EDGE('',*,*,#2882,.F.);
#3860=ORIENTED_EDGE('',*,*,#2883,.T.);
#3861=ORIENTED_EDGE('',*,*,#3012,.T.);
#3862=ORIENTED_EDGE('',*,*,#3010,.T.);
#3863=ORIENTED_EDGE('',*,*,#3008,.T.);
#3864=ORIENTED_EDGE('',*,*,#3006,.T.);
#3865=ORIENTED_EDGE('',*,*,#2922,.T.);
#3866=ORIENTED_EDGE('',*,*,#3005,.T.);
#3867=ORIENTED_EDGE('',*,*,#3002,.T.);
#3868=ORIENTED_EDGE('',*,*,#2998,.T.);
#3869=ORIENTED_EDGE('',*,*,#2996,.T.);
#3870=ORIENTED_EDGE('',*,*,#2994,.T.);
#3871=ORIENTED_EDGE('',*,*,#2992,.T.);
#3872=ORIENTED_EDGE('',*,*,#2990,.T.);
#3873=ORIENTED_EDGE('',*,*,#2988,.T.);
#3874=ORIENTED_EDGE('',*,*,#2985,.T.);
#3875=ORIENTED_EDGE('',*,*,#2983,.T.);
#3876=ORIENTED_EDGE('',*,*,#2980,.T.);
#3877=ORIENTED_EDGE('',*,*,#2978,.T.);
#3878=ORIENTED_EDGE('',*,*,#2975,.T.);
#3879=ORIENTED_EDGE('',*,*,#2973,.T.);
#3880=ORIENTED_EDGE('',*,*,#2971,.T.);
#3881=ORIENTED_EDGE('',*,*,#2969,.T.);
#3882=ORIENTED_EDGE('',*,*,#2968,.T.);
#3883=ORIENTED_EDGE('',*,*,#2966,.T.);
#3884=ORIENTED_EDGE('',*,*,#2964,.T.);
#3885=ORIENTED_EDGE('',*,*,#2962,.T.);
#3886=ORIENTED_EDGE('',*,*,#2960,.T.);
#3887=ORIENTED_EDGE('',*,*,#2958,.T.);
#3888=ORIENTED_EDGE('',*,*,#2956,.T.);
#3889=ORIENTED_EDGE('',*,*,#2954,.T.);
#3890=ORIENTED_EDGE('',*,*,#2951,.T.);
#3891=ORIENTED_EDGE('',*,*,#2949,.T.);
#3892=ORIENTED_EDGE('',*,*,#2947,.T.);
#3893=ORIENTED_EDGE('',*,*,#2945,.T.);
#3894=ORIENTED_EDGE('',*,*,#2943,.T.);
#3895=ORIENTED_EDGE('',*,*,#2941,.T.);
#3896=ORIENTED_EDGE('',*,*,#2938,.T.);
#3897=ORIENTED_EDGE('',*,*,#2936,.T.);
#3898=ORIENTED_EDGE('',*,*,#2934,.T.);
#3899=ORIENTED_EDGE('',*,*,#2931,.T.);
#3900=ORIENTED_EDGE('',*,*,#2928,.T.);
#3901=ORIENTED_EDGE('',*,*,#2926,.T.);
#3902=ORIENTED_EDGE('',*,*,#2924,.T.);
#3903=ORIENTED_EDGE('',*,*,#2863,.T.);
#3904=ORIENTED_EDGE('',*,*,#2885,.F.);
#3905=ORIENTED_EDGE('',*,*,#3001,.F.);
#3906=ORIENTED_EDGE('',*,*,#3004,.T.);
#3907=ORIENTED_EDGE('',*,*,#2842,.T.);
#3908=ORIENTED_EDGE('',*,*,#2875,.T.);
#3909=ORIENTED_EDGE('',*,*,#2873,.T.);
#3910=ORIENTED_EDGE('',*,*,#2871,.T.);
#3911=ORIENTED_EDGE('',*,*,#2869,.T.);
#3912=ORIENTED_EDGE('',*,*,#2867,.T.);
#3913=ORIENTED_EDGE('',*,*,#2865,.T.);
#3914=ORIENTED_EDGE('',*,*,#3000,.F.);
#3915=ORIENTED_EDGE('',*,*,#2987,.F.);
#3916=ORIENTED_EDGE('',*,*,#2982,.F.);
#3917=ORIENTED_EDGE('',*,*,#2977,.F.);
#3918=ORIENTED_EDGE('',*,*,#2940,.F.);
#3919=ORIENTED_EDGE('',*,*,#2933,.F.);
#3920=ORIENTED_EDGE('',*,*,#2930,.F.);
#3921=ORIENTED_EDGE('',*,*,#3013,.F.);
#3922=ORIENTED_EDGE('',*,*,#3014,.T.);
#3923=ORIENTED_EDGE('',*,*,#3015,.F.);
#3924=ORIENTED_EDGE('',*,*,#3016,.F.);
#3925=ORIENTED_EDGE('',*,*,#3017,.F.);
#3926=ORIENTED_EDGE('',*,*,#3018,.T.);
#3927=ORIENTED_EDGE('',*,*,#3019,.F.);
#3928=ORIENTED_EDGE('',*,*,#3020,.F.);
#3929=ORIENTED_EDGE('',*,*,#3021,.F.);
#3930=ORIENTED_EDGE('',*,*,#3022,.T.);
#3931=ORIENTED_EDGE('',*,*,#3023,.T.);
#3932=ORIENTED_EDGE('',*,*,#3024,.F.);
#3933=ORIENTED_EDGE('',*,*,#3025,.F.);
#3934=ORIENTED_EDGE('',*,*,#3019,.T.);
#3935=ORIENTED_EDGE('',*,*,#3026,.T.);
#3936=ORIENTED_EDGE('',*,*,#3022,.F.);
#3937=ORIENTED_EDGE('',*,*,#3027,.F.);
#3938=ORIENTED_EDGE('',*,*,#3028,.F.);
#3939=ORIENTED_EDGE('',*,*,#3029,.T.);
#3940=ORIENTED_EDGE('',*,*,#3030,.T.);
#3941=ORIENTED_EDGE('',*,*,#3031,.F.);
#3942=ORIENTED_EDGE('',*,*,#3032,.T.);
#3943=ORIENTED_EDGE('',*,*,#3033,.T.);
#3944=ORIENTED_EDGE('',*,*,#3029,.F.);
#3945=ORIENTED_EDGE('',*,*,#3034,.F.);
#3946=ORIENTED_EDGE('',*,*,#3035,.T.);
#3947=ORIENTED_EDGE('',*,*,#3036,.T.);
#3948=ORIENTED_EDGE('',*,*,#3032,.F.);
#3949=ORIENTED_EDGE('',*,*,#3037,.F.);
#3950=ORIENTED_EDGE('',*,*,#3015,.T.);
#3951=ORIENTED_EDGE('',*,*,#3038,.T.);
#3952=ORIENTED_EDGE('',*,*,#3035,.F.);
#3953=ORIENTED_EDGE('',*,*,#3039,.F.);
#3954=ORIENTED_EDGE('',*,*,#3040,.F.);
#3955=ORIENTED_EDGE('',*,*,#3041,.T.);
#3956=ORIENTED_EDGE('',*,*,#3042,.T.);
#3957=ORIENTED_EDGE('',*,*,#3043,.F.);
#3958=ORIENTED_EDGE('',*,*,#3044,.T.);
#3959=ORIENTED_EDGE('',*,*,#3045,.T.);
#3960=ORIENTED_EDGE('',*,*,#3041,.F.);
#3961=ORIENTED_EDGE('',*,*,#3046,.F.);
#3962=ORIENTED_EDGE('',*,*,#3047,.T.);
#3963=ORIENTED_EDGE('',*,*,#3044,.F.);
#3964=ORIENTED_EDGE('',*,*,#3048,.F.);
#3965=ORIENTED_EDGE('',*,*,#3049,.F.);
#3966=ORIENTED_EDGE('',*,*,#3050,.F.);
#3967=ORIENTED_EDGE('',*,*,#3024,.T.);
#3968=ORIENTED_EDGE('',*,*,#3051,.T.);
#3969=ORIENTED_EDGE('',*,*,#3052,.F.);
#3970=ORIENTED_EDGE('',*,*,#3042,.F.);
#3971=ORIENTED_EDGE('',*,*,#3045,.F.);
#3972=ORIENTED_EDGE('',*,*,#3047,.F.);
#3973=ORIENTED_EDGE('',*,*,#3053,.F.);
#3974=ORIENTED_EDGE('',*,*,#3051,.F.);
#3975=ORIENTED_EDGE('',*,*,#3023,.F.);
#3976=ORIENTED_EDGE('',*,*,#3026,.F.);
#3977=ORIENTED_EDGE('',*,*,#3018,.F.);
#3978=ORIENTED_EDGE('',*,*,#3054,.F.);
#3979=ORIENTED_EDGE('',*,*,#3030,.F.);
#3980=ORIENTED_EDGE('',*,*,#3033,.F.);
#3981=ORIENTED_EDGE('',*,*,#3036,.F.);
#3982=ORIENTED_EDGE('',*,*,#3038,.F.);
#3983=ORIENTED_EDGE('',*,*,#3014,.F.);
#3984=ORIENTED_EDGE('',*,*,#3027,.T.);
#3985=ORIENTED_EDGE('',*,*,#3054,.T.);
#3986=ORIENTED_EDGE('',*,*,#3017,.T.);
#3987=ORIENTED_EDGE('',*,*,#3055,.T.);
#3988=ORIENTED_EDGE('',*,*,#3056,.T.);
#3989=ORIENTED_EDGE('',*,*,#3057,.F.);
#3990=ORIENTED_EDGE('',*,*,#3058,.F.);
#3991=ORIENTED_EDGE('',*,*,#3059,.T.);
#3992=ORIENTED_EDGE('',*,*,#3020,.T.);
#3993=ORIENTED_EDGE('',*,*,#3025,.T.);
#3994=ORIENTED_EDGE('',*,*,#3021,.T.);
#3995=ORIENTED_EDGE('',*,*,#3050,.T.);
#3996=ORIENTED_EDGE('',*,*,#3060,.T.);
#3997=ORIENTED_EDGE('',*,*,#3055,.F.);
#3998=ORIENTED_EDGE('',*,*,#3061,.F.);
#3999=ORIENTED_EDGE('',*,*,#3062,.F.);
#4000=ORIENTED_EDGE('',*,*,#3063,.F.);
#4001=ORIENTED_EDGE('',*,*,#3040,.T.);
#4002=ORIENTED_EDGE('',*,*,#3064,.T.);
#4003=ORIENTED_EDGE('',*,*,#3065,.T.);
#4004=ORIENTED_EDGE('',*,*,#3066,.T.);
#4005=ORIENTED_EDGE('',*,*,#3067,.T.);
#4006=ORIENTED_EDGE('',*,*,#3068,.T.);
#4007=ORIENTED_EDGE('',*,*,#3069,.T.);
#4008=ORIENTED_EDGE('',*,*,#3070,.T.);
#4009=ORIENTED_EDGE('',*,*,#3048,.T.);
#4010=ORIENTED_EDGE('',*,*,#3043,.T.);
#4011=ORIENTED_EDGE('',*,*,#3071,.F.);
#4012=ORIENTED_EDGE('',*,*,#3072,.F.);
#4013=ORIENTED_EDGE('',*,*,#3073,.F.);
#4014=ORIENTED_EDGE('',*,*,#3074,.F.);
#4015=ORIENTED_EDGE('',*,*,#3075,.F.);
#4016=ORIENTED_EDGE('',*,*,#3076,.F.);
#4017=ORIENTED_EDGE('',*,*,#3077,.F.);
#4018=ORIENTED_EDGE('',*,*,#3078,.F.);
#4019=ORIENTED_EDGE('',*,*,#3079,.F.);
#4020=ORIENTED_EDGE('',*,*,#3080,.F.);
#4021=ORIENTED_EDGE('',*,*,#3081,.F.);
#4022=ORIENTED_EDGE('',*,*,#3082,.F.);
#4023=ORIENTED_EDGE('',*,*,#3083,.F.);
#4024=ORIENTED_EDGE('',*,*,#3084,.F.);
#4025=ORIENTED_EDGE('',*,*,#3085,.F.);
#4026=ORIENTED_EDGE('',*,*,#3086,.F.);
#4027=ORIENTED_EDGE('',*,*,#3087,.F.);
#4028=ORIENTED_EDGE('',*,*,#3088,.F.);
#4029=ORIENTED_EDGE('',*,*,#3089,.F.);
#4030=ORIENTED_EDGE('',*,*,#3090,.F.);
#4031=ORIENTED_EDGE('',*,*,#3091,.F.);
#4032=ORIENTED_EDGE('',*,*,#3092,.F.);
#4033=ORIENTED_EDGE('',*,*,#3093,.F.);
#4034=ORIENTED_EDGE('',*,*,#3094,.F.);
#4035=ORIENTED_EDGE('',*,*,#3095,.F.);
#4036=ORIENTED_EDGE('',*,*,#3016,.T.);
#4037=ORIENTED_EDGE('',*,*,#3037,.T.);
#4038=ORIENTED_EDGE('',*,*,#3034,.T.);
#4039=ORIENTED_EDGE('',*,*,#3031,.T.);
#4040=ORIENTED_EDGE('',*,*,#3028,.T.);
#4041=ORIENTED_EDGE('',*,*,#3059,.F.);
#4042=ORIENTED_EDGE('',*,*,#3096,.T.);
#4043=ORIENTED_EDGE('',*,*,#3097,.T.);
#4044=ORIENTED_EDGE('',*,*,#3098,.F.);
#4045=ORIENTED_EDGE('',*,*,#3099,.F.);
#4046=ORIENTED_EDGE('',*,*,#3100,.F.);
#4047=ORIENTED_EDGE('',*,*,#3101,.F.);
#4048=ORIENTED_EDGE('',*,*,#3102,.F.);
#4049=ORIENTED_EDGE('',*,*,#3103,.F.);
#4050=ORIENTED_EDGE('',*,*,#3104,.F.);
#4051=ORIENTED_EDGE('',*,*,#3105,.F.);
#4052=ORIENTED_EDGE('',*,*,#3106,.T.);
#4053=ORIENTED_EDGE('',*,*,#3095,.T.);
#4054=ORIENTED_EDGE('',*,*,#3106,.F.);
#4055=ORIENTED_EDGE('',*,*,#3107,.F.);
#4056=ORIENTED_EDGE('',*,*,#3108,.T.);
#4057=ORIENTED_EDGE('',*,*,#3094,.T.);
#4058=ORIENTED_EDGE('',*,*,#3108,.F.);
#4059=ORIENTED_EDGE('',*,*,#3109,.F.);
#4060=ORIENTED_EDGE('',*,*,#3110,.T.);
#4061=ORIENTED_EDGE('',*,*,#3061,.T.);
#4062=ORIENTED_EDGE('',*,*,#3110,.F.);
#4063=ORIENTED_EDGE('',*,*,#3111,.F.);
#4064=ORIENTED_EDGE('',*,*,#3112,.T.);
#4065=ORIENTED_EDGE('',*,*,#3098,.T.);
#4066=ORIENTED_EDGE('',*,*,#3112,.F.);
#4067=ORIENTED_EDGE('',*,*,#3113,.F.);
#4068=ORIENTED_EDGE('',*,*,#3114,.T.);
#4069=ORIENTED_EDGE('',*,*,#3093,.T.);
#4070=ORIENTED_EDGE('',*,*,#3114,.F.);
#4071=ORIENTED_EDGE('',*,*,#3115,.F.);
#4072=ORIENTED_EDGE('',*,*,#3116,.T.);
#4073=ORIENTED_EDGE('',*,*,#3099,.T.);
#4074=ORIENTED_EDGE('',*,*,#3116,.F.);
#4075=ORIENTED_EDGE('',*,*,#3117,.F.);
#4076=ORIENTED_EDGE('',*,*,#3118,.T.);
#4077=ORIENTED_EDGE('',*,*,#3092,.T.);
#4078=ORIENTED_EDGE('',*,*,#3118,.F.);
#4079=ORIENTED_EDGE('',*,*,#3119,.F.);
#4080=ORIENTED_EDGE('',*,*,#3120,.T.);
#4081=ORIENTED_EDGE('',*,*,#3062,.T.);
#4082=ORIENTED_EDGE('',*,*,#3120,.F.);
#4083=ORIENTED_EDGE('',*,*,#3085,.T.);
#4084=ORIENTED_EDGE('',*,*,#3121,.T.);
#4085=ORIENTED_EDGE('',*,*,#3122,.F.);
#4086=ORIENTED_EDGE('',*,*,#3123,.F.);
#4087=ORIENTED_EDGE('',*,*,#3086,.T.);
#4088=ORIENTED_EDGE('',*,*,#3123,.T.);
#4089=ORIENTED_EDGE('',*,*,#3124,.F.);
#4090=ORIENTED_EDGE('',*,*,#3125,.F.);
#4091=ORIENTED_EDGE('',*,*,#3087,.T.);
#4092=ORIENTED_EDGE('',*,*,#3125,.T.);
#4093=ORIENTED_EDGE('',*,*,#3126,.F.);
#4094=ORIENTED_EDGE('',*,*,#3127,.F.);
#4095=ORIENTED_EDGE('',*,*,#3088,.T.);
#4096=ORIENTED_EDGE('',*,*,#3127,.T.);
#4097=ORIENTED_EDGE('',*,*,#3128,.F.);
#4098=ORIENTED_EDGE('',*,*,#3129,.F.);
#4099=ORIENTED_EDGE('',*,*,#3089,.T.);
#4100=ORIENTED_EDGE('',*,*,#3129,.T.);
#4101=ORIENTED_EDGE('',*,*,#3130,.F.);
#4102=ORIENTED_EDGE('',*,*,#3131,.F.);
#4103=ORIENTED_EDGE('',*,*,#3090,.T.);
#4104=ORIENTED_EDGE('',*,*,#3131,.T.);
#4105=ORIENTED_EDGE('',*,*,#3132,.F.);
#4106=ORIENTED_EDGE('',*,*,#3133,.F.);
#4107=ORIENTED_EDGE('',*,*,#3091,.T.);
#4108=ORIENTED_EDGE('',*,*,#3133,.T.);
#4109=ORIENTED_EDGE('',*,*,#3134,.F.);
#4110=ORIENTED_EDGE('',*,*,#3135,.F.);
#4111=ORIENTED_EDGE('',*,*,#3084,.T.);
#4112=ORIENTED_EDGE('',*,*,#3135,.T.);
#4113=ORIENTED_EDGE('',*,*,#3136,.F.);
#4114=ORIENTED_EDGE('',*,*,#3121,.F.);
#4115=ORIENTED_EDGE('',*,*,#3137,.F.);
#4116=ORIENTED_EDGE('',*,*,#3138,.T.);
#4117=ORIENTED_EDGE('',*,*,#3063,.T.);
#4118=ORIENTED_EDGE('',*,*,#3138,.F.);
#4119=ORIENTED_EDGE('',*,*,#3139,.F.);
#4120=ORIENTED_EDGE('',*,*,#3140,.T.);
#4121=ORIENTED_EDGE('',*,*,#3100,.T.);
#4122=ORIENTED_EDGE('',*,*,#3140,.F.);
#4123=ORIENTED_EDGE('',*,*,#3141,.F.);
#4124=ORIENTED_EDGE('',*,*,#3142,.T.);
#4125=ORIENTED_EDGE('',*,*,#3083,.T.);
#4126=ORIENTED_EDGE('',*,*,#3142,.F.);
#4127=ORIENTED_EDGE('',*,*,#3143,.F.);
#4128=ORIENTED_EDGE('',*,*,#3144,.T.);
#4129=ORIENTED_EDGE('',*,*,#3082,.T.);
#4130=ORIENTED_EDGE('',*,*,#3144,.F.);
#4131=ORIENTED_EDGE('',*,*,#3145,.F.);
#4132=ORIENTED_EDGE('',*,*,#3146,.T.);
#4133=ORIENTED_EDGE('',*,*,#3081,.T.);
#4134=ORIENTED_EDGE('',*,*,#3146,.F.);
#4135=ORIENTED_EDGE('',*,*,#3147,.F.);
#4136=ORIENTED_EDGE('',*,*,#3148,.T.);
#4137=ORIENTED_EDGE('',*,*,#3080,.T.);
#4138=ORIENTED_EDGE('',*,*,#3148,.F.);
#4139=ORIENTED_EDGE('',*,*,#3149,.F.);
#4140=ORIENTED_EDGE('',*,*,#3150,.T.);
#4141=ORIENTED_EDGE('',*,*,#3101,.T.);
#4142=ORIENTED_EDGE('',*,*,#3150,.F.);
#4143=ORIENTED_EDGE('',*,*,#3151,.F.);
#4144=ORIENTED_EDGE('',*,*,#3152,.T.);
#4145=ORIENTED_EDGE('',*,*,#3079,.T.);
#4146=ORIENTED_EDGE('',*,*,#3152,.F.);
#4147=ORIENTED_EDGE('',*,*,#3153,.F.);
#4148=ORIENTED_EDGE('',*,*,#3154,.T.);
#4149=ORIENTED_EDGE('',*,*,#3102,.T.);
#4150=ORIENTED_EDGE('',*,*,#3154,.F.);
#4151=ORIENTED_EDGE('',*,*,#3155,.F.);
#4152=ORIENTED_EDGE('',*,*,#3156,.T.);
#4153=ORIENTED_EDGE('',*,*,#3078,.T.);
#4154=ORIENTED_EDGE('',*,*,#3156,.F.);
#4155=ORIENTED_EDGE('',*,*,#3157,.F.);
#4156=ORIENTED_EDGE('',*,*,#3158,.T.);
#4157=ORIENTED_EDGE('',*,*,#3077,.T.);
#4158=ORIENTED_EDGE('',*,*,#3158,.F.);
#4159=ORIENTED_EDGE('',*,*,#3159,.F.);
#4160=ORIENTED_EDGE('',*,*,#3160,.T.);
#4161=ORIENTED_EDGE('',*,*,#3076,.T.);
#4162=ORIENTED_EDGE('',*,*,#3160,.F.);
#4163=ORIENTED_EDGE('',*,*,#3161,.F.);
#4164=ORIENTED_EDGE('',*,*,#3162,.T.);
#4165=ORIENTED_EDGE('',*,*,#3075,.T.);
#4166=ORIENTED_EDGE('',*,*,#3162,.F.);
#4167=ORIENTED_EDGE('',*,*,#3163,.F.);
#4168=ORIENTED_EDGE('',*,*,#3164,.T.);
#4169=ORIENTED_EDGE('',*,*,#3074,.T.);
#4170=ORIENTED_EDGE('',*,*,#3164,.F.);
#4171=ORIENTED_EDGE('',*,*,#3165,.F.);
#4172=ORIENTED_EDGE('',*,*,#3166,.T.);
#4173=ORIENTED_EDGE('',*,*,#3073,.T.);
#4174=ORIENTED_EDGE('',*,*,#3166,.F.);
#4175=ORIENTED_EDGE('',*,*,#3167,.F.);
#4176=ORIENTED_EDGE('',*,*,#3168,.T.);
#4177=ORIENTED_EDGE('',*,*,#3072,.T.);
#4178=ORIENTED_EDGE('',*,*,#3168,.F.);
#4179=ORIENTED_EDGE('',*,*,#3169,.F.);
#4180=ORIENTED_EDGE('',*,*,#3170,.T.);
#4181=ORIENTED_EDGE('',*,*,#3103,.T.);
#4182=ORIENTED_EDGE('',*,*,#3170,.F.);
#4183=ORIENTED_EDGE('',*,*,#3171,.F.);
#4184=ORIENTED_EDGE('',*,*,#3172,.T.);
#4185=ORIENTED_EDGE('',*,*,#3071,.T.);
#4186=ORIENTED_EDGE('',*,*,#3172,.F.);
#4187=ORIENTED_EDGE('',*,*,#3173,.F.);
#4188=ORIENTED_EDGE('',*,*,#3174,.T.);
#4189=ORIENTED_EDGE('',*,*,#3104,.T.);
#4190=ORIENTED_EDGE('',*,*,#3174,.F.);
#4191=ORIENTED_EDGE('',*,*,#3096,.F.);
#4192=ORIENTED_EDGE('',*,*,#3058,.T.);
#4193=ORIENTED_EDGE('',*,*,#3175,.F.);
#4194=ORIENTED_EDGE('',*,*,#3176,.F.);
#4195=ORIENTED_EDGE('',*,*,#3013,.T.);
#4196=ORIENTED_EDGE('',*,*,#3097,.F.);
#4197=ORIENTED_EDGE('',*,*,#3176,.T.);
#4198=ORIENTED_EDGE('',*,*,#3177,.F.);
#4199=ORIENTED_EDGE('',*,*,#3178,.F.);
#4200=ORIENTED_EDGE('',*,*,#3064,.F.);
#4201=ORIENTED_EDGE('',*,*,#3039,.T.);
#4202=ORIENTED_EDGE('',*,*,#3052,.T.);
#4203=ORIENTED_EDGE('',*,*,#3065,.F.);
#4204=ORIENTED_EDGE('',*,*,#3178,.T.);
#4205=ORIENTED_EDGE('',*,*,#3179,.F.);
#4206=ORIENTED_EDGE('',*,*,#3180,.F.);
#4207=ORIENTED_EDGE('',*,*,#3066,.F.);
#4208=ORIENTED_EDGE('',*,*,#3180,.T.);
#4209=ORIENTED_EDGE('',*,*,#3181,.F.);
#4210=ORIENTED_EDGE('',*,*,#3182,.F.);
#4211=ORIENTED_EDGE('',*,*,#3068,.F.);
#4212=ORIENTED_EDGE('',*,*,#3067,.F.);
#4213=ORIENTED_EDGE('',*,*,#3182,.T.);
#4214=ORIENTED_EDGE('',*,*,#3183,.F.);
#4215=ORIENTED_EDGE('',*,*,#3184,.F.);
#4216=ORIENTED_EDGE('',*,*,#3185,.F.);
#4217=ORIENTED_EDGE('',*,*,#3069,.F.);
#4218=ORIENTED_EDGE('',*,*,#3185,.T.);
#4219=ORIENTED_EDGE('',*,*,#3186,.F.);
#4220=ORIENTED_EDGE('',*,*,#3187,.F.);
#4221=ORIENTED_EDGE('',*,*,#3046,.T.);
#4222=ORIENTED_EDGE('',*,*,#3070,.F.);
#4223=ORIENTED_EDGE('',*,*,#3187,.T.);
#4224=ORIENTED_EDGE('',*,*,#3188,.F.);
#4225=ORIENTED_EDGE('',*,*,#3056,.F.);
#4226=ORIENTED_EDGE('',*,*,#3060,.F.);
#4227=ORIENTED_EDGE('',*,*,#3049,.T.);
#4228=ORIENTED_EDGE('',*,*,#3053,.T.);
#4229=ORIENTED_EDGE('',*,*,#3057,.T.);
#4230=ORIENTED_EDGE('',*,*,#3188,.T.);
#4231=ORIENTED_EDGE('',*,*,#3186,.T.);
#4232=ORIENTED_EDGE('',*,*,#3184,.T.);
#4233=ORIENTED_EDGE('',*,*,#3183,.T.);
#4234=ORIENTED_EDGE('',*,*,#3181,.T.);
#4235=ORIENTED_EDGE('',*,*,#3179,.T.);
#4236=ORIENTED_EDGE('',*,*,#3177,.T.);
#4237=ORIENTED_EDGE('',*,*,#3175,.T.);
#4238=ORIENTED_EDGE('',*,*,#3173,.T.);
#4239=ORIENTED_EDGE('',*,*,#3171,.T.);
#4240=ORIENTED_EDGE('',*,*,#3169,.T.);
#4241=ORIENTED_EDGE('',*,*,#3167,.T.);
#4242=ORIENTED_EDGE('',*,*,#3165,.T.);
#4243=ORIENTED_EDGE('',*,*,#3163,.T.);
#4244=ORIENTED_EDGE('',*,*,#3161,.T.);
#4245=ORIENTED_EDGE('',*,*,#3159,.T.);
#4246=ORIENTED_EDGE('',*,*,#3157,.T.);
#4247=ORIENTED_EDGE('',*,*,#3155,.T.);
#4248=ORIENTED_EDGE('',*,*,#3153,.T.);
#4249=ORIENTED_EDGE('',*,*,#3151,.T.);
#4250=ORIENTED_EDGE('',*,*,#3149,.T.);
#4251=ORIENTED_EDGE('',*,*,#3147,.T.);
#4252=ORIENTED_EDGE('',*,*,#3145,.T.);
#4253=ORIENTED_EDGE('',*,*,#3143,.T.);
#4254=ORIENTED_EDGE('',*,*,#3141,.T.);
#4255=ORIENTED_EDGE('',*,*,#3139,.T.);
#4256=ORIENTED_EDGE('',*,*,#3137,.T.);
#4257=ORIENTED_EDGE('',*,*,#3136,.T.);
#4258=ORIENTED_EDGE('',*,*,#3134,.T.);
#4259=ORIENTED_EDGE('',*,*,#3132,.T.);
#4260=ORIENTED_EDGE('',*,*,#3130,.T.);
#4261=ORIENTED_EDGE('',*,*,#3128,.T.);
#4262=ORIENTED_EDGE('',*,*,#3126,.T.);
#4263=ORIENTED_EDGE('',*,*,#3124,.T.);
#4264=ORIENTED_EDGE('',*,*,#3122,.T.);
#4265=ORIENTED_EDGE('',*,*,#3119,.T.);
#4266=ORIENTED_EDGE('',*,*,#3117,.T.);
#4267=ORIENTED_EDGE('',*,*,#3115,.T.);
#4268=ORIENTED_EDGE('',*,*,#3113,.T.);
#4269=ORIENTED_EDGE('',*,*,#3111,.T.);
#4270=ORIENTED_EDGE('',*,*,#3109,.T.);
#4271=ORIENTED_EDGE('',*,*,#3107,.T.);
#4272=ORIENTED_EDGE('',*,*,#3105,.T.);
#4273=ORIENTED_EDGE('',*,*,#3189,.F.);
#4274=ORIENTED_EDGE('',*,*,#3190,.F.);
#4275=ORIENTED_EDGE('',*,*,#3191,.T.);
#4276=ORIENTED_EDGE('',*,*,#3192,.T.);
#4277=ORIENTED_EDGE('',*,*,#3193,.F.);
#4278=ORIENTED_EDGE('',*,*,#3192,.F.);
#4279=ORIENTED_EDGE('',*,*,#3194,.F.);
#4280=ORIENTED_EDGE('',*,*,#3195,.F.);
#4281=ORIENTED_EDGE('',*,*,#3196,.F.);
#4282=ORIENTED_EDGE('',*,*,#3197,.T.);
#4283=ORIENTED_EDGE('',*,*,#3194,.T.);
#4284=ORIENTED_EDGE('',*,*,#3191,.F.);
#4285=ORIENTED_EDGE('',*,*,#3198,.F.);
#4286=ORIENTED_EDGE('',*,*,#3195,.T.);
#4287=ORIENTED_EDGE('',*,*,#3197,.F.);
#4288=ORIENTED_EDGE('',*,*,#3199,.F.);
#4289=ORIENTED_EDGE('',*,*,#3189,.T.);
#4290=ORIENTED_EDGE('',*,*,#3193,.T.);
#4291=ORIENTED_EDGE('',*,*,#3198,.T.);
#4292=ORIENTED_EDGE('',*,*,#3200,.F.);
#4293=ORIENTED_EDGE('',*,*,#3201,.T.);
#4294=ORIENTED_EDGE('',*,*,#3202,.F.);
#4295=ORIENTED_EDGE('',*,*,#3203,.F.);
#4296=ORIENTED_EDGE('',*,*,#3204,.F.);
#4297=ORIENTED_EDGE('',*,*,#3205,.F.);
#4298=ORIENTED_EDGE('',*,*,#3206,.T.);
#4299=ORIENTED_EDGE('',*,*,#3207,.T.);
#4300=ORIENTED_EDGE('',*,*,#3206,.F.);
#4301=ORIENTED_EDGE('',*,*,#3208,.F.);
#4302=ORIENTED_EDGE('',*,*,#3209,.T.);
#4303=ORIENTED_EDGE('',*,*,#3210,.T.);
#4304=ORIENTED_EDGE('',*,*,#3209,.F.);
#4305=ORIENTED_EDGE('',*,*,#3211,.F.);
#4306=ORIENTED_EDGE('',*,*,#3212,.T.);
#4307=ORIENTED_EDGE('',*,*,#3213,.T.);
#4308=ORIENTED_EDGE('',*,*,#3212,.F.);
#4309=ORIENTED_EDGE('',*,*,#3214,.F.);
#4310=ORIENTED_EDGE('',*,*,#3215,.T.);
#4311=ORIENTED_EDGE('',*,*,#3216,.T.);
#4312=ORIENTED_EDGE('',*,*,#3215,.F.);
#4313=ORIENTED_EDGE('',*,*,#3217,.F.);
#4314=ORIENTED_EDGE('',*,*,#3218,.T.);
#4315=ORIENTED_EDGE('',*,*,#3219,.T.);
#4316=ORIENTED_EDGE('',*,*,#3218,.F.);
#4317=ORIENTED_EDGE('',*,*,#3220,.F.);
#4318=ORIENTED_EDGE('',*,*,#3221,.T.);
#4319=ORIENTED_EDGE('',*,*,#3222,.T.);
#4320=ORIENTED_EDGE('',*,*,#3221,.F.);
#4321=ORIENTED_EDGE('',*,*,#3223,.F.);
#4322=ORIENTED_EDGE('',*,*,#3224,.T.);
#4323=ORIENTED_EDGE('',*,*,#3225,.T.);
#4324=ORIENTED_EDGE('',*,*,#3224,.F.);
#4325=ORIENTED_EDGE('',*,*,#3226,.F.);
#4326=ORIENTED_EDGE('',*,*,#3227,.T.);
#4327=ORIENTED_EDGE('',*,*,#3228,.T.);
#4328=ORIENTED_EDGE('',*,*,#3227,.F.);
#4329=ORIENTED_EDGE('',*,*,#3229,.F.);
#4330=ORIENTED_EDGE('',*,*,#3230,.T.);
#4331=ORIENTED_EDGE('',*,*,#3231,.T.);
#4332=ORIENTED_EDGE('',*,*,#3230,.F.);
#4333=ORIENTED_EDGE('',*,*,#3232,.F.);
#4334=ORIENTED_EDGE('',*,*,#3233,.T.);
#4335=ORIENTED_EDGE('',*,*,#3234,.T.);
#4336=ORIENTED_EDGE('',*,*,#3233,.F.);
#4337=ORIENTED_EDGE('',*,*,#3235,.F.);
#4338=ORIENTED_EDGE('',*,*,#3236,.T.);
#4339=ORIENTED_EDGE('',*,*,#3237,.T.);
#4340=ORIENTED_EDGE('',*,*,#3236,.F.);
#4341=ORIENTED_EDGE('',*,*,#3238,.F.);
#4342=ORIENTED_EDGE('',*,*,#3239,.T.);
#4343=ORIENTED_EDGE('',*,*,#3240,.T.);
#4344=ORIENTED_EDGE('',*,*,#3239,.F.);
#4345=ORIENTED_EDGE('',*,*,#3241,.F.);
#4346=ORIENTED_EDGE('',*,*,#3242,.T.);
#4347=ORIENTED_EDGE('',*,*,#3243,.T.);
#4348=ORIENTED_EDGE('',*,*,#3242,.F.);
#4349=ORIENTED_EDGE('',*,*,#3244,.F.);
#4350=ORIENTED_EDGE('',*,*,#3245,.T.);
#4351=ORIENTED_EDGE('',*,*,#3246,.T.);
#4352=ORIENTED_EDGE('',*,*,#3245,.F.);
#4353=ORIENTED_EDGE('',*,*,#3247,.F.);
#4354=ORIENTED_EDGE('',*,*,#3248,.T.);
#4355=ORIENTED_EDGE('',*,*,#3249,.T.);
#4356=ORIENTED_EDGE('',*,*,#3248,.F.);
#4357=ORIENTED_EDGE('',*,*,#3250,.F.);
#4358=ORIENTED_EDGE('',*,*,#3251,.T.);
#4359=ORIENTED_EDGE('',*,*,#3252,.T.);
#4360=ORIENTED_EDGE('',*,*,#3251,.F.);
#4361=ORIENTED_EDGE('',*,*,#3253,.F.);
#4362=ORIENTED_EDGE('',*,*,#3254,.T.);
#4363=ORIENTED_EDGE('',*,*,#3255,.T.);
#4364=ORIENTED_EDGE('',*,*,#3254,.F.);
#4365=ORIENTED_EDGE('',*,*,#3256,.F.);
#4366=ORIENTED_EDGE('',*,*,#3257,.T.);
#4367=ORIENTED_EDGE('',*,*,#3258,.T.);
#4368=ORIENTED_EDGE('',*,*,#3257,.F.);
#4369=ORIENTED_EDGE('',*,*,#3259,.F.);
#4370=ORIENTED_EDGE('',*,*,#3260,.T.);
#4371=ORIENTED_EDGE('',*,*,#3261,.T.);
#4372=ORIENTED_EDGE('',*,*,#3260,.F.);
#4373=ORIENTED_EDGE('',*,*,#3262,.F.);
#4374=ORIENTED_EDGE('',*,*,#3263,.T.);
#4375=ORIENTED_EDGE('',*,*,#3264,.F.);
#4376=ORIENTED_EDGE('',*,*,#3201,.F.);
#4377=ORIENTED_EDGE('',*,*,#3265,.F.);
#4378=ORIENTED_EDGE('',*,*,#3203,.T.);
#4379=ORIENTED_EDGE('',*,*,#3266,.F.);
#4380=ORIENTED_EDGE('',*,*,#3267,.F.);
#4381=ORIENTED_EDGE('',*,*,#3268,.F.);
#4382=ORIENTED_EDGE('',*,*,#3267,.T.);
#4383=ORIENTED_EDGE('',*,*,#3269,.F.);
#4384=ORIENTED_EDGE('',*,*,#3263,.F.);
#4385=ORIENTED_EDGE('',*,*,#3269,.T.);
#4386=ORIENTED_EDGE('',*,*,#3266,.T.);
#4387=ORIENTED_EDGE('',*,*,#3202,.T.);
#4388=ORIENTED_EDGE('',*,*,#3264,.T.);
#4389=ORIENTED_EDGE('',*,*,#3259,.T.);
#4390=ORIENTED_EDGE('',*,*,#3256,.T.);
#4391=ORIENTED_EDGE('',*,*,#3253,.T.);
#4392=ORIENTED_EDGE('',*,*,#3250,.T.);
#4393=ORIENTED_EDGE('',*,*,#3247,.T.);
#4394=ORIENTED_EDGE('',*,*,#3244,.T.);
#4395=ORIENTED_EDGE('',*,*,#3241,.T.);
#4396=ORIENTED_EDGE('',*,*,#3238,.T.);
#4397=ORIENTED_EDGE('',*,*,#3235,.T.);
#4398=ORIENTED_EDGE('',*,*,#3232,.T.);
#4399=ORIENTED_EDGE('',*,*,#3229,.T.);
#4400=ORIENTED_EDGE('',*,*,#3226,.T.);
#4401=ORIENTED_EDGE('',*,*,#3223,.T.);
#4402=ORIENTED_EDGE('',*,*,#3220,.T.);
#4403=ORIENTED_EDGE('',*,*,#3217,.T.);
#4404=ORIENTED_EDGE('',*,*,#3214,.T.);
#4405=ORIENTED_EDGE('',*,*,#3211,.T.);
#4406=ORIENTED_EDGE('',*,*,#3208,.T.);
#4407=ORIENTED_EDGE('',*,*,#3205,.T.);
#4408=ORIENTED_EDGE('',*,*,#3190,.T.);
#4409=ORIENTED_EDGE('',*,*,#3204,.T.);
#4410=ORIENTED_EDGE('',*,*,#3265,.T.);
#4411=ORIENTED_EDGE('',*,*,#3268,.T.);
#4412=ORIENTED_EDGE('',*,*,#3262,.T.);
#4413=ORIENTED_EDGE('',*,*,#3200,.T.);
#4414=ORIENTED_EDGE('',*,*,#3199,.T.);
#4415=ORIENTED_EDGE('',*,*,#3196,.T.);
#4416=ORIENTED_EDGE('',*,*,#3261,.F.);
#4417=ORIENTED_EDGE('',*,*,#3258,.F.);
#4418=ORIENTED_EDGE('',*,*,#3255,.F.);
#4419=ORIENTED_EDGE('',*,*,#3252,.F.);
#4420=ORIENTED_EDGE('',*,*,#3249,.F.);
#4421=ORIENTED_EDGE('',*,*,#3246,.F.);
#4422=ORIENTED_EDGE('',*,*,#3243,.F.);
#4423=ORIENTED_EDGE('',*,*,#3240,.F.);
#4424=ORIENTED_EDGE('',*,*,#3237,.F.);
#4425=ORIENTED_EDGE('',*,*,#3234,.F.);
#4426=ORIENTED_EDGE('',*,*,#3231,.F.);
#4427=ORIENTED_EDGE('',*,*,#3228,.F.);
#4428=ORIENTED_EDGE('',*,*,#3225,.F.);
#4429=ORIENTED_EDGE('',*,*,#3222,.F.);
#4430=ORIENTED_EDGE('',*,*,#3219,.F.);
#4431=ORIENTED_EDGE('',*,*,#3216,.F.);
#4432=ORIENTED_EDGE('',*,*,#3213,.F.);
#4433=ORIENTED_EDGE('',*,*,#3210,.F.);
#4434=ORIENTED_EDGE('',*,*,#3207,.F.);
#4435=ORIENTED_EDGE('',*,*,#3270,.F.);
#4436=ORIENTED_EDGE('',*,*,#3271,.T.);
#4437=ORIENTED_EDGE('',*,*,#3272,.T.);
#4438=ORIENTED_EDGE('',*,*,#3271,.F.);
#4439=ORIENTED_EDGE('',*,*,#3273,.F.);
#4440=ORIENTED_EDGE('',*,*,#3274,.T.);
#4441=ORIENTED_EDGE('',*,*,#3275,.T.);
#4442=ORIENTED_EDGE('',*,*,#3274,.F.);
#4443=ORIENTED_EDGE('',*,*,#3276,.F.);
#4444=ORIENTED_EDGE('',*,*,#3277,.T.);
#4445=ORIENTED_EDGE('',*,*,#3278,.T.);
#4446=ORIENTED_EDGE('',*,*,#3277,.F.);
#4447=ORIENTED_EDGE('',*,*,#3279,.F.);
#4448=ORIENTED_EDGE('',*,*,#3280,.T.);
#4449=ORIENTED_EDGE('',*,*,#3281,.T.);
#4450=ORIENTED_EDGE('',*,*,#3280,.F.);
#4451=ORIENTED_EDGE('',*,*,#3282,.F.);
#4452=ORIENTED_EDGE('',*,*,#3283,.T.);
#4453=ORIENTED_EDGE('',*,*,#3284,.T.);
#4454=ORIENTED_EDGE('',*,*,#3283,.F.);
#4455=ORIENTED_EDGE('',*,*,#3285,.F.);
#4456=ORIENTED_EDGE('',*,*,#3286,.T.);
#4457=ORIENTED_EDGE('',*,*,#3287,.F.);
#4458=ORIENTED_EDGE('',*,*,#3288,.F.);
#4459=ORIENTED_EDGE('',*,*,#3289,.T.);
#4460=ORIENTED_EDGE('',*,*,#3288,.T.);
#4461=ORIENTED_EDGE('',*,*,#3290,.F.);
#4462=ORIENTED_EDGE('',*,*,#3291,.F.);
#4463=ORIENTED_EDGE('',*,*,#3292,.F.);
#4464=ORIENTED_EDGE('',*,*,#3291,.T.);
#4465=ORIENTED_EDGE('',*,*,#3293,.F.);
#4466=ORIENTED_EDGE('',*,*,#3294,.F.);
#4467=ORIENTED_EDGE('',*,*,#3295,.T.);
#4468=ORIENTED_EDGE('',*,*,#3294,.T.);
#4469=ORIENTED_EDGE('',*,*,#3296,.F.);
#4470=ORIENTED_EDGE('',*,*,#3297,.F.);
#4471=ORIENTED_EDGE('',*,*,#3298,.F.);
#4472=ORIENTED_EDGE('',*,*,#3297,.T.);
#4473=ORIENTED_EDGE('',*,*,#3299,.F.);
#4474=ORIENTED_EDGE('',*,*,#3300,.F.);
#4475=ORIENTED_EDGE('',*,*,#3301,.T.);
#4476=ORIENTED_EDGE('',*,*,#3300,.T.);
#4477=ORIENTED_EDGE('',*,*,#3302,.F.);
#4478=ORIENTED_EDGE('',*,*,#3303,.F.);
#4479=ORIENTED_EDGE('',*,*,#3304,.T.);
#4480=ORIENTED_EDGE('',*,*,#3303,.T.);
#4481=ORIENTED_EDGE('',*,*,#3305,.F.);
#4482=ORIENTED_EDGE('',*,*,#3306,.F.);
#4483=ORIENTED_EDGE('',*,*,#3307,.T.);
#4484=ORIENTED_EDGE('',*,*,#3306,.T.);
#4485=ORIENTED_EDGE('',*,*,#3308,.F.);
#4486=ORIENTED_EDGE('',*,*,#3309,.F.);
#4487=ORIENTED_EDGE('',*,*,#3310,.T.);
#4488=ORIENTED_EDGE('',*,*,#3309,.T.);
#4489=ORIENTED_EDGE('',*,*,#3311,.F.);
#4490=ORIENTED_EDGE('',*,*,#3286,.F.);
#4491=ORIENTED_EDGE('',*,*,#3311,.T.);
#4492=ORIENTED_EDGE('',*,*,#3308,.T.);
#4493=ORIENTED_EDGE('',*,*,#3305,.T.);
#4494=ORIENTED_EDGE('',*,*,#3302,.T.);
#4495=ORIENTED_EDGE('',*,*,#3299,.T.);
#4496=ORIENTED_EDGE('',*,*,#3296,.T.);
#4497=ORIENTED_EDGE('',*,*,#3293,.T.);
#4498=ORIENTED_EDGE('',*,*,#3290,.T.);
#4499=ORIENTED_EDGE('',*,*,#3287,.T.);
#4500=ORIENTED_EDGE('',*,*,#3282,.T.);
#4501=ORIENTED_EDGE('',*,*,#3279,.T.);
#4502=ORIENTED_EDGE('',*,*,#3276,.T.);
#4503=ORIENTED_EDGE('',*,*,#3273,.T.);
#4504=ORIENTED_EDGE('',*,*,#3270,.T.);
#4505=ORIENTED_EDGE('',*,*,#3310,.F.);
#4506=ORIENTED_EDGE('',*,*,#3285,.T.);
#4507=ORIENTED_EDGE('',*,*,#3289,.F.);
#4508=ORIENTED_EDGE('',*,*,#3292,.T.);
#4509=ORIENTED_EDGE('',*,*,#3295,.F.);
#4510=ORIENTED_EDGE('',*,*,#3298,.T.);
#4511=ORIENTED_EDGE('',*,*,#3301,.F.);
#4512=ORIENTED_EDGE('',*,*,#3304,.F.);
#4513=ORIENTED_EDGE('',*,*,#3307,.F.);
#4514=ORIENTED_EDGE('',*,*,#3284,.F.);
#4515=ORIENTED_EDGE('',*,*,#3281,.F.);
#4516=ORIENTED_EDGE('',*,*,#3278,.F.);
#4517=ORIENTED_EDGE('',*,*,#3275,.F.);
#4518=ORIENTED_EDGE('',*,*,#3272,.F.);
#4519=ORIENTED_EDGE('',*,*,#3312,.F.);
#4520=ORIENTED_EDGE('',*,*,#3313,.T.);
#4521=ORIENTED_EDGE('',*,*,#3314,.T.);
#4522=ORIENTED_EDGE('',*,*,#3313,.F.);
#4523=ORIENTED_EDGE('',*,*,#3315,.F.);
#4524=ORIENTED_EDGE('',*,*,#3316,.T.);
#4525=ORIENTED_EDGE('',*,*,#3317,.T.);
#4526=ORIENTED_EDGE('',*,*,#3316,.F.);
#4527=ORIENTED_EDGE('',*,*,#3318,.F.);
#4528=ORIENTED_EDGE('',*,*,#3319,.T.);
#4529=ORIENTED_EDGE('',*,*,#3320,.F.);
#4530=ORIENTED_EDGE('',*,*,#3321,.F.);
#4531=ORIENTED_EDGE('',*,*,#3322,.F.);
#4532=ORIENTED_EDGE('',*,*,#3321,.T.);
#4533=ORIENTED_EDGE('',*,*,#3323,.F.);
#4534=ORIENTED_EDGE('',*,*,#3324,.F.);
#4535=ORIENTED_EDGE('',*,*,#3325,.T.);
#4536=ORIENTED_EDGE('',*,*,#3324,.T.);
#4537=ORIENTED_EDGE('',*,*,#3326,.F.);
#4538=ORIENTED_EDGE('',*,*,#3327,.F.);
#4539=ORIENTED_EDGE('',*,*,#3328,.F.);
#4540=ORIENTED_EDGE('',*,*,#3327,.T.);
#4541=ORIENTED_EDGE('',*,*,#3329,.F.);
#4542=ORIENTED_EDGE('',*,*,#3330,.F.);
#4543=ORIENTED_EDGE('',*,*,#3331,.F.);
#4544=ORIENTED_EDGE('',*,*,#3330,.T.);
#4545=ORIENTED_EDGE('',*,*,#3332,.F.);
#4546=ORIENTED_EDGE('',*,*,#3333,.F.);
#4547=ORIENTED_EDGE('',*,*,#3334,.F.);
#4548=ORIENTED_EDGE('',*,*,#3333,.T.);
#4549=ORIENTED_EDGE('',*,*,#3335,.F.);
#4550=ORIENTED_EDGE('',*,*,#3336,.F.);
#4551=ORIENTED_EDGE('',*,*,#3337,.T.);
#4552=ORIENTED_EDGE('',*,*,#3336,.T.);
#4553=ORIENTED_EDGE('',*,*,#3338,.F.);
#4554=ORIENTED_EDGE('',*,*,#3339,.F.);
#4555=ORIENTED_EDGE('',*,*,#3340,.T.);
#4556=ORIENTED_EDGE('',*,*,#3339,.T.);
#4557=ORIENTED_EDGE('',*,*,#3341,.F.);
#4558=ORIENTED_EDGE('',*,*,#3342,.F.);
#4559=ORIENTED_EDGE('',*,*,#3343,.T.);
#4560=ORIENTED_EDGE('',*,*,#3342,.T.);
#4561=ORIENTED_EDGE('',*,*,#3344,.F.);
#4562=ORIENTED_EDGE('',*,*,#3345,.F.);
#4563=ORIENTED_EDGE('',*,*,#3346,.T.);
#4564=ORIENTED_EDGE('',*,*,#3345,.T.);
#4565=ORIENTED_EDGE('',*,*,#3347,.F.);
#4566=ORIENTED_EDGE('',*,*,#3348,.F.);
#4567=ORIENTED_EDGE('',*,*,#3349,.F.);
#4568=ORIENTED_EDGE('',*,*,#3348,.T.);
#4569=ORIENTED_EDGE('',*,*,#3350,.F.);
#4570=ORIENTED_EDGE('',*,*,#3351,.F.);
#4571=ORIENTED_EDGE('',*,*,#3352,.T.);
#4572=ORIENTED_EDGE('',*,*,#3351,.T.);
#4573=ORIENTED_EDGE('',*,*,#3353,.F.);
#4574=ORIENTED_EDGE('',*,*,#3354,.F.);
#4575=ORIENTED_EDGE('',*,*,#3355,.T.);
#4576=ORIENTED_EDGE('',*,*,#3354,.T.);
#4577=ORIENTED_EDGE('',*,*,#3356,.F.);
#4578=ORIENTED_EDGE('',*,*,#3357,.F.);
#4579=ORIENTED_EDGE('',*,*,#3358,.F.);
#4580=ORIENTED_EDGE('',*,*,#3357,.T.);
#4581=ORIENTED_EDGE('',*,*,#3359,.F.);
#4582=ORIENTED_EDGE('',*,*,#3360,.F.);
#4583=ORIENTED_EDGE('',*,*,#3361,.F.);
#4584=ORIENTED_EDGE('',*,*,#3360,.T.);
#4585=ORIENTED_EDGE('',*,*,#3362,.F.);
#4586=ORIENTED_EDGE('',*,*,#3363,.F.);
#4587=ORIENTED_EDGE('',*,*,#3364,.T.);
#4588=ORIENTED_EDGE('',*,*,#3363,.T.);
#4589=ORIENTED_EDGE('',*,*,#3365,.F.);
#4590=ORIENTED_EDGE('',*,*,#3366,.F.);
#4591=ORIENTED_EDGE('',*,*,#3367,.T.);
#4592=ORIENTED_EDGE('',*,*,#3366,.T.);
#4593=ORIENTED_EDGE('',*,*,#3368,.F.);
#4594=ORIENTED_EDGE('',*,*,#3369,.F.);
#4595=ORIENTED_EDGE('',*,*,#3370,.F.);
#4596=ORIENTED_EDGE('',*,*,#3369,.T.);
#4597=ORIENTED_EDGE('',*,*,#3371,.F.);
#4598=ORIENTED_EDGE('',*,*,#3372,.F.);
#4599=ORIENTED_EDGE('',*,*,#3373,.T.);
#4600=ORIENTED_EDGE('',*,*,#3372,.T.);
#4601=ORIENTED_EDGE('',*,*,#3374,.F.);
#4602=ORIENTED_EDGE('',*,*,#3375,.F.);
#4603=ORIENTED_EDGE('',*,*,#3376,.F.);
#4604=ORIENTED_EDGE('',*,*,#3375,.T.);
#4605=ORIENTED_EDGE('',*,*,#3377,.F.);
#4606=ORIENTED_EDGE('',*,*,#3378,.F.);
#4607=ORIENTED_EDGE('',*,*,#3379,.T.);
#4608=ORIENTED_EDGE('',*,*,#3378,.T.);
#4609=ORIENTED_EDGE('',*,*,#3380,.F.);
#4610=ORIENTED_EDGE('',*,*,#3381,.F.);
#4611=ORIENTED_EDGE('',*,*,#3382,.T.);
#4612=ORIENTED_EDGE('',*,*,#3381,.T.);
#4613=ORIENTED_EDGE('',*,*,#3383,.F.);
#4614=ORIENTED_EDGE('',*,*,#3384,.F.);
#4615=ORIENTED_EDGE('',*,*,#3385,.T.);
#4616=ORIENTED_EDGE('',*,*,#3384,.T.);
#4617=ORIENTED_EDGE('',*,*,#3386,.F.);
#4618=ORIENTED_EDGE('',*,*,#3387,.F.);
#4619=ORIENTED_EDGE('',*,*,#3388,.F.);
#4620=ORIENTED_EDGE('',*,*,#3387,.T.);
#4621=ORIENTED_EDGE('',*,*,#3389,.F.);
#4622=ORIENTED_EDGE('',*,*,#3390,.F.);
#4623=ORIENTED_EDGE('',*,*,#3391,.T.);
#4624=ORIENTED_EDGE('',*,*,#3390,.T.);
#4625=ORIENTED_EDGE('',*,*,#3392,.F.);
#4626=ORIENTED_EDGE('',*,*,#3393,.F.);
#4627=ORIENTED_EDGE('',*,*,#3394,.F.);
#4628=ORIENTED_EDGE('',*,*,#3393,.T.);
#4629=ORIENTED_EDGE('',*,*,#3395,.F.);
#4630=ORIENTED_EDGE('',*,*,#3396,.F.);
#4631=ORIENTED_EDGE('',*,*,#3397,.F.);
#4632=ORIENTED_EDGE('',*,*,#3396,.T.);
#4633=ORIENTED_EDGE('',*,*,#3398,.F.);
#4634=ORIENTED_EDGE('',*,*,#3399,.F.);
#4635=ORIENTED_EDGE('',*,*,#3400,.T.);
#4636=ORIENTED_EDGE('',*,*,#3399,.T.);
#4637=ORIENTED_EDGE('',*,*,#3401,.F.);
#4638=ORIENTED_EDGE('',*,*,#3319,.F.);
#4639=ORIENTED_EDGE('',*,*,#3401,.T.);
#4640=ORIENTED_EDGE('',*,*,#3398,.T.);
#4641=ORIENTED_EDGE('',*,*,#3395,.T.);
#4642=ORIENTED_EDGE('',*,*,#3392,.T.);
#4643=ORIENTED_EDGE('',*,*,#3389,.T.);
#4644=ORIENTED_EDGE('',*,*,#3386,.T.);
#4645=ORIENTED_EDGE('',*,*,#3383,.T.);
#4646=ORIENTED_EDGE('',*,*,#3380,.T.);
#4647=ORIENTED_EDGE('',*,*,#3377,.T.);
#4648=ORIENTED_EDGE('',*,*,#3374,.T.);
#4649=ORIENTED_EDGE('',*,*,#3371,.T.);
#4650=ORIENTED_EDGE('',*,*,#3368,.T.);
#4651=ORIENTED_EDGE('',*,*,#3365,.T.);
#4652=ORIENTED_EDGE('',*,*,#3362,.T.);
#4653=ORIENTED_EDGE('',*,*,#3359,.T.);
#4654=ORIENTED_EDGE('',*,*,#3356,.T.);
#4655=ORIENTED_EDGE('',*,*,#3353,.T.);
#4656=ORIENTED_EDGE('',*,*,#3350,.T.);
#4657=ORIENTED_EDGE('',*,*,#3347,.T.);
#4658=ORIENTED_EDGE('',*,*,#3344,.T.);
#4659=ORIENTED_EDGE('',*,*,#3341,.T.);
#4660=ORIENTED_EDGE('',*,*,#3338,.T.);
#4661=ORIENTED_EDGE('',*,*,#3335,.T.);
#4662=ORIENTED_EDGE('',*,*,#3332,.T.);
#4663=ORIENTED_EDGE('',*,*,#3329,.T.);
#4664=ORIENTED_EDGE('',*,*,#3326,.T.);
#4665=ORIENTED_EDGE('',*,*,#3323,.T.);
#4666=ORIENTED_EDGE('',*,*,#3320,.T.);
#4667=ORIENTED_EDGE('',*,*,#3315,.T.);
#4668=ORIENTED_EDGE('',*,*,#3312,.T.);
#4669=ORIENTED_EDGE('',*,*,#3400,.F.);
#4670=ORIENTED_EDGE('',*,*,#3318,.T.);
#4671=ORIENTED_EDGE('',*,*,#3322,.T.);
#4672=ORIENTED_EDGE('',*,*,#3325,.F.);
#4673=ORIENTED_EDGE('',*,*,#3328,.T.);
#4674=ORIENTED_EDGE('',*,*,#3331,.T.);
#4675=ORIENTED_EDGE('',*,*,#3334,.T.);
#4676=ORIENTED_EDGE('',*,*,#3337,.F.);
#4677=ORIENTED_EDGE('',*,*,#3340,.F.);
#4678=ORIENTED_EDGE('',*,*,#3343,.F.);
#4679=ORIENTED_EDGE('',*,*,#3346,.F.);
#4680=ORIENTED_EDGE('',*,*,#3349,.T.);
#4681=ORIENTED_EDGE('',*,*,#3352,.F.);
#4682=ORIENTED_EDGE('',*,*,#3355,.F.);
#4683=ORIENTED_EDGE('',*,*,#3358,.T.);
#4684=ORIENTED_EDGE('',*,*,#3361,.T.);
#4685=ORIENTED_EDGE('',*,*,#3364,.F.);
#4686=ORIENTED_EDGE('',*,*,#3367,.F.);
#4687=ORIENTED_EDGE('',*,*,#3370,.T.);
#4688=ORIENTED_EDGE('',*,*,#3373,.F.);
#4689=ORIENTED_EDGE('',*,*,#3376,.T.);
#4690=ORIENTED_EDGE('',*,*,#3379,.F.);
#4691=ORIENTED_EDGE('',*,*,#3382,.F.);
#4692=ORIENTED_EDGE('',*,*,#3385,.F.);
#4693=ORIENTED_EDGE('',*,*,#3388,.T.);
#4694=ORIENTED_EDGE('',*,*,#3391,.F.);
#4695=ORIENTED_EDGE('',*,*,#3394,.T.);
#4696=ORIENTED_EDGE('',*,*,#3397,.T.);
#4697=ORIENTED_EDGE('',*,*,#3317,.F.);
#4698=ORIENTED_EDGE('',*,*,#3314,.F.);
#4699=ORIENTED_EDGE('',*,*,#3402,.F.);
#4700=ORIENTED_EDGE('',*,*,#3403,.T.);
#4701=ORIENTED_EDGE('',*,*,#3404,.T.);
#4702=ORIENTED_EDGE('',*,*,#3403,.F.);
#4703=ORIENTED_EDGE('',*,*,#3405,.F.);
#4704=ORIENTED_EDGE('',*,*,#3406,.T.);
#4705=ORIENTED_EDGE('',*,*,#3407,.T.);
#4706=ORIENTED_EDGE('',*,*,#3406,.F.);
#4707=ORIENTED_EDGE('',*,*,#3408,.F.);
#4708=ORIENTED_EDGE('',*,*,#3409,.T.);
#4709=ORIENTED_EDGE('',*,*,#3410,.T.);
#4710=ORIENTED_EDGE('',*,*,#3409,.F.);
#4711=ORIENTED_EDGE('',*,*,#3411,.F.);
#4712=ORIENTED_EDGE('',*,*,#3412,.T.);
#4713=ORIENTED_EDGE('',*,*,#3413,.T.);
#4714=ORIENTED_EDGE('',*,*,#3412,.F.);
#4715=ORIENTED_EDGE('',*,*,#3414,.F.);
#4716=ORIENTED_EDGE('',*,*,#3415,.T.);
#4717=ORIENTED_EDGE('',*,*,#3416,.T.);
#4718=ORIENTED_EDGE('',*,*,#3415,.F.);
#4719=ORIENTED_EDGE('',*,*,#3417,.F.);
#4720=ORIENTED_EDGE('',*,*,#3418,.T.);
#4721=ORIENTED_EDGE('',*,*,#3419,.F.);
#4722=ORIENTED_EDGE('',*,*,#3420,.F.);
#4723=ORIENTED_EDGE('',*,*,#3421,.T.);
#4724=ORIENTED_EDGE('',*,*,#3420,.T.);
#4725=ORIENTED_EDGE('',*,*,#3422,.F.);
#4726=ORIENTED_EDGE('',*,*,#3423,.F.);
#4727=ORIENTED_EDGE('',*,*,#3424,.F.);
#4728=ORIENTED_EDGE('',*,*,#3423,.T.);
#4729=ORIENTED_EDGE('',*,*,#3425,.F.);
#4730=ORIENTED_EDGE('',*,*,#3426,.F.);
#4731=ORIENTED_EDGE('',*,*,#3427,.T.);
#4732=ORIENTED_EDGE('',*,*,#3426,.T.);
#4733=ORIENTED_EDGE('',*,*,#3428,.F.);
#4734=ORIENTED_EDGE('',*,*,#3429,.F.);
#4735=ORIENTED_EDGE('',*,*,#3430,.F.);
#4736=ORIENTED_EDGE('',*,*,#3429,.T.);
#4737=ORIENTED_EDGE('',*,*,#3431,.F.);
#4738=ORIENTED_EDGE('',*,*,#3432,.F.);
#4739=ORIENTED_EDGE('',*,*,#3433,.T.);
#4740=ORIENTED_EDGE('',*,*,#3432,.T.);
#4741=ORIENTED_EDGE('',*,*,#3434,.F.);
#4742=ORIENTED_EDGE('',*,*,#3435,.F.);
#4743=ORIENTED_EDGE('',*,*,#3436,.T.);
#4744=ORIENTED_EDGE('',*,*,#3435,.T.);
#4745=ORIENTED_EDGE('',*,*,#3437,.F.);
#4746=ORIENTED_EDGE('',*,*,#3438,.F.);
#4747=ORIENTED_EDGE('',*,*,#3439,.T.);
#4748=ORIENTED_EDGE('',*,*,#3438,.T.);
#4749=ORIENTED_EDGE('',*,*,#3440,.F.);
#4750=ORIENTED_EDGE('',*,*,#3441,.F.);
#4751=ORIENTED_EDGE('',*,*,#3442,.T.);
#4752=ORIENTED_EDGE('',*,*,#3441,.T.);
#4753=ORIENTED_EDGE('',*,*,#3443,.F.);
#4754=ORIENTED_EDGE('',*,*,#3418,.F.);
#4755=ORIENTED_EDGE('',*,*,#3443,.T.);
#4756=ORIENTED_EDGE('',*,*,#3440,.T.);
#4757=ORIENTED_EDGE('',*,*,#3437,.T.);
#4758=ORIENTED_EDGE('',*,*,#3434,.T.);
#4759=ORIENTED_EDGE('',*,*,#3431,.T.);
#4760=ORIENTED_EDGE('',*,*,#3428,.T.);
#4761=ORIENTED_EDGE('',*,*,#3425,.T.);
#4762=ORIENTED_EDGE('',*,*,#3422,.T.);
#4763=ORIENTED_EDGE('',*,*,#3419,.T.);
#4764=ORIENTED_EDGE('',*,*,#3414,.T.);
#4765=ORIENTED_EDGE('',*,*,#3411,.T.);
#4766=ORIENTED_EDGE('',*,*,#3408,.T.);
#4767=ORIENTED_EDGE('',*,*,#3405,.T.);
#4768=ORIENTED_EDGE('',*,*,#3402,.T.);
#4769=ORIENTED_EDGE('',*,*,#3442,.F.);
#4770=ORIENTED_EDGE('',*,*,#3417,.T.);
#4771=ORIENTED_EDGE('',*,*,#3421,.F.);
#4772=ORIENTED_EDGE('',*,*,#3424,.T.);
#4773=ORIENTED_EDGE('',*,*,#3427,.F.);
#4774=ORIENTED_EDGE('',*,*,#3430,.T.);
#4775=ORIENTED_EDGE('',*,*,#3433,.F.);
#4776=ORIENTED_EDGE('',*,*,#3436,.F.);
#4777=ORIENTED_EDGE('',*,*,#3439,.F.);
#4778=ORIENTED_EDGE('',*,*,#3416,.F.);
#4779=ORIENTED_EDGE('',*,*,#3413,.F.);
#4780=ORIENTED_EDGE('',*,*,#3410,.F.);
#4781=ORIENTED_EDGE('',*,*,#3407,.F.);
#4782=ORIENTED_EDGE('',*,*,#3404,.F.);
#4783=ORIENTED_EDGE('',*,*,#3444,.F.);
#4784=ORIENTED_EDGE('',*,*,#3445,.F.);
#4785=ORIENTED_EDGE('',*,*,#3446,.T.);
#4786=ORIENTED_EDGE('',*,*,#3447,.T.);
#4787=ORIENTED_EDGE('',*,*,#3448,.F.);
#4788=ORIENTED_EDGE('',*,*,#3447,.F.);
#4789=ORIENTED_EDGE('',*,*,#3449,.F.);
#4790=ORIENTED_EDGE('',*,*,#3450,.F.);
#4791=ORIENTED_EDGE('',*,*,#3451,.F.);
#4792=ORIENTED_EDGE('',*,*,#3452,.T.);
#4793=ORIENTED_EDGE('',*,*,#3449,.T.);
#4794=ORIENTED_EDGE('',*,*,#3446,.F.);
#4795=ORIENTED_EDGE('',*,*,#3453,.F.);
#4796=ORIENTED_EDGE('',*,*,#3450,.T.);
#4797=ORIENTED_EDGE('',*,*,#3452,.F.);
#4798=ORIENTED_EDGE('',*,*,#3454,.F.);
#4799=ORIENTED_EDGE('',*,*,#3444,.T.);
#4800=ORIENTED_EDGE('',*,*,#3448,.T.);
#4801=ORIENTED_EDGE('',*,*,#3453,.T.);
#4802=ORIENTED_EDGE('',*,*,#3455,.T.);
#4803=ORIENTED_EDGE('',*,*,#3456,.T.);
#4804=ORIENTED_EDGE('',*,*,#3457,.F.);
#4805=ORIENTED_EDGE('',*,*,#3458,.F.);
#4806=ORIENTED_EDGE('',*,*,#3459,.T.);
#4807=ORIENTED_EDGE('',*,*,#3460,.F.);
#4808=ORIENTED_EDGE('',*,*,#3461,.T.);
#4809=ORIENTED_EDGE('',*,*,#3462,.T.);
#4810=ORIENTED_EDGE('',*,*,#3461,.F.);
#4811=ORIENTED_EDGE('',*,*,#3463,.F.);
#4812=ORIENTED_EDGE('',*,*,#3464,.T.);
#4813=ORIENTED_EDGE('',*,*,#3465,.T.);
#4814=ORIENTED_EDGE('',*,*,#3464,.F.);
#4815=ORIENTED_EDGE('',*,*,#3466,.F.);
#4816=ORIENTED_EDGE('',*,*,#3467,.T.);
#4817=ORIENTED_EDGE('',*,*,#3468,.T.);
#4818=ORIENTED_EDGE('',*,*,#3467,.F.);
#4819=ORIENTED_EDGE('',*,*,#3469,.F.);
#4820=ORIENTED_EDGE('',*,*,#3470,.T.);
#4821=ORIENTED_EDGE('',*,*,#3471,.T.);
#4822=ORIENTED_EDGE('',*,*,#3470,.F.);
#4823=ORIENTED_EDGE('',*,*,#3472,.F.);
#4824=ORIENTED_EDGE('',*,*,#3473,.T.);
#4825=ORIENTED_EDGE('',*,*,#3474,.T.);
#4826=ORIENTED_EDGE('',*,*,#3473,.F.);
#4827=ORIENTED_EDGE('',*,*,#3475,.F.);
#4828=ORIENTED_EDGE('',*,*,#3476,.T.);
#4829=ORIENTED_EDGE('',*,*,#3477,.T.);
#4830=ORIENTED_EDGE('',*,*,#3476,.F.);
#4831=ORIENTED_EDGE('',*,*,#3478,.F.);
#4832=ORIENTED_EDGE('',*,*,#3479,.T.);
#4833=ORIENTED_EDGE('',*,*,#3480,.T.);
#4834=ORIENTED_EDGE('',*,*,#3479,.F.);
#4835=ORIENTED_EDGE('',*,*,#3481,.F.);
#4836=ORIENTED_EDGE('',*,*,#3482,.T.);
#4837=ORIENTED_EDGE('',*,*,#3483,.T.);
#4838=ORIENTED_EDGE('',*,*,#3482,.F.);
#4839=ORIENTED_EDGE('',*,*,#3484,.F.);
#4840=ORIENTED_EDGE('',*,*,#3485,.T.);
#4841=ORIENTED_EDGE('',*,*,#3486,.T.);
#4842=ORIENTED_EDGE('',*,*,#3485,.F.);
#4843=ORIENTED_EDGE('',*,*,#3487,.F.);
#4844=ORIENTED_EDGE('',*,*,#3488,.T.);
#4845=ORIENTED_EDGE('',*,*,#3489,.T.);
#4846=ORIENTED_EDGE('',*,*,#3488,.F.);
#4847=ORIENTED_EDGE('',*,*,#3490,.F.);
#4848=ORIENTED_EDGE('',*,*,#3491,.T.);
#4849=ORIENTED_EDGE('',*,*,#3492,.T.);
#4850=ORIENTED_EDGE('',*,*,#3491,.F.);
#4851=ORIENTED_EDGE('',*,*,#3493,.F.);
#4852=ORIENTED_EDGE('',*,*,#3494,.T.);
#4853=ORIENTED_EDGE('',*,*,#3495,.T.);
#4854=ORIENTED_EDGE('',*,*,#3494,.F.);
#4855=ORIENTED_EDGE('',*,*,#3496,.F.);
#4856=ORIENTED_EDGE('',*,*,#3497,.T.);
#4857=ORIENTED_EDGE('',*,*,#3498,.T.);
#4858=ORIENTED_EDGE('',*,*,#3497,.F.);
#4859=ORIENTED_EDGE('',*,*,#3499,.F.);
#4860=ORIENTED_EDGE('',*,*,#3500,.T.);
#4861=ORIENTED_EDGE('',*,*,#3501,.T.);
#4862=ORIENTED_EDGE('',*,*,#3500,.F.);
#4863=ORIENTED_EDGE('',*,*,#3502,.F.);
#4864=ORIENTED_EDGE('',*,*,#3503,.T.);
#4865=ORIENTED_EDGE('',*,*,#3504,.T.);
#4866=ORIENTED_EDGE('',*,*,#3503,.F.);
#4867=ORIENTED_EDGE('',*,*,#3505,.F.);
#4868=ORIENTED_EDGE('',*,*,#3506,.T.);
#4869=ORIENTED_EDGE('',*,*,#3507,.T.);
#4870=ORIENTED_EDGE('',*,*,#3506,.F.);
#4871=ORIENTED_EDGE('',*,*,#3508,.F.);
#4872=ORIENTED_EDGE('',*,*,#3509,.T.);
#4873=ORIENTED_EDGE('',*,*,#3510,.T.);
#4874=ORIENTED_EDGE('',*,*,#3509,.F.);
#4875=ORIENTED_EDGE('',*,*,#3511,.F.);
#4876=ORIENTED_EDGE('',*,*,#3512,.T.);
#4877=ORIENTED_EDGE('',*,*,#3513,.T.);
#4878=ORIENTED_EDGE('',*,*,#3512,.F.);
#4879=ORIENTED_EDGE('',*,*,#3514,.F.);
#4880=ORIENTED_EDGE('',*,*,#3515,.T.);
#4881=ORIENTED_EDGE('',*,*,#3516,.T.);
#4882=ORIENTED_EDGE('',*,*,#3515,.F.);
#4883=ORIENTED_EDGE('',*,*,#3517,.T.);
#4884=ORIENTED_EDGE('',*,*,#3518,.T.);
#4885=ORIENTED_EDGE('',*,*,#3519,.F.);
#4886=ORIENTED_EDGE('',*,*,#3520,.F.);
#4887=ORIENTED_EDGE('',*,*,#3521,.T.);
#4888=ORIENTED_EDGE('',*,*,#3520,.T.);
#4889=ORIENTED_EDGE('',*,*,#3522,.F.);
#4890=ORIENTED_EDGE('',*,*,#3456,.F.);
#4891=ORIENTED_EDGE('',*,*,#3523,.T.);
#4892=ORIENTED_EDGE('',*,*,#3458,.T.);
#4893=ORIENTED_EDGE('',*,*,#3524,.F.);
#4894=ORIENTED_EDGE('',*,*,#3518,.F.);
#4895=ORIENTED_EDGE('',*,*,#3524,.T.);
#4896=ORIENTED_EDGE('',*,*,#3457,.T.);
#4897=ORIENTED_EDGE('',*,*,#3522,.T.);
#4898=ORIENTED_EDGE('',*,*,#3519,.T.);
#4899=ORIENTED_EDGE('',*,*,#3514,.T.);
#4900=ORIENTED_EDGE('',*,*,#3511,.T.);
#4901=ORIENTED_EDGE('',*,*,#3508,.T.);
#4902=ORIENTED_EDGE('',*,*,#3505,.T.);
#4903=ORIENTED_EDGE('',*,*,#3502,.T.);
#4904=ORIENTED_EDGE('',*,*,#3499,.T.);
#4905=ORIENTED_EDGE('',*,*,#3496,.T.);
#4906=ORIENTED_EDGE('',*,*,#3493,.T.);
#4907=ORIENTED_EDGE('',*,*,#3490,.T.);
#4908=ORIENTED_EDGE('',*,*,#3487,.T.);
#4909=ORIENTED_EDGE('',*,*,#3484,.T.);
#4910=ORIENTED_EDGE('',*,*,#3481,.T.);
#4911=ORIENTED_EDGE('',*,*,#3478,.T.);
#4912=ORIENTED_EDGE('',*,*,#3475,.T.);
#4913=ORIENTED_EDGE('',*,*,#3472,.T.);
#4914=ORIENTED_EDGE('',*,*,#3469,.T.);
#4915=ORIENTED_EDGE('',*,*,#3466,.T.);
#4916=ORIENTED_EDGE('',*,*,#3463,.T.);
#4917=ORIENTED_EDGE('',*,*,#3460,.T.);
#4918=ORIENTED_EDGE('',*,*,#3445,.T.);
#4919=ORIENTED_EDGE('',*,*,#3459,.F.);
#4920=ORIENTED_EDGE('',*,*,#3523,.F.);
#4921=ORIENTED_EDGE('',*,*,#3517,.F.);
#4922=ORIENTED_EDGE('',*,*,#3521,.F.);
#4923=ORIENTED_EDGE('',*,*,#3455,.F.);
#4924=ORIENTED_EDGE('',*,*,#3454,.T.);
#4925=ORIENTED_EDGE('',*,*,#3451,.T.);
#4926=ORIENTED_EDGE('',*,*,#3516,.F.);
#4927=ORIENTED_EDGE('',*,*,#3513,.F.);
#4928=ORIENTED_EDGE('',*,*,#3510,.F.);
#4929=ORIENTED_EDGE('',*,*,#3507,.F.);
#4930=ORIENTED_EDGE('',*,*,#3504,.F.);
#4931=ORIENTED_EDGE('',*,*,#3501,.F.);
#4932=ORIENTED_EDGE('',*,*,#3498,.F.);
#4933=ORIENTED_EDGE('',*,*,#3495,.F.);
#4934=ORIENTED_EDGE('',*,*,#3492,.F.);
#4935=ORIENTED_EDGE('',*,*,#3489,.F.);
#4936=ORIENTED_EDGE('',*,*,#3486,.F.);
#4937=ORIENTED_EDGE('',*,*,#3483,.F.);
#4938=ORIENTED_EDGE('',*,*,#3480,.F.);
#4939=ORIENTED_EDGE('',*,*,#3477,.F.);
#4940=ORIENTED_EDGE('',*,*,#3474,.F.);
#4941=ORIENTED_EDGE('',*,*,#3471,.F.);
#4942=ORIENTED_EDGE('',*,*,#3468,.F.);
#4943=ORIENTED_EDGE('',*,*,#3465,.F.);
#4944=ORIENTED_EDGE('',*,*,#3462,.F.);
#4945=PLANE('',#5426);
#4946=PLANE('',#5427);
#4947=PLANE('',#5428);
#4948=PLANE('',#5429);
#4949=PLANE('',#5430);
#4950=PLANE('',#5431);
#4951=PLANE('',#5432);
#4952=PLANE('',#5433);
#4953=PLANE('',#5434);
#4954=PLANE('',#5435);
#4955=PLANE('',#5436);
#4956=PLANE('',#5437);
#4957=PLANE('',#5442);
#4958=PLANE('',#5443);
#4959=PLANE('',#5444);
#4960=PLANE('',#5445);
#4961=PLANE('',#5446);
#4962=PLANE('',#5447);
#4963=PLANE('',#5448);
#4964=PLANE('',#5449);
#4965=PLANE('',#5450);
#4966=PLANE('',#5451);
#4967=PLANE('',#5452);
#4968=PLANE('',#5453);
#4969=PLANE('',#5454);
#4970=PLANE('',#5455);
#4971=PLANE('',#5456);
#4972=PLANE('',#5479);
#4973=PLANE('',#5483);
#4974=PLANE('',#5513);
#4975=PLANE('',#5516);
#4976=PLANE('',#5519);
#4977=PLANE('',#5522);
#4978=PLANE('',#5557);
#4979=PLANE('',#5558);
#4980=PLANE('',#5559);
#4981=PLANE('',#5562);
#4982=PLANE('',#5563);
#4983=PLANE('',#5565);
#4984=PLANE('',#5566);
#4985=PLANE('',#5567);
#4986=PLANE('',#5568);
#4987=PLANE('',#5569);
#4988=PLANE('',#5570);
#4989=PLANE('',#5571);
#4990=PLANE('',#5572);
#4991=PLANE('',#5573);
#4992=PLANE('',#5574);
#4993=PLANE('',#5575);
#4994=PLANE('',#5576);
#4995=PLANE('',#5577);
#4996=PLANE('',#5578);
#4997=PLANE('',#5579);
#4998=PLANE('',#5583);
#4999=PLANE('',#5606);
#5000=PLANE('',#5630);
#5001=PLANE('',#5633);
#5002=PLANE('',#5636);
#5003=PLANE('',#5639);
#5004=PLANE('',#5680);
#5005=PLANE('',#5681);
#5006=PLANE('',#5684);
#5007=PLANE('',#5685);
#5008=PLANE('',#5686);
#5009=PLANE('',#5688);
#5010=PLANE('',#5689);
#5011=PLANE('',#5690);
#5012=PLANE('',#5691);
#5013=PLANE('',#5692);
#5014=PLANE('',#5750);
#5015=PLANE('',#5751);
#5016=PLANE('',#5752);
#5017=PLANE('',#5753);
#5018=PLANE('',#5754);
#5019=PLANE('',#5775);
#5020=PLANE('',#5776);
#5021=PLANE('',#5777);
#5022=PLANE('',#5778);
#5023=PLANE('',#5779);
#5024=PLANE('',#5780);
#5025=PLANE('',#5781);
#5026=PLANE('',#5782);
#5027=PLANE('',#5783);
#5028=PLANE('',#5784);
#5029=PLANE('',#5795);
#5030=PLANE('',#5796);
#5031=PLANE('',#5797);
#5032=PLANE('',#5798);
#5033=PLANE('',#5799);
#5034=PLANE('',#5800);
#5035=PLANE('',#5804);
#5036=PLANE('',#5808);
#5037=PLANE('',#5809);
#5038=PLANE('',#5810);
#5039=PLANE('',#5811);
#5040=PLANE('',#5815);
#5041=PLANE('',#5819);
#5042=PLANE('',#5820);
#5043=PLANE('',#5821);
#5044=PLANE('',#5822);
#5045=PLANE('',#5823);
#5046=PLANE('',#5824);
#5047=PLANE('',#5828);
#5048=PLANE('',#5829);
#5049=PLANE('',#5830);
#5050=PLANE('',#5831);
#5051=PLANE('',#5848);
#5052=PLANE('',#5849);
#5053=PLANE('',#5850);
#5054=PLANE('',#5851);
#5055=PLANE('',#5852);
#5056=PLANE('',#5853);
#5057=PLANE('',#5854);
#5058=PLANE('',#5855);
#5059=PLANE('',#5856);
#5060=PLANE('',#5857);
#5061=PLANE('',#5859);
#5062=PLANE('',#5860);
#5063=PLANE('',#5861);
#5064=PLANE('',#5862);
#5065=PLANE('',#5863);
#5066=PLANE('',#5921);
#5067=PLANE('',#5922);
#5068=PLANE('',#5923);
#5069=PLANE('',#5924);
#5070=PLANE('',#5925);
#5071=ADVANCED_FACE('',(#721),#4945,.T.);
#5072=ADVANCED_FACE('',(#722),#4946,.T.);
#5073=ADVANCED_FACE('',(#723),#4947,.T.);
#5074=ADVANCED_FACE('',(#724),#4948,.T.);
#5075=ADVANCED_FACE('',(#725),#4949,.T.);
#5076=ADVANCED_FACE('',(#726),#4950,.F.);
#5077=ADVANCED_FACE('',(#727),#4951,.T.);
#5078=ADVANCED_FACE('',(#728),#4952,.T.);
#5079=ADVANCED_FACE('',(#729),#4953,.T.);
#5080=ADVANCED_FACE('',(#730),#4954,.T.);
#5081=ADVANCED_FACE('',(#731),#4955,.T.);
#5082=ADVANCED_FACE('',(#732),#4956,.F.);
#5083=ADVANCED_FACE('',(#733),#4957,.F.);
#5084=ADVANCED_FACE('',(#734),#4958,.F.);
#5085=ADVANCED_FACE('',(#735),#4959,.F.);
#5086=ADVANCED_FACE('',(#736),#4960,.F.);
#5087=ADVANCED_FACE('',(#737),#4961,.F.);
#5088=ADVANCED_FACE('',(#738),#4962,.F.);
#5089=ADVANCED_FACE('',(#739),#4963,.F.);
#5090=ADVANCED_FACE('',(#740),#4964,.F.);
#5091=ADVANCED_FACE('',(#741),#4965,.F.);
#5092=ADVANCED_FACE('',(#742),#4966,.F.);
#5093=ADVANCED_FACE('',(#743),#4967,.F.);
#5094=ADVANCED_FACE('',(#744),#4968,.F.);
#5095=ADVANCED_FACE('',(#745),#4969,.F.);
#5096=ADVANCED_FACE('',(#746),#4970,.T.);
#5097=ADVANCED_FACE('',(#747,#139,#140,#141,#142,#143,#144,#145,#146,#147,
#148,#149,#150,#151,#152,#153,#154,#155,#156),#4971,.F.);
#5098=ADVANCED_FACE('',(#748,#157,#158,#159),#4972,.F.);
#5099=ADVANCED_FACE('',(#749),#4973,.T.);
#5100=ADVANCED_FACE('',(#750),#19,.F.);
#5101=ADVANCED_FACE('',(#751),#20,.F.);
#5102=ADVANCED_FACE('',(#752),#21,.F.);
#5103=ADVANCED_FACE('',(#753),#22,.F.);
#5104=ADVANCED_FACE('',(#754),#23,.F.);
#5105=ADVANCED_FACE('',(#755),#24,.F.);
#5106=ADVANCED_FACE('',(#756),#25,.F.);
#5107=ADVANCED_FACE('',(#757),#26,.F.);
#5108=ADVANCED_FACE('',(#758),#27,.F.);
#5109=ADVANCED_FACE('',(#759),#28,.F.);
#5110=ADVANCED_FACE('',(#760),#29,.F.);
#5111=ADVANCED_FACE('',(#761),#30,.F.);
#5112=ADVANCED_FACE('',(#762),#31,.F.);
#5113=ADVANCED_FACE('',(#763),#4974,.T.);
#5114=ADVANCED_FACE('',(#764),#32,.F.);
#5115=ADVANCED_FACE('',(#765),#4975,.T.);
#5116=ADVANCED_FACE('',(#766),#33,.F.);
#5117=ADVANCED_FACE('',(#767),#4976,.T.);
#5118=ADVANCED_FACE('',(#768),#34,.F.);
#5119=ADVANCED_FACE('',(#769),#4977,.T.);
#5120=ADVANCED_FACE('',(#770),#35,.F.);
#5121=ADVANCED_FACE('',(#771),#36,.F.);
#5122=ADVANCED_FACE('',(#772),#37,.F.);
#5123=ADVANCED_FACE('',(#773),#38,.F.);
#5124=ADVANCED_FACE('',(#774),#39,.F.);
#5125=ADVANCED_FACE('',(#775),#40,.F.);
#5126=ADVANCED_FACE('',(#776),#41,.F.);
#5127=ADVANCED_FACE('',(#777),#42,.F.);
#5128=ADVANCED_FACE('',(#778),#43,.F.);
#5129=ADVANCED_FACE('',(#779),#44,.F.);
#5130=ADVANCED_FACE('',(#780),#45,.F.);
#5131=ADVANCED_FACE('',(#781),#46,.F.);
#5132=ADVANCED_FACE('',(#782),#47,.F.);
#5133=ADVANCED_FACE('',(#783),#48,.F.);
#5134=ADVANCED_FACE('',(#784),#49,.F.);
#5135=ADVANCED_FACE('',(#785),#4978,.T.);
#5136=ADVANCED_FACE('',(#786),#4979,.T.);
#5137=ADVANCED_FACE('',(#787),#11,.T.);
#5138=ADVANCED_FACE('',(#788),#4980,.T.);
#5139=ADVANCED_FACE('',(#789),#50,.F.);
#5140=ADVANCED_FACE('',(#790),#12,.T.);
#5141=ADVANCED_FACE('',(#791,#160,#161,#162,#163,#164,#165,#166,#167,#168,
#169,#170,#171,#172,#173,#174,#175,#176,#177,#178,#179,#180,#181,#182,#183,
#184,#185,#186,#187),#4981,.T.);
#5142=ADVANCED_FACE('',(#792,#188,#189,#190,#191,#192,#193,#194),#4982,
 .F.);
#5143=ADVANCED_FACE('',(#793),#4983,.F.);
#5144=ADVANCED_FACE('',(#794),#4984,.F.);
#5145=ADVANCED_FACE('',(#795),#4985,.F.);
#5146=ADVANCED_FACE('',(#796),#4986,.F.);
#5147=ADVANCED_FACE('',(#797),#4987,.F.);
#5148=ADVANCED_FACE('',(#798),#4988,.F.);
#5149=ADVANCED_FACE('',(#799),#4989,.F.);
#5150=ADVANCED_FACE('',(#800),#4990,.F.);
#5151=ADVANCED_FACE('',(#801),#4991,.F.);
#5152=ADVANCED_FACE('',(#802),#4992,.F.);
#5153=ADVANCED_FACE('',(#803),#4993,.F.);
#5154=ADVANCED_FACE('',(#804),#4994,.F.);
#5155=ADVANCED_FACE('',(#805),#4995,.F.);
#5156=ADVANCED_FACE('',(#806),#4996,.T.);
#5157=ADVANCED_FACE('',(#807,#195,#196,#197),#4997,.F.);
#5158=ADVANCED_FACE('',(#808,#198,#199,#200,#201,#202,#203,#204,#205,#206,
#207,#208,#209,#210,#211,#212,#213,#214,#215),#4998,.F.);
#5159=ADVANCED_FACE('',(#809,#216,#217,#218,#219,#220,#221,#222),#4999,
 .F.);
#5160=ADVANCED_FACE('',(#810),#51,.F.);
#5161=ADVANCED_FACE('',(#811),#52,.F.);
#5162=ADVANCED_FACE('',(#812),#53,.F.);
#5163=ADVANCED_FACE('',(#813),#54,.F.);
#5164=ADVANCED_FACE('',(#814),#55,.F.);
#5165=ADVANCED_FACE('',(#815),#56,.F.);
#5166=ADVANCED_FACE('',(#816),#57,.F.);
#5167=ADVANCED_FACE('',(#817),#58,.F.);
#5168=ADVANCED_FACE('',(#818),#5000,.T.);
#5169=ADVANCED_FACE('',(#819),#59,.F.);
#5170=ADVANCED_FACE('',(#820),#5001,.T.);
#5171=ADVANCED_FACE('',(#821),#60,.F.);
#5172=ADVANCED_FACE('',(#822),#5002,.T.);
#5173=ADVANCED_FACE('',(#823),#61,.F.);
#5174=ADVANCED_FACE('',(#824),#5003,.T.);
#5175=ADVANCED_FACE('',(#825),#62,.F.);
#5176=ADVANCED_FACE('',(#826),#63,.F.);
#5177=ADVANCED_FACE('',(#827),#64,.F.);
#5178=ADVANCED_FACE('',(#828),#65,.F.);
#5179=ADVANCED_FACE('',(#829),#66,.F.);
#5180=ADVANCED_FACE('',(#830),#67,.F.);
#5181=ADVANCED_FACE('',(#831),#68,.F.);
#5182=ADVANCED_FACE('',(#832),#69,.F.);
#5183=ADVANCED_FACE('',(#833),#70,.F.);
#5184=ADVANCED_FACE('',(#834),#71,.F.);
#5185=ADVANCED_FACE('',(#835),#72,.F.);
#5186=ADVANCED_FACE('',(#836),#73,.F.);
#5187=ADVANCED_FACE('',(#837),#74,.F.);
#5188=ADVANCED_FACE('',(#838),#75,.F.);
#5189=ADVANCED_FACE('',(#839),#76,.F.);
#5190=ADVANCED_FACE('',(#840),#77,.F.);
#5191=ADVANCED_FACE('',(#841),#78,.F.);
#5192=ADVANCED_FACE('',(#842),#79,.F.);
#5193=ADVANCED_FACE('',(#843),#80,.F.);
#5194=ADVANCED_FACE('',(#844),#81,.F.);
#5195=ADVANCED_FACE('',(#845),#5004,.T.);
#5196=ADVANCED_FACE('',(#846),#5005,.T.);
#5197=ADVANCED_FACE('',(#847),#13,.T.);
#5198=ADVANCED_FACE('',(#848),#82,.F.);
#5199=ADVANCED_FACE('',(#849),#5006,.T.);
#5200=ADVANCED_FACE('',(#850),#14,.T.);
#5201=ADVANCED_FACE('',(#851),#5007,.T.);
#5202=ADVANCED_FACE('',(#852,#223,#224,#225,#226,#227,#228,#229,#230,#231,
#232,#233,#234,#235,#236,#237,#238,#239,#240,#241,#242,#243,#244,#245,#246,
#247,#248,#249,#250),#5008,.T.);
#5203=ADVANCED_FACE('',(#853),#5009,.F.);
#5204=ADVANCED_FACE('',(#854),#5010,.F.);
#5205=ADVANCED_FACE('',(#855),#5011,.F.);
#5206=ADVANCED_FACE('',(#856),#5012,.F.);
#5207=ADVANCED_FACE('',(#857),#5013,.T.);
#5208=ADVANCED_FACE('',(#858),#83,.F.);
#5209=ADVANCED_FACE('',(#859),#84,.F.);
#5210=ADVANCED_FACE('',(#860),#85,.F.);
#5211=ADVANCED_FACE('',(#861),#86,.F.);
#5212=ADVANCED_FACE('',(#862),#87,.F.);
#5213=ADVANCED_FACE('',(#863),#88,.F.);
#5214=ADVANCED_FACE('',(#864),#89,.F.);
#5215=ADVANCED_FACE('',(#865),#90,.F.);
#5216=ADVANCED_FACE('',(#866),#91,.F.);
#5217=ADVANCED_FACE('',(#867),#92,.F.);
#5218=ADVANCED_FACE('',(#868),#93,.F.);
#5219=ADVANCED_FACE('',(#869),#94,.F.);
#5220=ADVANCED_FACE('',(#870),#95,.F.);
#5221=ADVANCED_FACE('',(#871),#96,.F.);
#5222=ADVANCED_FACE('',(#872),#97,.F.);
#5223=ADVANCED_FACE('',(#873),#98,.F.);
#5224=ADVANCED_FACE('',(#874),#99,.F.);
#5225=ADVANCED_FACE('',(#875),#100,.F.);
#5226=ADVANCED_FACE('',(#876),#101,.F.);
#5227=ADVANCED_FACE('',(#877),#5014,.T.);
#5228=ADVANCED_FACE('',(#878),#5015,.T.);
#5229=ADVANCED_FACE('',(#879),#5016,.T.);
#5230=ADVANCED_FACE('',(#880,#251,#252,#253,#254,#255,#256,#257,#258,#259,
#260,#261,#262,#263,#264,#265,#266,#267,#268,#269),#5017,.T.);
#5231=ADVANCED_FACE('',(#881,#270,#271,#272,#273,#274,#275,#276,#277,#278,
#279,#280,#281,#282,#283,#284,#285,#286,#287,#288),#5018,.F.);
#5232=ADVANCED_FACE('',(#882),#102,.F.);
#5233=ADVANCED_FACE('',(#883),#103,.F.);
#5234=ADVANCED_FACE('',(#884),#104,.F.);
#5235=ADVANCED_FACE('',(#885),#105,.F.);
#5236=ADVANCED_FACE('',(#886),#106,.F.);
#5237=ADVANCED_FACE('',(#887),#5019,.T.);
#5238=ADVANCED_FACE('',(#888),#5020,.T.);
#5239=ADVANCED_FACE('',(#889),#5021,.T.);
#5240=ADVANCED_FACE('',(#890),#5022,.T.);
#5241=ADVANCED_FACE('',(#891),#5023,.T.);
#5242=ADVANCED_FACE('',(#892),#15,.T.);
#5243=ADVANCED_FACE('',(#893),#5024,.T.);
#5244=ADVANCED_FACE('',(#894),#5025,.T.);
#5245=ADVANCED_FACE('',(#895),#5026,.T.);
#5246=ADVANCED_FACE('',(#896,#289,#290,#291,#292,#293),#5027,.T.);
#5247=ADVANCED_FACE('',(#897,#294,#295,#296,#297,#298),#5028,.F.);
#5248=ADVANCED_FACE('',(#898),#107,.F.);
#5249=ADVANCED_FACE('',(#899),#108,.F.);
#5250=ADVANCED_FACE('',(#900),#109,.F.);
#5251=ADVANCED_FACE('',(#901),#5029,.T.);
#5252=ADVANCED_FACE('',(#902),#5030,.T.);
#5253=ADVANCED_FACE('',(#903),#5031,.T.);
#5254=ADVANCED_FACE('',(#904),#5032,.T.);
#5255=ADVANCED_FACE('',(#905),#5033,.T.);
#5256=ADVANCED_FACE('',(#906),#5034,.T.);
#5257=ADVANCED_FACE('',(#907),#110,.T.);
#5258=ADVANCED_FACE('',(#908),#5035,.T.);
#5259=ADVANCED_FACE('',(#909),#111,.T.);
#5260=ADVANCED_FACE('',(#910),#16,.T.);
#5261=ADVANCED_FACE('',(#911),#5036,.T.);
#5262=ADVANCED_FACE('',(#912),#5037,.T.);
#5263=ADVANCED_FACE('',(#913),#5038,.T.);
#5264=ADVANCED_FACE('',(#914),#5039,.T.);
#5265=ADVANCED_FACE('',(#915),#17,.T.);
#5266=ADVANCED_FACE('',(#916),#112,.T.);
#5267=ADVANCED_FACE('',(#917),#5040,.T.);
#5268=ADVANCED_FACE('',(#918),#113,.T.);
#5269=ADVANCED_FACE('',(#919),#5041,.T.);
#5270=ADVANCED_FACE('',(#920),#5042,.T.);
#5271=ADVANCED_FACE('',(#921),#5043,.T.);
#5272=ADVANCED_FACE('',(#922),#5044,.T.);
#5273=ADVANCED_FACE('',(#923),#5045,.T.);
#5274=ADVANCED_FACE('',(#924),#5046,.T.);
#5275=ADVANCED_FACE('',(#925),#114,.F.);
#5276=ADVANCED_FACE('',(#926),#5047,.T.);
#5277=ADVANCED_FACE('',(#927),#5048,.T.);
#5278=ADVANCED_FACE('',(#928,#299,#300),#5049,.T.);
#5279=ADVANCED_FACE('',(#929,#301,#302),#5050,.F.);
#5280=ADVANCED_FACE('',(#930),#115,.F.);
#5281=ADVANCED_FACE('',(#931),#116,.F.);
#5282=ADVANCED_FACE('',(#932),#117,.F.);
#5283=ADVANCED_FACE('',(#933),#118,.F.);
#5284=ADVANCED_FACE('',(#934),#119,.F.);
#5285=ADVANCED_FACE('',(#935),#5051,.T.);
#5286=ADVANCED_FACE('',(#936),#5052,.T.);
#5287=ADVANCED_FACE('',(#937),#5053,.T.);
#5288=ADVANCED_FACE('',(#938),#5054,.T.);
#5289=ADVANCED_FACE('',(#939),#5055,.T.);
#5290=ADVANCED_FACE('',(#940),#18,.T.);
#5291=ADVANCED_FACE('',(#941),#5056,.T.);
#5292=ADVANCED_FACE('',(#942),#5057,.T.);
#5293=ADVANCED_FACE('',(#943),#5058,.T.);
#5294=ADVANCED_FACE('',(#944,#303,#304,#305,#306,#307),#5059,.T.);
#5295=ADVANCED_FACE('',(#945,#308,#309,#310,#311,#312),#5060,.F.);
#5296=ADVANCED_FACE('',(#946),#5061,.F.);
#5297=ADVANCED_FACE('',(#947),#5062,.F.);
#5298=ADVANCED_FACE('',(#948),#5063,.F.);
#5299=ADVANCED_FACE('',(#949),#5064,.F.);
#5300=ADVANCED_FACE('',(#950),#5065,.T.);
#5301=ADVANCED_FACE('',(#951),#120,.F.);
#5302=ADVANCED_FACE('',(#952),#121,.F.);
#5303=ADVANCED_FACE('',(#953),#122,.F.);
#5304=ADVANCED_FACE('',(#954),#123,.F.);
#5305=ADVANCED_FACE('',(#955),#124,.F.);
#5306=ADVANCED_FACE('',(#956),#125,.F.);
#5307=ADVANCED_FACE('',(#957),#126,.F.);
#5308=ADVANCED_FACE('',(#958),#127,.F.);
#5309=ADVANCED_FACE('',(#959),#128,.F.);
#5310=ADVANCED_FACE('',(#960),#129,.F.);
#5311=ADVANCED_FACE('',(#961),#130,.F.);
#5312=ADVANCED_FACE('',(#962),#131,.F.);
#5313=ADVANCED_FACE('',(#963),#132,.F.);
#5314=ADVANCED_FACE('',(#964),#133,.F.);
#5315=ADVANCED_FACE('',(#965),#134,.F.);
#5316=ADVANCED_FACE('',(#966),#135,.F.);
#5317=ADVANCED_FACE('',(#967),#136,.F.);
#5318=ADVANCED_FACE('',(#968),#137,.F.);
#5319=ADVANCED_FACE('',(#969),#138,.F.);
#5320=ADVANCED_FACE('',(#970),#5066,.T.);
#5321=ADVANCED_FACE('',(#971),#5067,.T.);
#5322=ADVANCED_FACE('',(#972),#5068,.T.);
#5323=ADVANCED_FACE('',(#973,#313,#314,#315,#316,#317,#318,#319,#320,#321,
#322,#323,#324,#325,#326,#327,#328,#329,#330,#331),#5069,.T.);
#5324=ADVANCED_FACE('',(#974,#332,#333,#334,#335,#336,#337,#338,#339,#340,
#341,#342,#343,#344,#345,#346,#347,#348,#349,#350),#5070,.F.);
#5325=CLOSED_SHELL('',(#5071,#5072,#5073,#5074,#5075,#5076));
#5326=CLOSED_SHELL('',(#5077,#5078,#5079,#5080,#5081,#5082));
#5327=CLOSED_SHELL('',(#5083,#5084,#5085,#5086,#5087,#5088,#5089,#5090,
#5091,#5092,#5093,#5094,#5095,#5096,#5097,#5098,#5099,#5100,#5101,#5102,
#5103,#5104,#5105,#5106,#5107,#5108,#5109,#5110,#5111,#5112,#5113,#5114,
#5115,#5116,#5117,#5118,#5119,#5120,#5121,#5122,#5123,#5124,#5125,#5126,
#5127,#5128,#5129,#5130,#5131,#5132,#5133,#5134,#5135,#5136,#5137,#5138,
#5139,#5140,#5141,#5142));
#5328=CLOSED_SHELL('',(#5143,#5144,#5145,#5146,#5147,#5148,#5149,#5150,
#5151,#5152,#5153,#5154,#5155,#5156,#5157,#5158,#5159,#5160,#5161,#5162,
#5163,#5164,#5165,#5166,#5167,#5168,#5169,#5170,#5171,#5172,#5173,#5174,
#5175,#5176,#5177,#5178,#5179,#5180,#5181,#5182,#5183,#5184,#5185,#5186,
#5187,#5188,#5189,#5190,#5191,#5192,#5193,#5194,#5195,#5196,#5197,#5198,
#5199,#5200,#5201,#5202));
#5329=CLOSED_SHELL('',(#5203,#5204,#5205,#5206,#5207,#5208,#5209,#5210,
#5211,#5212,#5213,#5214,#5215,#5216,#5217,#5218,#5219,#5220,#5221,#5222,
#5223,#5224,#5225,#5226,#5227,#5228,#5229,#5230,#5231));
#5330=CLOSED_SHELL('',(#5232,#5233,#5234,#5235,#5236,#5237,#5238,#5239,
#5240,#5241,#5242,#5243,#5244,#5245,#5246,#5247));
#5331=CLOSED_SHELL('',(#5248,#5249,#5250,#5251,#5252,#5253,#5254,#5255,
#5256,#5257,#5258,#5259,#5260,#5261,#5262,#5263,#5264,#5265,#5266,#5267,
#5268,#5269,#5270,#5271,#5272,#5273,#5274,#5275,#5276,#5277,#5278,#5279));
#5332=CLOSED_SHELL('',(#5280,#5281,#5282,#5283,#5284,#5285,#5286,#5287,
#5288,#5289,#5290,#5291,#5292,#5293,#5294,#5295));
#5333=CLOSED_SHELL('',(#5296,#5297,#5298,#5299,#5300,#5301,#5302,#5303,
#5304,#5305,#5306,#5307,#5308,#5309,#5310,#5311,#5312,#5313,#5314,#5315,
#5316,#5317,#5318,#5319,#5320,#5321,#5322,#5323,#5324));
#5334=DERIVED_UNIT_ELEMENT(#5350,1.);
#5335=DERIVED_UNIT_ELEMENT(#9620,-3.);
#5336=DERIVED_UNIT_ELEMENT(#5350,1.);
#5337=DERIVED_UNIT_ELEMENT(#9620,-3.);
#5338=DERIVED_UNIT_ELEMENT(#5350,1.);
#5339=DERIVED_UNIT_ELEMENT(#9620,-3.);
#5340=DERIVED_UNIT_ELEMENT(#5350,1.);
#5341=DERIVED_UNIT_ELEMENT(#9620,-3.);
#5342=DERIVED_UNIT_ELEMENT(#5350,1.);
#5343=DERIVED_UNIT_ELEMENT(#9620,-3.);
#5344=DERIVED_UNIT_ELEMENT(#5350,1.);
#5345=DERIVED_UNIT_ELEMENT(#9620,-3.);
#5346=DERIVED_UNIT_ELEMENT(#5350,1.);
#5347=DERIVED_UNIT_ELEMENT(#9620,-3.);
#5348=DERIVED_UNIT_ELEMENT(#5350,1.);
#5349=DERIVED_UNIT_ELEMENT(#9620,-3.);
#5350=(
MASS_UNIT()
NAMED_UNIT(*)
SI_UNIT(.KILO.,.GRAM.)
);
#5351=DERIVED_UNIT((#5334,#5335));
#5352=DERIVED_UNIT((#5336,#5337));
#5353=DERIVED_UNIT((#5338,#5339));
#5354=DERIVED_UNIT((#5340,#5341));
#5355=DERIVED_UNIT((#5342,#5343));
#5356=DERIVED_UNIT((#5344,#5345));
#5357=DERIVED_UNIT((#5346,#5347));
#5358=DERIVED_UNIT((#5348,#5349));
#5359=MEASURE_REPRESENTATION_ITEM('density measure',
POSITIVE_RATIO_MEASURE(7850.),#5351);
#5360=MEASURE_REPRESENTATION_ITEM('density measure',
POSITIVE_RATIO_MEASURE(7850.),#5352);
#5361=MEASURE_REPRESENTATION_ITEM('density measure',
POSITIVE_RATIO_MEASURE(7850.),#5353);
#5362=MEASURE_REPRESENTATION_ITEM('density measure',
POSITIVE_RATIO_MEASURE(7850.),#5354);
#5363=MEASURE_REPRESENTATION_ITEM('density measure',
POSITIVE_RATIO_MEASURE(7850.),#5355);
#5364=MEASURE_REPRESENTATION_ITEM('density measure',
POSITIVE_RATIO_MEASURE(7850.),#5356);
#5365=MEASURE_REPRESENTATION_ITEM('density measure',
POSITIVE_RATIO_MEASURE(7850.),#5357);
#5366=MEASURE_REPRESENTATION_ITEM('density measure',
POSITIVE_RATIO_MEASURE(7850.),#5358);
#5367=PROPERTY_DEFINITION_REPRESENTATION(#5407,#5383);
#5368=PROPERTY_DEFINITION_REPRESENTATION(#5408,#5384);
#5369=PROPERTY_DEFINITION_REPRESENTATION(#5409,#5385);
#5370=PROPERTY_DEFINITION_REPRESENTATION(#5410,#5386);
#5371=PROPERTY_DEFINITION_REPRESENTATION(#5411,#5387);
#5372=PROPERTY_DEFINITION_REPRESENTATION(#5412,#5388);
#5373=PROPERTY_DEFINITION_REPRESENTATION(#5413,#5389);
#5374=PROPERTY_DEFINITION_REPRESENTATION(#5414,#5390);
#5375=PROPERTY_DEFINITION_REPRESENTATION(#5415,#5391);
#5376=PROPERTY_DEFINITION_REPRESENTATION(#5416,#5392);
#5377=PROPERTY_DEFINITION_REPRESENTATION(#5417,#5393);
#5378=PROPERTY_DEFINITION_REPRESENTATION(#5418,#5394);
#5379=PROPERTY_DEFINITION_REPRESENTATION(#5419,#5395);
#5380=PROPERTY_DEFINITION_REPRESENTATION(#5420,#5396);
#5381=PROPERTY_DEFINITION_REPRESENTATION(#5421,#5397);
#5382=PROPERTY_DEFINITION_REPRESENTATION(#5422,#5398);
#5383=REPRESENTATION('material name',(#5399),#9605);
#5384=REPRESENTATION('density',(#5359),#9605);
#5385=REPRESENTATION('material name',(#5400),#9608);
#5386=REPRESENTATION('density',(#5360),#9608);
#5387=REPRESENTATION('material name',(#5401),#9609);
#5388=REPRESENTATION('density',(#5361),#9609);
#5389=REPRESENTATION('material name',(#5402),#9610);
#5390=REPRESENTATION('density',(#5362),#9610);
#5391=REPRESENTATION('material name',(#5403),#9612);
#5392=REPRESENTATION('density',(#5363),#9612);
#5393=REPRESENTATION('material name',(#5404),#9613);
#5394=REPRESENTATION('density',(#5364),#9613);
#5395=REPRESENTATION('material name',(#5405),#9614);
#5396=REPRESENTATION('density',(#5365),#9614);
#5397=REPRESENTATION('material name',(#5406),#9615);
#5398=REPRESENTATION('density',(#5366),#9615);
#5399=DESCRIPTIVE_REPRESENTATION_ITEM('Steel','Steel');
#5400=DESCRIPTIVE_REPRESENTATION_ITEM('Steel','Steel');
#5401=DESCRIPTIVE_REPRESENTATION_ITEM('Steel','Steel');
#5402=DESCRIPTIVE_REPRESENTATION_ITEM('Steel','Steel');
#5403=DESCRIPTIVE_REPRESENTATION_ITEM('Steel','Steel');
#5404=DESCRIPTIVE_REPRESENTATION_ITEM('Steel','Steel');
#5405=DESCRIPTIVE_REPRESENTATION_ITEM('Steel','Steel');
#5406=DESCRIPTIVE_REPRESENTATION_ITEM('Steel','Steel');
#5407=PROPERTY_DEFINITION('material property','material name',#9685);
#5408=PROPERTY_DEFINITION('material property','density of part',#9685);
#5409=PROPERTY_DEFINITION('material property','material name',#9688);
#5410=PROPERTY_DEFINITION('material property','density of part',#9688);
#5411=PROPERTY_DEFINITION('material property','material name',#9689);
#5412=PROPERTY_DEFINITION('material property','density of part',#9689);
#5413=PROPERTY_DEFINITION('material property','material name',#9690);
#5414=PROPERTY_DEFINITION('material property','density of part',#9690);
#5415=PROPERTY_DEFINITION('material property','material name',#9692);
#5416=PROPERTY_DEFINITION('material property','density of part',#9692);
#5417=PROPERTY_DEFINITION('material property','material name',#9693);
#5418=PROPERTY_DEFINITION('material property','density of part',#9693);
#5419=PROPERTY_DEFINITION('material property','material name',#9694);
#5420=PROPERTY_DEFINITION('material property','density of part',#9694);
#5421=PROPERTY_DEFINITION('material property','material name',#9695);
#5422=PROPERTY_DEFINITION('material property','density of part',#9695);
#5423=AXIS2_PLACEMENT_3D('',#7427,#5941,#5942);
#5424=AXIS2_PLACEMENT_3D('',#7428,#5943,#5944);
#5425=AXIS2_PLACEMENT_3D('',#7429,#5945,#5946);
#5426=AXIS2_PLACEMENT_3D('',#7430,#5947,#5948);
#5427=AXIS2_PLACEMENT_3D('',#7439,#5953,#5954);
#5428=AXIS2_PLACEMENT_3D('',#7445,#5958,#5959);
#5429=AXIS2_PLACEMENT_3D('',#7451,#5963,#5964);
#5430=AXIS2_PLACEMENT_3D('',#7454,#5967,#5968);
#5431=AXIS2_PLACEMENT_3D('',#7455,#5969,#5970);
#5432=AXIS2_PLACEMENT_3D('',#7456,#5971,#5972);
#5433=AXIS2_PLACEMENT_3D('',#7465,#5977,#5978);
#5434=AXIS2_PLACEMENT_3D('',#7471,#5982,#5983);
#5435=AXIS2_PLACEMENT_3D('',#7477,#5987,#5988);
#5436=AXIS2_PLACEMENT_3D('',#7480,#5991,#5992);
#5437=AXIS2_PLACEMENT_3D('',#7481,#5993,#5994);
#5438=AXIS2_PLACEMENT_3D('',#7482,#5995,#5996);
#5439=AXIS2_PLACEMENT_3D('',#7483,#5997,#5998);
#5440=AXIS2_PLACEMENT_3D('',#7484,#5999,#6000);
#5441=AXIS2_PLACEMENT_3D('',#7485,#6001,#6002);
#5442=AXIS2_PLACEMENT_3D('',#7486,#6003,#6004);
#5443=AXIS2_PLACEMENT_3D('',#7495,#6009,#6010);
#5444=AXIS2_PLACEMENT_3D('',#7504,#6015,#6016);
#5445=AXIS2_PLACEMENT_3D('',#7510,#6020,#6021);
#5446=AXIS2_PLACEMENT_3D('',#7533,#6034,#6035);
#5447=AXIS2_PLACEMENT_3D('',#7539,#6039,#6040);
#5448=AXIS2_PLACEMENT_3D('',#7543,#6043,#6044);
#5449=AXIS2_PLACEMENT_3D('',#7547,#6047,#6048);
#5450=AXIS2_PLACEMENT_3D('',#7551,#6051,#6052);
#5451=AXIS2_PLACEMENT_3D('',#7555,#6055,#6056);
#5452=AXIS2_PLACEMENT_3D('',#7559,#6059,#6060);
#5453=AXIS2_PLACEMENT_3D('',#7561,#6062,#6063);
#5454=AXIS2_PLACEMENT_3D('',#7567,#6067,#6068);
#5455=AXIS2_PLACEMENT_3D('',#7571,#6071,#6072);
#5456=AXIS2_PLACEMENT_3D('',#7581,#6078,#6079);
#5457=AXIS2_PLACEMENT_3D('',#7612,#6081,#6082);
#5458=AXIS2_PLACEMENT_3D('',#7644,#6083,#6084);
#5459=AXIS2_PLACEMENT_3D('',#7646,#6085,#6086);
#5460=AXIS2_PLACEMENT_3D('',#7648,#6087,#6088);
#5461=AXIS2_PLACEMENT_3D('',#7650,#6089,#6090);
#5462=AXIS2_PLACEMENT_3D('',#7652,#6091,#6092);
#5463=AXIS2_PLACEMENT_3D('',#7654,#6093,#6094);
#5464=AXIS2_PLACEMENT_3D('',#7656,#6095,#6096);
#5465=AXIS2_PLACEMENT_3D('',#7658,#6097,#6098);
#5466=AXIS2_PLACEMENT_3D('',#7660,#6099,#6100);
#5467=AXIS2_PLACEMENT_3D('',#7662,#6101,#6102);
#5468=AXIS2_PLACEMENT_3D('',#7665,#6103,#6104);
#5469=AXIS2_PLACEMENT_3D('',#7669,#6106,#6107);
#5470=AXIS2_PLACEMENT_3D('',#7673,#6109,#6110);
#5471=AXIS2_PLACEMENT_3D('',#7677,#6112,#6113);
#5472=AXIS2_PLACEMENT_3D('',#7680,#6115,#6116);
#5473=AXIS2_PLACEMENT_3D('',#7682,#6117,#6118);
#5474=AXIS2_PLACEMENT_3D('',#7684,#6119,#6120);
#5475=AXIS2_PLACEMENT_3D('',#7686,#6121,#6122);
#5476=AXIS2_PLACEMENT_3D('',#7688,#6123,#6124);
#5477=AXIS2_PLACEMENT_3D('',#7690,#6125,#6126);
#5478=AXIS2_PLACEMENT_3D('',#7692,#6127,#6128);
#5479=AXIS2_PLACEMENT_3D('',#7693,#6129,#6130);
#5480=AXIS2_PLACEMENT_3D('',#7698,#6133,#6134);
#5481=AXIS2_PLACEMENT_3D('',#7700,#6135,#6136);
#5482=AXIS2_PLACEMENT_3D('',#7702,#6137,#6138);
#5483=AXIS2_PLACEMENT_3D('',#7703,#6139,#6140);
#5484=AXIS2_PLACEMENT_3D('',#7709,#6144,#6145);
#5485=AXIS2_PLACEMENT_3D('',#7711,#6146,#6147);
#5486=AXIS2_PLACEMENT_3D('',#7713,#6149,#6150);
#5487=AXIS2_PLACEMENT_3D('',#7715,#6151,#6152);
#5488=AXIS2_PLACEMENT_3D('',#7717,#6154,#6155);
#5489=AXIS2_PLACEMENT_3D('',#7719,#6156,#6157);
#5490=AXIS2_PLACEMENT_3D('',#7722,#6159,#6160);
#5491=AXIS2_PLACEMENT_3D('',#7723,#6161,#6162);
#5492=AXIS2_PLACEMENT_3D('',#7725,#6163,#6164);
#5493=AXIS2_PLACEMENT_3D('',#7728,#6166,#6167);
#5494=AXIS2_PLACEMENT_3D('',#7729,#6168,#6169);
#5495=AXIS2_PLACEMENT_3D('',#7731,#6170,#6171);
#5496=AXIS2_PLACEMENT_3D('',#7733,#6173,#6174);
#5497=AXIS2_PLACEMENT_3D('',#7735,#6175,#6176);
#5498=AXIS2_PLACEMENT_3D('',#7737,#6178,#6179);
#5499=AXIS2_PLACEMENT_3D('',#7739,#6180,#6181);
#5500=AXIS2_PLACEMENT_3D('',#7742,#6183,#6184);
#5501=AXIS2_PLACEMENT_3D('',#7743,#6185,#6186);
#5502=AXIS2_PLACEMENT_3D('',#7745,#6187,#6188);
#5503=AXIS2_PLACEMENT_3D('',#7747,#6190,#6191);
#5504=AXIS2_PLACEMENT_3D('',#7749,#6192,#6193);
#5505=AXIS2_PLACEMENT_3D('',#7751,#6195,#6196);
#5506=AXIS2_PLACEMENT_3D('',#7753,#6197,#6198);
#5507=AXIS2_PLACEMENT_3D('',#7755,#6200,#6201);
#5508=AXIS2_PLACEMENT_3D('',#7757,#6202,#6203);
#5509=AXIS2_PLACEMENT_3D('',#7759,#6205,#6206);
#5510=AXIS2_PLACEMENT_3D('',#7761,#6207,#6208);
#5511=AXIS2_PLACEMENT_3D('',#7763,#6210,#6211);
#5512=AXIS2_PLACEMENT_3D('',#7765,#6212,#6213);
#5513=AXIS2_PLACEMENT_3D('',#7767,#6215,#6216);
#5514=AXIS2_PLACEMENT_3D('',#7773,#6220,#6221);
#5515=AXIS2_PLACEMENT_3D('',#7775,#6222,#6223);
#5516=AXIS2_PLACEMENT_3D('',#7777,#6225,#6226);
#5517=AXIS2_PLACEMENT_3D('',#7781,#6229,#6230);
#5518=AXIS2_PLACEMENT_3D('',#7783,#6231,#6232);
#5519=AXIS2_PLACEMENT_3D('',#7785,#6234,#6235);
#5520=AXIS2_PLACEMENT_3D('',#7789,#6238,#6239);
#5521=AXIS2_PLACEMENT_3D('',#7791,#6240,#6241);
#5522=AXIS2_PLACEMENT_3D('',#7793,#6243,#6244);
#5523=AXIS2_PLACEMENT_3D('',#7797,#6247,#6248);
#5524=AXIS2_PLACEMENT_3D('',#7798,#6249,#6250);
#5525=AXIS2_PLACEMENT_3D('',#7799,#6251,#6252);
#5526=AXIS2_PLACEMENT_3D('',#7801,#6253,#6254);
#5527=AXIS2_PLACEMENT_3D('',#7803,#6256,#6257);
#5528=AXIS2_PLACEMENT_3D('',#7805,#6258,#6259);
#5529=AXIS2_PLACEMENT_3D('',#7807,#6261,#6262);
#5530=AXIS2_PLACEMENT_3D('',#7809,#6263,#6264);
#5531=AXIS2_PLACEMENT_3D('',#7811,#6266,#6267);
#5532=AXIS2_PLACEMENT_3D('',#7813,#6268,#6269);
#5533=AXIS2_PLACEMENT_3D('',#7816,#6271,#6272);
#5534=AXIS2_PLACEMENT_3D('',#7817,#6273,#6274);
#5535=AXIS2_PLACEMENT_3D('',#7819,#6275,#6276);
#5536=AXIS2_PLACEMENT_3D('',#7821,#6278,#6279);
#5537=AXIS2_PLACEMENT_3D('',#7823,#6280,#6281);
#5538=AXIS2_PLACEMENT_3D('',#7826,#6283,#6284);
#5539=AXIS2_PLACEMENT_3D('',#7827,#6285,#6286);
#5540=AXIS2_PLACEMENT_3D('',#7829,#6287,#6288);
#5541=AXIS2_PLACEMENT_3D('',#7831,#6290,#6291);
#5542=AXIS2_PLACEMENT_3D('',#7833,#6292,#6293);
#5543=AXIS2_PLACEMENT_3D('',#7836,#6295,#6296);
#5544=AXIS2_PLACEMENT_3D('',#7837,#6297,#6298);
#5545=AXIS2_PLACEMENT_3D('',#7839,#6299,#6300);
#5546=AXIS2_PLACEMENT_3D('',#7841,#6302,#6303);
#5547=AXIS2_PLACEMENT_3D('',#7843,#6304,#6305);
#5548=AXIS2_PLACEMENT_3D('',#7845,#6307,#6308);
#5549=AXIS2_PLACEMENT_3D('',#7847,#6309,#6310);
#5550=AXIS2_PLACEMENT_3D('',#7849,#6312,#6313);
#5551=AXIS2_PLACEMENT_3D('',#7851,#6314,#6315);
#5552=AXIS2_PLACEMENT_3D('',#7853,#6317,#6318);
#5553=AXIS2_PLACEMENT_3D('',#7855,#6319,#6320);
#5554=AXIS2_PLACEMENT_3D('',#7857,#6322,#6323);
#5555=AXIS2_PLACEMENT_3D('',#7859,#6324,#6325);
#5556=AXIS2_PLACEMENT_3D('',#7862,#6327,#6328);
#5557=AXIS2_PLACEMENT_3D('',#7863,#6329,#6330);
#5558=AXIS2_PLACEMENT_3D('',#7869,#6334,#6335);
#5559=AXIS2_PLACEMENT_3D('',#7919,#6339,#6340);
#5560=AXIS2_PLACEMENT_3D('',#7932,#6342,#6343);
#5561=AXIS2_PLACEMENT_3D('',#7934,#6344,#6345);
#5562=AXIS2_PLACEMENT_3D('',#8026,#6347,#6348);
#5563=AXIS2_PLACEMENT_3D('',#8027,#6349,#6350);
#5564=AXIS2_PLACEMENT_3D('',#8028,#6351,#6352);
#5565=AXIS2_PLACEMENT_3D('',#8029,#6353,#6354);
#5566=AXIS2_PLACEMENT_3D('',#8038,#6359,#6360);
#5567=AXIS2_PLACEMENT_3D('',#8047,#6365,#6366);
#5568=AXIS2_PLACEMENT_3D('',#8056,#6371,#6372);
#5569=AXIS2_PLACEMENT_3D('',#8059,#6375,#6376);
#5570=AXIS2_PLACEMENT_3D('',#8068,#6381,#6382);
#5571=AXIS2_PLACEMENT_3D('',#8074,#6386,#6387);
#5572=AXIS2_PLACEMENT_3D('',#8080,#6391,#6392);
#5573=AXIS2_PLACEMENT_3D('',#8083,#6395,#6396);
#5574=AXIS2_PLACEMENT_3D('',#8092,#6401,#6402);
#5575=AXIS2_PLACEMENT_3D('',#8098,#6406,#6407);
#5576=AXIS2_PLACEMENT_3D('',#8104,#6411,#6412);
#5577=AXIS2_PLACEMENT_3D('',#8110,#6416,#6417);
#5578=AXIS2_PLACEMENT_3D('',#8114,#6421,#6422);
#5579=AXIS2_PLACEMENT_3D('',#8124,#6428,#6429);
#5580=AXIS2_PLACEMENT_3D('',#8127,#6431,#6432);
#5581=AXIS2_PLACEMENT_3D('',#8129,#6433,#6434);
#5582=AXIS2_PLACEMENT_3D('',#8131,#6435,#6436);
#5583=AXIS2_PLACEMENT_3D('',#8132,#6437,#6438);
#5584=AXIS2_PLACEMENT_3D('',#8167,#6440,#6441);
#5585=AXIS2_PLACEMENT_3D('',#8199,#6444,#6445);
#5586=AXIS2_PLACEMENT_3D('',#8201,#6446,#6447);
#5587=AXIS2_PLACEMENT_3D('',#8203,#6448,#6449);
#5588=AXIS2_PLACEMENT_3D('',#8205,#6450,#6451);
#5589=AXIS2_PLACEMENT_3D('',#8207,#6452,#6453);
#5590=AXIS2_PLACEMENT_3D('',#8209,#6454,#6455);
#5591=AXIS2_PLACEMENT_3D('',#8211,#6456,#6457);
#5592=AXIS2_PLACEMENT_3D('',#8213,#6458,#6459);
#5593=AXIS2_PLACEMENT_3D('',#8215,#6460,#6461);
#5594=AXIS2_PLACEMENT_3D('',#8217,#6462,#6463);
#5595=AXIS2_PLACEMENT_3D('',#8219,#6464,#6465);
#5596=AXIS2_PLACEMENT_3D('',#8221,#6466,#6467);
#5597=AXIS2_PLACEMENT_3D('',#8223,#6468,#6469);
#5598=AXIS2_PLACEMENT_3D('',#8226,#6470,#6471);
#5599=AXIS2_PLACEMENT_3D('',#8230,#6473,#6474);
#5600=AXIS2_PLACEMENT_3D('',#8234,#6476,#6477);
#5601=AXIS2_PLACEMENT_3D('',#8238,#6479,#6480);
#5602=AXIS2_PLACEMENT_3D('',#8241,#6482,#6483);
#5603=AXIS2_PLACEMENT_3D('',#8243,#6484,#6485);
#5604=AXIS2_PLACEMENT_3D('',#8245,#6486,#6487);
#5605=AXIS2_PLACEMENT_3D('',#8247,#6488,#6489);
#5606=AXIS2_PLACEMENT_3D('',#8248,#6490,#6491);
#5607=AXIS2_PLACEMENT_3D('',#8253,#6494,#6495);
#5608=AXIS2_PLACEMENT_3D('',#8255,#6496,#6497);
#5609=AXIS2_PLACEMENT_3D('',#8257,#6498,#6499);
#5610=AXIS2_PLACEMENT_3D('',#8259,#6500,#6501);
#5611=AXIS2_PLACEMENT_3D('',#8261,#6502,#6503);
#5612=AXIS2_PLACEMENT_3D('',#8263,#6504,#6505);
#5613=AXIS2_PLACEMENT_3D('',#8265,#6506,#6507);
#5614=AXIS2_PLACEMENT_3D('',#8266,#6508,#6509);
#5615=AXIS2_PLACEMENT_3D('',#8268,#6510,#6511);
#5616=AXIS2_PLACEMENT_3D('',#8270,#6513,#6514);
#5617=AXIS2_PLACEMENT_3D('',#8272,#6515,#6516);
#5618=AXIS2_PLACEMENT_3D('',#8274,#6518,#6519);
#5619=AXIS2_PLACEMENT_3D('',#8276,#6520,#6521);
#5620=AXIS2_PLACEMENT_3D('',#8278,#6523,#6524);
#5621=AXIS2_PLACEMENT_3D('',#8280,#6525,#6526);
#5622=AXIS2_PLACEMENT_3D('',#8282,#6528,#6529);
#5623=AXIS2_PLACEMENT_3D('',#8284,#6530,#6531);
#5624=AXIS2_PLACEMENT_3D('',#8286,#6533,#6534);
#5625=AXIS2_PLACEMENT_3D('',#8288,#6535,#6536);
#5626=AXIS2_PLACEMENT_3D('',#8290,#6538,#6539);
#5627=AXIS2_PLACEMENT_3D('',#8292,#6540,#6541);
#5628=AXIS2_PLACEMENT_3D('',#8294,#6543,#6544);
#5629=AXIS2_PLACEMENT_3D('',#8296,#6545,#6546);
#5630=AXIS2_PLACEMENT_3D('',#8298,#6548,#6549);
#5631=AXIS2_PLACEMENT_3D('',#8304,#6553,#6554);
#5632=AXIS2_PLACEMENT_3D('',#8306,#6555,#6556);
#5633=AXIS2_PLACEMENT_3D('',#8308,#6558,#6559);
#5634=AXIS2_PLACEMENT_3D('',#8312,#6562,#6563);
#5635=AXIS2_PLACEMENT_3D('',#8314,#6564,#6565);
#5636=AXIS2_PLACEMENT_3D('',#8316,#6567,#6568);
#5637=AXIS2_PLACEMENT_3D('',#8320,#6571,#6572);
#5638=AXIS2_PLACEMENT_3D('',#8322,#6573,#6574);
#5639=AXIS2_PLACEMENT_3D('',#8324,#6576,#6577);
#5640=AXIS2_PLACEMENT_3D('',#8328,#6580,#6581);
#5641=AXIS2_PLACEMENT_3D('',#8329,#6582,#6583);
#5642=AXIS2_PLACEMENT_3D('',#8330,#6584,#6585);
#5643=AXIS2_PLACEMENT_3D('',#8332,#6586,#6587);
#5644=AXIS2_PLACEMENT_3D('',#8334,#6589,#6590);
#5645=AXIS2_PLACEMENT_3D('',#8336,#6591,#6592);
#5646=AXIS2_PLACEMENT_3D('',#8338,#6594,#6595);
#5647=AXIS2_PLACEMENT_3D('',#8340,#6596,#6597);
#5648=AXIS2_PLACEMENT_3D('',#8342,#6599,#6600);
#5649=AXIS2_PLACEMENT_3D('',#8344,#6601,#6602);
#5650=AXIS2_PLACEMENT_3D('',#8346,#6604,#6605);
#5651=AXIS2_PLACEMENT_3D('',#8348,#6606,#6607);
#5652=AXIS2_PLACEMENT_3D('',#8350,#6609,#6610);
#5653=AXIS2_PLACEMENT_3D('',#8352,#6611,#6612);
#5654=AXIS2_PLACEMENT_3D('',#8354,#6614,#6615);
#5655=AXIS2_PLACEMENT_3D('',#8356,#6616,#6617);
#5656=AXIS2_PLACEMENT_3D('',#8358,#6619,#6620);
#5657=AXIS2_PLACEMENT_3D('',#8360,#6621,#6622);
#5658=AXIS2_PLACEMENT_3D('',#8362,#6624,#6625);
#5659=AXIS2_PLACEMENT_3D('',#8364,#6626,#6627);
#5660=AXIS2_PLACEMENT_3D('',#8366,#6629,#6630);
#5661=AXIS2_PLACEMENT_3D('',#8368,#6631,#6632);
#5662=AXIS2_PLACEMENT_3D('',#8370,#6634,#6635);
#5663=AXIS2_PLACEMENT_3D('',#8372,#6636,#6637);
#5664=AXIS2_PLACEMENT_3D('',#8374,#6639,#6640);
#5665=AXIS2_PLACEMENT_3D('',#8376,#6641,#6642);
#5666=AXIS2_PLACEMENT_3D('',#8378,#6644,#6645);
#5667=AXIS2_PLACEMENT_3D('',#8380,#6646,#6647);
#5668=AXIS2_PLACEMENT_3D('',#8382,#6649,#6650);
#5669=AXIS2_PLACEMENT_3D('',#8384,#6651,#6652);
#5670=AXIS2_PLACEMENT_3D('',#8386,#6654,#6655);
#5671=AXIS2_PLACEMENT_3D('',#8388,#6656,#6657);
#5672=AXIS2_PLACEMENT_3D('',#8390,#6659,#6660);
#5673=AXIS2_PLACEMENT_3D('',#8392,#6661,#6662);
#5674=AXIS2_PLACEMENT_3D('',#8394,#6664,#6665);
#5675=AXIS2_PLACEMENT_3D('',#8396,#6666,#6667);
#5676=AXIS2_PLACEMENT_3D('',#8398,#6669,#6670);
#5677=AXIS2_PLACEMENT_3D('',#8400,#6671,#6672);
#5678=AXIS2_PLACEMENT_3D('',#8402,#6674,#6675);
#5679=AXIS2_PLACEMENT_3D('',#8404,#6676,#6677);
#5680=AXIS2_PLACEMENT_3D('',#8406,#6679,#6680);
#5681=AXIS2_PLACEMENT_3D('',#8410,#6683,#6684);
#5682=AXIS2_PLACEMENT_3D('',#8506,#6688,#6689);
#5683=AXIS2_PLACEMENT_3D('',#8508,#6690,#6691);
#5684=AXIS2_PLACEMENT_3D('',#8510,#6693,#6694);
#5685=AXIS2_PLACEMENT_3D('',#8572,#6698,#6699);
#5686=AXIS2_PLACEMENT_3D('',#8574,#6701,#6702);
#5687=AXIS2_PLACEMENT_3D('',#8575,#6703,#6704);
#5688=AXIS2_PLACEMENT_3D('',#8576,#6705,#6706);
#5689=AXIS2_PLACEMENT_3D('',#8585,#6711,#6712);
#5690=AXIS2_PLACEMENT_3D('',#8591,#6716,#6717);
#5691=AXIS2_PLACEMENT_3D('',#8595,#6720,#6721);
#5692=AXIS2_PLACEMENT_3D('',#8599,#6724,#6725);
#5693=AXIS2_PLACEMENT_3D('',#8609,#6731,#6732);
#5694=AXIS2_PLACEMENT_3D('',#8611,#6733,#6734);
#5695=AXIS2_PLACEMENT_3D('',#8614,#6736,#6737);
#5696=AXIS2_PLACEMENT_3D('',#8615,#6738,#6739);
#5697=AXIS2_PLACEMENT_3D('',#8617,#6740,#6741);
#5698=AXIS2_PLACEMENT_3D('',#8620,#6743,#6744);
#5699=AXIS2_PLACEMENT_3D('',#8621,#6745,#6746);
#5700=AXIS2_PLACEMENT_3D('',#8623,#6747,#6748);
#5701=AXIS2_PLACEMENT_3D('',#8626,#6750,#6751);
#5702=AXIS2_PLACEMENT_3D('',#8627,#6752,#6753);
#5703=AXIS2_PLACEMENT_3D('',#8629,#6754,#6755);
#5704=AXIS2_PLACEMENT_3D('',#8632,#6757,#6758);
#5705=AXIS2_PLACEMENT_3D('',#8633,#6759,#6760);
#5706=AXIS2_PLACEMENT_3D('',#8635,#6761,#6762);
#5707=AXIS2_PLACEMENT_3D('',#8638,#6764,#6765);
#5708=AXIS2_PLACEMENT_3D('',#8639,#6766,#6767);
#5709=AXIS2_PLACEMENT_3D('',#8641,#6768,#6769);
#5710=AXIS2_PLACEMENT_3D('',#8644,#6771,#6772);
#5711=AXIS2_PLACEMENT_3D('',#8645,#6773,#6774);
#5712=AXIS2_PLACEMENT_3D('',#8647,#6775,#6776);
#5713=AXIS2_PLACEMENT_3D('',#8650,#6778,#6779);
#5714=AXIS2_PLACEMENT_3D('',#8651,#6780,#6781);
#5715=AXIS2_PLACEMENT_3D('',#8653,#6782,#6783);
#5716=AXIS2_PLACEMENT_3D('',#8656,#6785,#6786);
#5717=AXIS2_PLACEMENT_3D('',#8657,#6787,#6788);
#5718=AXIS2_PLACEMENT_3D('',#8659,#6789,#6790);
#5719=AXIS2_PLACEMENT_3D('',#8662,#6792,#6793);
#5720=AXIS2_PLACEMENT_3D('',#8663,#6794,#6795);
#5721=AXIS2_PLACEMENT_3D('',#8665,#6796,#6797);
#5722=AXIS2_PLACEMENT_3D('',#8668,#6799,#6800);
#5723=AXIS2_PLACEMENT_3D('',#8669,#6801,#6802);
#5724=AXIS2_PLACEMENT_3D('',#8671,#6803,#6804);
#5725=AXIS2_PLACEMENT_3D('',#8674,#6806,#6807);
#5726=AXIS2_PLACEMENT_3D('',#8675,#6808,#6809);
#5727=AXIS2_PLACEMENT_3D('',#8677,#6810,#6811);
#5728=AXIS2_PLACEMENT_3D('',#8680,#6813,#6814);
#5729=AXIS2_PLACEMENT_3D('',#8681,#6815,#6816);
#5730=AXIS2_PLACEMENT_3D('',#8683,#6817,#6818);
#5731=AXIS2_PLACEMENT_3D('',#8686,#6820,#6821);
#5732=AXIS2_PLACEMENT_3D('',#8687,#6822,#6823);
#5733=AXIS2_PLACEMENT_3D('',#8689,#6824,#6825);
#5734=AXIS2_PLACEMENT_3D('',#8692,#6827,#6828);
#5735=AXIS2_PLACEMENT_3D('',#8693,#6829,#6830);
#5736=AXIS2_PLACEMENT_3D('',#8695,#6831,#6832);
#5737=AXIS2_PLACEMENT_3D('',#8698,#6834,#6835);
#5738=AXIS2_PLACEMENT_3D('',#8699,#6836,#6837);
#5739=AXIS2_PLACEMENT_3D('',#8701,#6838,#6839);
#5740=AXIS2_PLACEMENT_3D('',#8704,#6841,#6842);
#5741=AXIS2_PLACEMENT_3D('',#8705,#6843,#6844);
#5742=AXIS2_PLACEMENT_3D('',#8707,#6845,#6846);
#5743=AXIS2_PLACEMENT_3D('',#8710,#6848,#6849);
#5744=AXIS2_PLACEMENT_3D('',#8711,#6850,#6851);
#5745=AXIS2_PLACEMENT_3D('',#8713,#6852,#6853);
#5746=AXIS2_PLACEMENT_3D('',#8716,#6855,#6856);
#5747=AXIS2_PLACEMENT_3D('',#8717,#6857,#6858);
#5748=AXIS2_PLACEMENT_3D('',#8719,#6859,#6860);
#5749=AXIS2_PLACEMENT_3D('',#8722,#6862,#6863);
#5750=AXIS2_PLACEMENT_3D('',#8723,#6864,#6865);
#5751=AXIS2_PLACEMENT_3D('',#8729,#6869,#6870);
#5752=AXIS2_PLACEMENT_3D('',#8735,#6874,#6875);
#5753=AXIS2_PLACEMENT_3D('',#8738,#6878,#6879);
#5754=AXIS2_PLACEMENT_3D('',#8739,#6880,#6881);
#5755=AXIS2_PLACEMENT_3D('',#8740,#6882,#6883);
#5756=AXIS2_PLACEMENT_3D('',#8741,#6884,#6885);
#5757=AXIS2_PLACEMENT_3D('',#8742,#6886,#6887);
#5758=AXIS2_PLACEMENT_3D('',#8743,#6888,#6889);
#5759=AXIS2_PLACEMENT_3D('',#8744,#6890,#6891);
#5760=AXIS2_PLACEMENT_3D('',#8745,#6892,#6893);
#5761=AXIS2_PLACEMENT_3D('',#8747,#6894,#6895);
#5762=AXIS2_PLACEMENT_3D('',#8750,#6897,#6898);
#5763=AXIS2_PLACEMENT_3D('',#8751,#6899,#6900);
#5764=AXIS2_PLACEMENT_3D('',#8753,#6901,#6902);
#5765=AXIS2_PLACEMENT_3D('',#8756,#6904,#6905);
#5766=AXIS2_PLACEMENT_3D('',#8757,#6906,#6907);
#5767=AXIS2_PLACEMENT_3D('',#8759,#6908,#6909);
#5768=AXIS2_PLACEMENT_3D('',#8762,#6911,#6912);
#5769=AXIS2_PLACEMENT_3D('',#8763,#6913,#6914);
#5770=AXIS2_PLACEMENT_3D('',#8765,#6915,#6916);
#5771=AXIS2_PLACEMENT_3D('',#8768,#6918,#6919);
#5772=AXIS2_PLACEMENT_3D('',#8769,#6920,#6921);
#5773=AXIS2_PLACEMENT_3D('',#8771,#6922,#6923);
#5774=AXIS2_PLACEMENT_3D('',#8774,#6925,#6926);
#5775=AXIS2_PLACEMENT_3D('',#8775,#6927,#6928);
#5776=AXIS2_PLACEMENT_3D('',#8784,#6933,#6934);
#5777=AXIS2_PLACEMENT_3D('',#8790,#6938,#6939);
#5778=AXIS2_PLACEMENT_3D('',#8796,#6943,#6944);
#5779=AXIS2_PLACEMENT_3D('',#8802,#6948,#6949);
#5780=AXIS2_PLACEMENT_3D('',#8871,#6954,#6955);
#5781=AXIS2_PLACEMENT_3D('',#8877,#6959,#6960);
#5782=AXIS2_PLACEMENT_3D('',#8883,#6964,#6965);
#5783=AXIS2_PLACEMENT_3D('',#8886,#6968,#6969);
#5784=AXIS2_PLACEMENT_3D('',#8887,#6970,#6971);
#5785=AXIS2_PLACEMENT_3D('',#8888,#6972,#6973);
#5786=AXIS2_PLACEMENT_3D('',#8889,#6974,#6975);
#5787=AXIS2_PLACEMENT_3D('',#8891,#6976,#6977);
#5788=AXIS2_PLACEMENT_3D('',#8894,#6979,#6980);
#5789=AXIS2_PLACEMENT_3D('',#8895,#6981,#6982);
#5790=AXIS2_PLACEMENT_3D('',#8897,#6983,#6984);
#5791=AXIS2_PLACEMENT_3D('',#8900,#6986,#6987);
#5792=AXIS2_PLACEMENT_3D('',#8901,#6988,#6989);
#5793=AXIS2_PLACEMENT_3D('',#8904,#6990,#6991);
#5794=AXIS2_PLACEMENT_3D('',#8908,#6993,#6994);
#5795=AXIS2_PLACEMENT_3D('',#8910,#6996,#6997);
#5796=AXIS2_PLACEMENT_3D('',#8916,#7001,#7002);
#5797=AXIS2_PLACEMENT_3D('',#8922,#7006,#7007);
#5798=AXIS2_PLACEMENT_3D('',#8928,#7011,#7012);
#5799=AXIS2_PLACEMENT_3D('',#8934,#7016,#7017);
#5800=AXIS2_PLACEMENT_3D('',#8940,#7021,#7022);
#5801=AXIS2_PLACEMENT_3D('',#8946,#7026,#7027);
#5802=AXIS2_PLACEMENT_3D('',#8948,#7028,#7029);
#5803=AXIS2_PLACEMENT_3D('',#8950,#7030,#7031);
#5804=AXIS2_PLACEMENT_3D('',#8952,#7033,#7034);
#5805=AXIS2_PLACEMENT_3D('',#8958,#7038,#7039);
#5806=AXIS2_PLACEMENT_3D('',#8960,#7040,#7041);
#5807=AXIS2_PLACEMENT_3D('',#8962,#7042,#7043);
#5808=AXIS2_PLACEMENT_3D('',#9067,#7046,#7047);
#5809=AXIS2_PLACEMENT_3D('',#9073,#7051,#7052);
#5810=AXIS2_PLACEMENT_3D('',#9079,#7056,#7057);
#5811=AXIS2_PLACEMENT_3D('',#9085,#7061,#7062);
#5812=AXIS2_PLACEMENT_3D('',#9194,#7067,#7068);
#5813=AXIS2_PLACEMENT_3D('',#9196,#7069,#7070);
#5814=AXIS2_PLACEMENT_3D('',#9198,#7071,#7072);
#5815=AXIS2_PLACEMENT_3D('',#9200,#7074,#7075);
#5816=AXIS2_PLACEMENT_3D('',#9206,#7079,#7080);
#5817=AXIS2_PLACEMENT_3D('',#9208,#7081,#7082);
#5818=AXIS2_PLACEMENT_3D('',#9210,#7083,#7084);
#5819=AXIS2_PLACEMENT_3D('',#9212,#7086,#7087);
#5820=AXIS2_PLACEMENT_3D('',#9218,#7091,#7092);
#5821=AXIS2_PLACEMENT_3D('',#9224,#7096,#7097);
#5822=AXIS2_PLACEMENT_3D('',#9230,#7101,#7102);
#5823=AXIS2_PLACEMENT_3D('',#9236,#7106,#7107);
#5824=AXIS2_PLACEMENT_3D('',#9242,#7111,#7112);
#5825=AXIS2_PLACEMENT_3D('',#9248,#7116,#7117);
#5826=AXIS2_PLACEMENT_3D('',#9250,#7118,#7119);
#5827=AXIS2_PLACEMENT_3D('',#9252,#7120,#7121);
#5828=AXIS2_PLACEMENT_3D('',#9254,#7123,#7124);
#5829=AXIS2_PLACEMENT_3D('',#9260,#7128,#7129);
#5830=AXIS2_PLACEMENT_3D('',#9263,#7132,#7133);
#5831=AXIS2_PLACEMENT_3D('',#9264,#7134,#7135);
#5832=AXIS2_PLACEMENT_3D('',#9265,#7136,#7137);
#5833=AXIS2_PLACEMENT_3D('',#9266,#7138,#7139);
#5834=AXIS2_PLACEMENT_3D('',#9268,#7140,#7141);
#5835=AXIS2_PLACEMENT_3D('',#9271,#7143,#7144);
#5836=AXIS2_PLACEMENT_3D('',#9272,#7145,#7146);
#5837=AXIS2_PLACEMENT_3D('',#9274,#7147,#7148);
#5838=AXIS2_PLACEMENT_3D('',#9277,#7150,#7151);
#5839=AXIS2_PLACEMENT_3D('',#9278,#7152,#7153);
#5840=AXIS2_PLACEMENT_3D('',#9280,#7154,#7155);
#5841=AXIS2_PLACEMENT_3D('',#9283,#7157,#7158);
#5842=AXIS2_PLACEMENT_3D('',#9284,#7159,#7160);
#5843=AXIS2_PLACEMENT_3D('',#9286,#7161,#7162);
#5844=AXIS2_PLACEMENT_3D('',#9289,#7164,#7165);
#5845=AXIS2_PLACEMENT_3D('',#9290,#7166,#7167);
#5846=AXIS2_PLACEMENT_3D('',#9292,#7168,#7169);
#5847=AXIS2_PLACEMENT_3D('',#9295,#7171,#7172);
#5848=AXIS2_PLACEMENT_3D('',#9296,#7173,#7174);
#5849=AXIS2_PLACEMENT_3D('',#9305,#7179,#7180);
#5850=AXIS2_PLACEMENT_3D('',#9311,#7184,#7185);
#5851=AXIS2_PLACEMENT_3D('',#9317,#7189,#7190);
#5852=AXIS2_PLACEMENT_3D('',#9323,#7194,#7195);
#5853=AXIS2_PLACEMENT_3D('',#9392,#7200,#7201);
#5854=AXIS2_PLACEMENT_3D('',#9398,#7205,#7206);
#5855=AXIS2_PLACEMENT_3D('',#9404,#7210,#7211);
#5856=AXIS2_PLACEMENT_3D('',#9407,#7214,#7215);
#5857=AXIS2_PLACEMENT_3D('',#9408,#7216,#7217);
#5858=AXIS2_PLACEMENT_3D('',#9409,#7218,#7219);
#5859=AXIS2_PLACEMENT_3D('',#9410,#7220,#7221);
#5860=AXIS2_PLACEMENT_3D('',#9419,#7226,#7227);
#5861=AXIS2_PLACEMENT_3D('',#9425,#7231,#7232);
#5862=AXIS2_PLACEMENT_3D('',#9429,#7235,#7236);
#5863=AXIS2_PLACEMENT_3D('',#9433,#7239,#7240);
#5864=AXIS2_PLACEMENT_3D('',#9443,#7246,#7247);
#5865=AXIS2_PLACEMENT_3D('',#9445,#7248,#7249);
#5866=AXIS2_PLACEMENT_3D('',#9448,#7251,#7252);
#5867=AXIS2_PLACEMENT_3D('',#9449,#7253,#7254);
#5868=AXIS2_PLACEMENT_3D('',#9451,#7255,#7256);
#5869=AXIS2_PLACEMENT_3D('',#9454,#7258,#7259);
#5870=AXIS2_PLACEMENT_3D('',#9455,#7260,#7261);
#5871=AXIS2_PLACEMENT_3D('',#9457,#7262,#7263);
#5872=AXIS2_PLACEMENT_3D('',#9460,#7265,#7266);
#5873=AXIS2_PLACEMENT_3D('',#9461,#7267,#7268);
#5874=AXIS2_PLACEMENT_3D('',#9463,#7269,#7270);
#5875=AXIS2_PLACEMENT_3D('',#9466,#7272,#7273);
#5876=AXIS2_PLACEMENT_3D('',#9467,#7274,#7275);
#5877=AXIS2_PLACEMENT_3D('',#9469,#7276,#7277);
#5878=AXIS2_PLACEMENT_3D('',#9472,#7279,#7280);
#5879=AXIS2_PLACEMENT_3D('',#9473,#7281,#7282);
#5880=AXIS2_PLACEMENT_3D('',#9475,#7283,#7284);
#5881=AXIS2_PLACEMENT_3D('',#9478,#7286,#7287);
#5882=AXIS2_PLACEMENT_3D('',#9479,#7288,#7289);
#5883=AXIS2_PLACEMENT_3D('',#9481,#7290,#7291);
#5884=AXIS2_PLACEMENT_3D('',#9484,#7293,#7294);
#5885=AXIS2_PLACEMENT_3D('',#9485,#7295,#7296);
#5886=AXIS2_PLACEMENT_3D('',#9487,#7297,#7298);
#5887=AXIS2_PLACEMENT_3D('',#9490,#7300,#7301);
#5888=AXIS2_PLACEMENT_3D('',#9491,#7302,#7303);
#5889=AXIS2_PLACEMENT_3D('',#9493,#7304,#7305);
#5890=AXIS2_PLACEMENT_3D('',#9496,#7307,#7308);
#5891=AXIS2_PLACEMENT_3D('',#9497,#7309,#7310);
#5892=AXIS2_PLACEMENT_3D('',#9499,#7311,#7312);
#5893=AXIS2_PLACEMENT_3D('',#9502,#7314,#7315);
#5894=AXIS2_PLACEMENT_3D('',#9503,#7316,#7317);
#5895=AXIS2_PLACEMENT_3D('',#9505,#7318,#7319);
#5896=AXIS2_PLACEMENT_3D('',#9508,#7321,#7322);
#5897=AXIS2_PLACEMENT_3D('',#9509,#7323,#7324);
#5898=AXIS2_PLACEMENT_3D('',#9511,#7325,#7326);
#5899=AXIS2_PLACEMENT_3D('',#9514,#7328,#7329);
#5900=AXIS2_PLACEMENT_3D('',#9515,#7330,#7331);
#5901=AXIS2_PLACEMENT_3D('',#9517,#7332,#7333);
#5902=AXIS2_PLACEMENT_3D('',#9520,#7335,#7336);
#5903=AXIS2_PLACEMENT_3D('',#9521,#7337,#7338);
#5904=AXIS2_PLACEMENT_3D('',#9523,#7339,#7340);
#5905=AXIS2_PLACEMENT_3D('',#9526,#7342,#7343);
#5906=AXIS2_PLACEMENT_3D('',#9527,#7344,#7345);
#5907=AXIS2_PLACEMENT_3D('',#9529,#7346,#7347);
#5908=AXIS2_PLACEMENT_3D('',#9532,#7349,#7350);
#5909=AXIS2_PLACEMENT_3D('',#9533,#7351,#7352);
#5910=AXIS2_PLACEMENT_3D('',#9535,#7353,#7354);
#5911=AXIS2_PLACEMENT_3D('',#9538,#7356,#7357);
#5912=AXIS2_PLACEMENT_3D('',#9539,#7358,#7359);
#5913=AXIS2_PLACEMENT_3D('',#9541,#7360,#7361);
#5914=AXIS2_PLACEMENT_3D('',#9544,#7363,#7364);
#5915=AXIS2_PLACEMENT_3D('',#9545,#7365,#7366);
#5916=AXIS2_PLACEMENT_3D('',#9547,#7367,#7368);
#5917=AXIS2_PLACEMENT_3D('',#9550,#7370,#7371);
#5918=AXIS2_PLACEMENT_3D('',#9551,#7372,#7373);
#5919=AXIS2_PLACEMENT_3D('',#9553,#7374,#7375);
#5920=AXIS2_PLACEMENT_3D('',#9556,#7377,#7378);
#5921=AXIS2_PLACEMENT_3D('',#9557,#7379,#7380);
#5922=AXIS2_PLACEMENT_3D('',#9566,#7385,#7386);
#5923=AXIS2_PLACEMENT_3D('',#9569,#7389,#7390);
#5924=AXIS2_PLACEMENT_3D('',#9572,#7393,#7394);
#5925=AXIS2_PLACEMENT_3D('',#9573,#7395,#7396);
#5926=AXIS2_PLACEMENT_3D('',#9574,#7397,#7398);
#5927=AXIS2_PLACEMENT_3D('',#9575,#7399,#7400);
#5928=AXIS2_PLACEMENT_3D('',#9576,#7401,#7402);
#5929=AXIS2_PLACEMENT_3D('',#9577,#7403,#7404);
#5930=AXIS2_PLACEMENT_3D('',#9578,#7405,#7406);
#5931=AXIS2_PLACEMENT_3D('',#9579,#7407,#7408);
#5932=AXIS2_PLACEMENT_3D('',#9580,#7409,#7410);
#5933=AXIS2_PLACEMENT_3D('',#9581,#7411,#7412);
#5934=AXIS2_PLACEMENT_3D('',#9582,#7413,#7414);
#5935=AXIS2_PLACEMENT_3D('',#9583,#7415,#7416);
#5936=AXIS2_PLACEMENT_3D('',#9584,#7417,#7418);
#5937=AXIS2_PLACEMENT_3D('',#9585,#7419,#7420);
#5938=AXIS2_PLACEMENT_3D('',#9586,#7421,#7422);
#5939=AXIS2_PLACEMENT_3D('',#9587,#7423,#7424);
#5940=AXIS2_PLACEMENT_3D('',#9588,#7425,#7426);
#5941=DIRECTION('axis',(0.,0.,1.));
#5942=DIRECTION('refdir',(1.,0.,0.));
#5943=DIRECTION('axis',(0.,0.,1.));
#5944=DIRECTION('refdir',(1.,0.,0.));
#5945=DIRECTION('axis',(0.,0.,1.));
#5946=DIRECTION('refdir',(1.,0.,0.));
#5947=DIRECTION('center_axis',(-1.,0.,0.));
#5948=DIRECTION('ref_axis',(0.,-1.,0.));
#5949=DIRECTION('',(0.,1.,0.));
#5950=DIRECTION('',(0.,0.,1.));
#5951=DIRECTION('',(0.,-1.,0.));
#5952=DIRECTION('',(0.,0.,1.));
#5953=DIRECTION('center_axis',(0.,1.,0.));
#5954=DIRECTION('ref_axis',(-1.,0.,0.));
#5955=DIRECTION('',(1.,0.,0.));
#5956=DIRECTION('',(-1.,0.,0.));
#5957=DIRECTION('',(0.,0.,1.));
#5958=DIRECTION('center_axis',(1.,0.,0.));
#5959=DIRECTION('ref_axis',(0.,1.,0.));
#5960=DIRECTION('',(0.,-1.,0.));
#5961=DIRECTION('',(0.,1.,0.));
#5962=DIRECTION('',(0.,0.,1.));
#5963=DIRECTION('center_axis',(0.,-1.,0.));
#5964=DIRECTION('ref_axis',(1.,0.,0.));
#5965=DIRECTION('',(-1.,0.,0.));
#5966=DIRECTION('',(1.,0.,0.));
#5967=DIRECTION('center_axis',(0.,0.,1.));
#5968=DIRECTION('ref_axis',(1.,0.,0.));
#5969=DIRECTION('center_axis',(0.,0.,1.));
#5970=DIRECTION('ref_axis',(1.,0.,0.));
#5971=DIRECTION('center_axis',(0.,1.,0.));
#5972=DIRECTION('ref_axis',(-1.,0.,0.));
#5973=DIRECTION('',(-1.,0.,0.));
#5974=DIRECTION('',(0.,0.,1.));
#5975=DIRECTION('',(-1.,0.,0.));
#5976=DIRECTION('',(0.,0.,1.));
#5977=DIRECTION('center_axis',(1.,0.,0.));
#5978=DIRECTION('ref_axis',(0.,1.,0.));
#5979=DIRECTION('',(0.,1.,0.));
#5980=DIRECTION('',(0.,1.,0.));
#5981=DIRECTION('',(0.,0.,1.));
#5982=DIRECTION('center_axis',(0.,-1.,0.));
#5983=DIRECTION('ref_axis',(1.,0.,0.));
#5984=DIRECTION('',(1.,0.,0.));
#5985=DIRECTION('',(1.,0.,0.));
#5986=DIRECTION('',(0.,0.,1.));
#5987=DIRECTION('center_axis',(-1.,0.,0.));
#5988=DIRECTION('ref_axis',(0.,-1.,0.));
#5989=DIRECTION('',(0.,-1.,0.));
#5990=DIRECTION('',(0.,-1.,0.));
#5991=DIRECTION('center_axis',(0.,0.,1.));
#5992=DIRECTION('ref_axis',(1.,0.,0.));
#5993=DIRECTION('center_axis',(0.,0.,1.));
#5994=DIRECTION('ref_axis',(1.,0.,0.));
#5995=DIRECTION('',(0.,0.,1.));
#5996=DIRECTION('',(1.,0.,0.));
#5997=DIRECTION('axis',(0.,0.,1.));
#5998=DIRECTION('refdir',(1.,0.,0.));
#5999=DIRECTION('axis',(0.,0.,1.));
#6000=DIRECTION('refdir',(1.,0.,0.));
#6001=DIRECTION('axis',(0.,0.,1.));
#6002=DIRECTION('refdir',(1.,0.,0.));
#6003=DIRECTION('center_axis',(-1.,-2.81705148942893E-16,4.92528413404504E-32));
#6004=DIRECTION('ref_axis',(2.81705148942893E-16,-1.,2.22044604925031E-16));
#6005=DIRECTION('',(-4.92528413404504E-32,0.,-1.));
#6006=DIRECTION('',(2.81705148942893E-16,-1.,2.22044604925031E-16));
#6007=DIRECTION('',(0.,1.74838271594513E-16,1.));
#6008=DIRECTION('',(2.81705148942893E-16,-1.,-9.92992628457146E-31));
#6009=DIRECTION('center_axis',(1.,2.81705148942893E-16,-4.92528413404504E-32));
#6010=DIRECTION('ref_axis',(-2.81705148942893E-16,1.,-2.22044604925031E-16));
#6011=DIRECTION('',(-4.92528413404504E-32,-4.7408346294135E-47,-1.));
#6012=DIRECTION('',(-2.81705148942893E-16,1.,-2.22044604925031E-16));
#6013=DIRECTION('',(0.,1.74838271594513E-16,1.));
#6014=DIRECTION('',(-2.81705148942893E-16,1.,9.92992628457146E-31));
#6015=DIRECTION('center_axis',(1.65462356473292E-9,-1.,1.74838271594513E-16));
#6016=DIRECTION('ref_axis',(1.,1.65462356473292E-9,-7.39386689903251E-16));
#6017=DIRECTION('',(0.,1.74838271594513E-16,1.));
#6018=DIRECTION('',(1.,1.65462356473292E-9,1.64302900265127E-39));
#6019=DIRECTION('',(1.,1.65462356473292E-9,-7.39386689903251E-16));
#6020=DIRECTION('center_axis',(0.,1.74838271594513E-16,1.));
#6021=DIRECTION('ref_axis',(1.,0.,0.));
#6022=DIRECTION('',(1.,9.62550484477318E-16,-1.68290663028476E-31));
#6023=DIRECTION('',(2.81705148942893E-16,-1.,2.22044604925031E-16));
#6024=DIRECTION('',(1.,8.74191357973379E-15,-8.61076664047907E-16));
#6025=DIRECTION('',(6.6536751077556E-15,-1.,2.22044605205398E-16));
#6026=DIRECTION('',(1.,1.65462328266041E-9,-8.61076664479565E-16));
#6027=DIRECTION('',(1.62136527592636E-9,-1.,2.22044603272265E-16));
#6028=DIRECTION('',(-1.,-1.65462325349007E-9,8.61076664479565E-16));
#6029=DIRECTION('',(-1.,4.80805246885089E-14,8.61076640472476E-16));
#6030=DIRECTION('',(-1.,0.,0.));
#6031=DIRECTION('',(-2.81705148942893E-16,1.,-2.22044604925031E-16));
#6032=DIRECTION('',(-1.,-1.6546231950396E-9,7.39386689903262E-16));
#6033=DIRECTION('',(0.,1.,-1.74838271594513E-16));
#6034=DIRECTION('center_axis',(-1.,-2.81705148942893E-16,4.92528413404504E-32));
#6035=DIRECTION('ref_axis',(2.81705148942893E-16,-1.,2.22044604925031E-16));
#6036=DIRECTION('',(4.92528413404504E-32,4.7408346294135E-47,1.));
#6037=DIRECTION('',(2.81705148942893E-16,-1.,-9.92992628457146E-31));
#6038=DIRECTION('',(0.,1.74838271594513E-16,1.));
#6039=DIRECTION('center_axis',(8.74191357973379E-15,-1.,1.74838271594513E-16));
#6040=DIRECTION('ref_axis',(1.,8.74191357973379E-15,-8.61076664047907E-16));
#6041=DIRECTION('',(1.,8.74191357973379E-15,8.68065574328507E-45));
#6042=DIRECTION('',(0.,1.74838271594513E-16,1.));
#6043=DIRECTION('center_axis',(-1.,-6.65367510775559E-15,1.16331705559143E-30));
#6044=DIRECTION('ref_axis',(6.6536751077556E-15,-1.,2.22044605205398E-16));
#6045=DIRECTION('',(6.6536751077556E-15,-1.,-9.92992628457146E-31));
#6046=DIRECTION('',(0.,1.74838271594513E-16,1.));
#6047=DIRECTION('center_axis',(1.65462328266041E-9,-1.,1.74838271594513E-16));
#6048=DIRECTION('ref_axis',(1.,1.65462328266041E-9,-8.61076664479565E-16));
#6049=DIRECTION('',(1.,1.65462328266041E-9,1.64302872255536E-39));
#6050=DIRECTION('',(0.,1.74838271594513E-16,1.));
#6051=DIRECTION('center_axis',(-1.,-1.62136527592636E-9,2.83476702466327E-25));
#6052=DIRECTION('ref_axis',(1.62136527592636E-9,-1.,2.22044603272265E-16));
#6053=DIRECTION('',(1.62136527592636E-9,-1.,-9.92992628457146E-31));
#6054=DIRECTION('',(0.,1.74838271594513E-16,1.));
#6055=DIRECTION('center_axis',(-1.65462325349007E-9,1.,-1.74838271594513E-16));
#6056=DIRECTION('ref_axis',(-1.,-1.65462325349007E-9,8.61076664479565E-16));
#6057=DIRECTION('',(-1.,-1.65462325349007E-9,-1.64302869358942E-39));
#6058=DIRECTION('',(0.,1.74838271594513E-16,1.));
#6059=DIRECTION('center_axis',(4.80805246885089E-14,1.,-1.74838271594513E-16));
#6060=DIRECTION('ref_axis',(-1.,4.80805246885089E-14,8.61076640472476E-16));
#6061=DIRECTION('',(-1.,4.80805246885089E-14,4.77436065880412E-44));
#6062=DIRECTION('center_axis',(1.,2.81705148942893E-16,-4.92528413404504E-32));
#6063=DIRECTION('ref_axis',(-2.81705148942893E-16,1.,-2.22044604925031E-16));
#6064=DIRECTION('',(4.92528413404504E-32,0.,1.));
#6065=DIRECTION('',(-2.81705148942893E-16,1.,9.92992628457146E-31));
#6066=DIRECTION('',(0.,1.74838271594513E-16,1.));
#6067=DIRECTION('center_axis',(-1.6546231950396E-9,1.,-1.74838271594513E-16));
#6068=DIRECTION('ref_axis',(-1.,-1.6546231950396E-9,7.39386689903262E-16));
#6069=DIRECTION('',(0.,-1.74838271594513E-16,-1.));
#6070=DIRECTION('',(-1.,-1.6546231950396E-9,-1.64302863554853E-39));
#6071=DIRECTION('center_axis',(9.62550484477318E-16,-1.,0.));
#6072=DIRECTION('ref_axis',(1.,9.62550484477318E-16,9.55805535603831E-46));
#6073=DIRECTION('',(1.,9.62550484477318E-16,9.55805535603831E-46));
#6074=DIRECTION('',(0.,0.,1.));
#6075=DIRECTION('',(1.,9.62550484477318E-16,9.55805535603831E-46));
#6076=DIRECTION('',(0.,0.,1.));
#6077=DIRECTION('',(1.,9.62550484477318E-16,9.55805535603831E-46));
#6078=DIRECTION('center_axis',(0.,-9.92992628457146E-31,1.));
#6079=DIRECTION('ref_axis',(1.,0.,0.));
#6080=DIRECTION('',(0.,1.,9.92992628457146E-31));
#6081=DIRECTION('center_axis',(0.,-9.92992628457146E-31,1.));
#6082=DIRECTION('ref_axis',(-0.999995543139688,0.00298558214765419,2.96466106427386E-33));
#6083=DIRECTION('center_axis',(0.,9.92992628457146E-31,-1.));
#6084=DIRECTION('ref_axis',(1.,0.,0.));
#6085=DIRECTION('center_axis',(0.,9.92992628457146E-31,-1.));
#6086=DIRECTION('ref_axis',(1.,0.,0.));
#6087=DIRECTION('center_axis',(0.,9.92992628457146E-31,-1.));
#6088=DIRECTION('ref_axis',(1.,0.,0.));
#6089=DIRECTION('center_axis',(0.,9.92992628457146E-31,-1.));
#6090=DIRECTION('ref_axis',(1.,0.,0.));
#6091=DIRECTION('center_axis',(0.,9.92992628457146E-31,-1.));
#6092=DIRECTION('ref_axis',(1.,0.,0.));
#6093=DIRECTION('center_axis',(0.,9.92992628457146E-31,-1.));
#6094=DIRECTION('ref_axis',(1.,0.,0.));
#6095=DIRECTION('center_axis',(0.,9.92992628457146E-31,-1.));
#6096=DIRECTION('ref_axis',(1.,0.,0.));
#6097=DIRECTION('center_axis',(0.,9.92992628457146E-31,-1.));
#6098=DIRECTION('ref_axis',(1.,0.,0.));
#6099=DIRECTION('center_axis',(0.,9.92992628457146E-31,-1.));
#6100=DIRECTION('ref_axis',(1.,0.,0.));
#6101=DIRECTION('center_axis',(0.,9.92992628457146E-31,-1.));
#6102=DIRECTION('ref_axis',(1.,0.,0.));
#6103=DIRECTION('center_axis',(0.,9.92992628457146E-31,-1.));
#6104=DIRECTION('ref_axis',(0.,1.,9.92992628457146E-31));
#6105=DIRECTION('',(0.,1.,9.92992628457146E-31));
#6106=DIRECTION('center_axis',(0.,9.92992628457146E-31,-1.));
#6107=DIRECTION('ref_axis',(-1.,-1.3987061727561E-14,-1.38890491892431E-44));
#6108=DIRECTION('',(-1.,0.,0.));
#6109=DIRECTION('center_axis',(0.,9.92992628457146E-31,-1.));
#6110=DIRECTION('ref_axis',(0.,-1.,-9.92992628457146E-31));
#6111=DIRECTION('',(-1.39870617275611E-14,-1.,-9.92992628457146E-31));
#6112=DIRECTION('center_axis',(0.,9.92992628457146E-31,-1.));
#6113=DIRECTION('ref_axis',(1.,-2.79741234551219E-14,-2.77780983784862E-44));
#6114=DIRECTION('',(1.,0.,0.));
#6115=DIRECTION('center_axis',(0.,9.92992628457146E-31,-1.));
#6116=DIRECTION('ref_axis',(1.,0.,0.));
#6117=DIRECTION('center_axis',(0.,9.92992628457146E-31,-1.));
#6118=DIRECTION('ref_axis',(1.,0.,0.));
#6119=DIRECTION('center_axis',(0.,9.92992628457146E-31,-1.));
#6120=DIRECTION('ref_axis',(1.,0.,0.));
#6121=DIRECTION('center_axis',(0.,9.92992628457146E-31,-1.));
#6122=DIRECTION('ref_axis',(1.,0.,0.));
#6123=DIRECTION('center_axis',(0.,9.92992628457146E-31,-1.));
#6124=DIRECTION('ref_axis',(1.,0.,0.));
#6125=DIRECTION('center_axis',(0.,9.92992628457146E-31,-1.));
#6126=DIRECTION('ref_axis',(1.,0.,0.));
#6127=DIRECTION('center_axis',(0.,9.92992628457146E-31,-1.));
#6128=DIRECTION('ref_axis',(1.,0.,0.));
#6129=DIRECTION('center_axis',(0.,-9.92992628457146E-31,1.));
#6130=DIRECTION('ref_axis',(1.,0.,0.));
#6131=DIRECTION('',(1.,0.,0.));
#6132=DIRECTION('',(0.,1.,9.92992628457146E-31));
#6133=DIRECTION('center_axis',(0.,9.92992628457146E-31,-1.));
#6134=DIRECTION('ref_axis',(1.,0.,0.));
#6135=DIRECTION('center_axis',(0.,9.92992628457146E-31,-1.));
#6136=DIRECTION('ref_axis',(1.,0.,0.));
#6137=DIRECTION('center_axis',(0.,9.92992628457146E-31,-1.));
#6138=DIRECTION('ref_axis',(1.,0.,0.));
#6139=DIRECTION('center_axis',(1.,0.,0.));
#6140=DIRECTION('ref_axis',(0.,1.,9.92992628457146E-31));
#6141=DIRECTION('',(0.,0.,1.));
#6142=DIRECTION('',(0.,1.,9.92992628457146E-31));
#6143=DIRECTION('',(0.,0.,1.));
#6144=DIRECTION('center_axis',(0.,0.,1.));
#6145=DIRECTION('ref_axis',(1.,0.,0.));
#6146=DIRECTION('center_axis',(0.,9.92992628457146E-31,-1.));
#6147=DIRECTION('ref_axis',(1.,0.,0.));
#6148=DIRECTION('',(0.,0.,-1.));
#6149=DIRECTION('center_axis',(0.,0.,1.));
#6150=DIRECTION('ref_axis',(1.,0.,0.));
#6151=DIRECTION('center_axis',(0.,9.92992628457146E-31,-1.));
#6152=DIRECTION('ref_axis',(1.,0.,0.));
#6153=DIRECTION('',(0.,0.,-1.));
#6154=DIRECTION('center_axis',(0.,0.,1.));
#6155=DIRECTION('ref_axis',(1.,0.,0.));
#6156=DIRECTION('center_axis',(0.,9.92992628457146E-31,-1.));
#6157=DIRECTION('ref_axis',(1.,0.,0.));
#6158=DIRECTION('',(0.,0.,-1.));
#6159=DIRECTION('center_axis',(0.,9.92992628457146E-31,-1.));
#6160=DIRECTION('ref_axis',(1.,0.,0.));
#6161=DIRECTION('center_axis',(0.,0.,1.));
#6162=DIRECTION('ref_axis',(1.,0.,0.));
#6163=DIRECTION('center_axis',(0.,9.92992628457146E-31,-1.));
#6164=DIRECTION('ref_axis',(1.,0.,0.));
#6165=DIRECTION('',(0.,0.,-1.));
#6166=DIRECTION('center_axis',(0.,9.92992628457146E-31,-1.));
#6167=DIRECTION('ref_axis',(1.,0.,0.));
#6168=DIRECTION('center_axis',(0.,0.,1.));
#6169=DIRECTION('ref_axis',(1.,0.,0.));
#6170=DIRECTION('center_axis',(0.,9.92992628457146E-31,-1.));
#6171=DIRECTION('ref_axis',(1.,0.,0.));
#6172=DIRECTION('',(0.,0.,-1.));
#6173=DIRECTION('center_axis',(0.,0.,1.));
#6174=DIRECTION('ref_axis',(1.,0.,0.));
#6175=DIRECTION('center_axis',(0.,9.92992628457146E-31,-1.));
#6176=DIRECTION('ref_axis',(1.,0.,0.));
#6177=DIRECTION('',(0.,0.,-1.));
#6178=DIRECTION('center_axis',(0.,0.,1.));
#6179=DIRECTION('ref_axis',(1.,0.,0.));
#6180=DIRECTION('center_axis',(0.,9.92992628457146E-31,-1.));
#6181=DIRECTION('ref_axis',(1.,0.,0.));
#6182=DIRECTION('',(0.,0.,-1.));
#6183=DIRECTION('center_axis',(0.,9.92992628457146E-31,-1.));
#6184=DIRECTION('ref_axis',(1.,0.,0.));
#6185=DIRECTION('center_axis',(0.,0.,1.));
#6186=DIRECTION('ref_axis',(1.,0.,0.));
#6187=DIRECTION('center_axis',(0.,9.92992628457146E-31,-1.));
#6188=DIRECTION('ref_axis',(1.,0.,0.));
#6189=DIRECTION('',(0.,0.,-1.));
#6190=DIRECTION('center_axis',(0.,0.,1.));
#6191=DIRECTION('ref_axis',(1.,0.,0.));
#6192=DIRECTION('center_axis',(0.,9.92992628457146E-31,-1.));
#6193=DIRECTION('ref_axis',(1.,0.,0.));
#6194=DIRECTION('',(0.,0.,-1.));
#6195=DIRECTION('center_axis',(0.,0.,1.));
#6196=DIRECTION('ref_axis',(1.,0.,0.));
#6197=DIRECTION('center_axis',(0.,9.92992628457146E-31,-1.));
#6198=DIRECTION('ref_axis',(1.,0.,0.));
#6199=DIRECTION('',(0.,0.,-1.));
#6200=DIRECTION('center_axis',(0.,0.,1.));
#6201=DIRECTION('ref_axis',(1.,0.,0.));
#6202=DIRECTION('center_axis',(0.,9.92992628457146E-31,-1.));
#6203=DIRECTION('ref_axis',(1.,0.,0.));
#6204=DIRECTION('',(0.,0.,-1.));
#6205=DIRECTION('center_axis',(0.,0.,1.));
#6206=DIRECTION('ref_axis',(1.,0.,0.));
#6207=DIRECTION('center_axis',(0.,9.92992628457146E-31,-1.));
#6208=DIRECTION('ref_axis',(1.,0.,0.));
#6209=DIRECTION('',(0.,0.,-1.));
#6210=DIRECTION('center_axis',(0.,0.,1.));
#6211=DIRECTION('ref_axis',(1.,0.,0.));
#6212=DIRECTION('center_axis',(0.,9.92992628457146E-31,-1.));
#6213=DIRECTION('ref_axis',(1.,0.,0.));
#6214=DIRECTION('',(0.,0.,-1.));
#6215=DIRECTION('center_axis',(1.,0.,0.));
#6216=DIRECTION('ref_axis',(0.,1.,9.92992628457146E-31));
#6217=DIRECTION('',(0.,0.,1.));
#6218=DIRECTION('',(0.,1.,9.92992628457146E-31));
#6219=DIRECTION('',(0.,0.,1.));
#6220=DIRECTION('center_axis',(0.,0.,1.));
#6221=DIRECTION('ref_axis',(-1.,-1.3987061727561E-14,0.));
#6222=DIRECTION('center_axis',(0.,9.92992628457146E-31,-1.));
#6223=DIRECTION('ref_axis',(-1.,-1.3987061727561E-14,-1.38890491892431E-44));
#6224=DIRECTION('',(0.,0.,1.));
#6225=DIRECTION('center_axis',(0.,1.,0.));
#6226=DIRECTION('ref_axis',(-1.,0.,0.));
#6227=DIRECTION('',(-1.,0.,0.));
#6228=DIRECTION('',(0.,0.,1.));
#6229=DIRECTION('center_axis',(0.,0.,1.));
#6230=DIRECTION('ref_axis',(0.,-1.,0.));
#6231=DIRECTION('center_axis',(0.,9.92992628457146E-31,-1.));
#6232=DIRECTION('ref_axis',(0.,-1.,-9.92992628457146E-31));
#6233=DIRECTION('',(0.,0.,1.));
#6234=DIRECTION('center_axis',(-1.,1.39870617275611E-14,0.));
#6235=DIRECTION('ref_axis',(-1.39870617275611E-14,-1.,-9.92992628457146E-31));
#6236=DIRECTION('',(-1.39870617275611E-14,-1.,-9.92992628457146E-31));
#6237=DIRECTION('',(0.,0.,1.));
#6238=DIRECTION('center_axis',(0.,0.,1.));
#6239=DIRECTION('ref_axis',(1.,-2.79741234551219E-14,0.));
#6240=DIRECTION('center_axis',(0.,9.92992628457146E-31,-1.));
#6241=DIRECTION('ref_axis',(1.,-2.79741234551219E-14,-2.77780983784862E-44));
#6242=DIRECTION('',(0.,0.,1.));
#6243=DIRECTION('center_axis',(0.,-1.,0.));
#6244=DIRECTION('ref_axis',(1.,0.,0.));
#6245=DIRECTION('',(1.,0.,0.));
#6246=DIRECTION('',(0.,0.,1.));
#6247=DIRECTION('center_axis',(0.,0.,1.));
#6248=DIRECTION('ref_axis',(0.,1.,0.));
#6249=DIRECTION('center_axis',(0.,9.92992628457146E-31,-1.));
#6250=DIRECTION('ref_axis',(0.,1.,9.92992628457146E-31));
#6251=DIRECTION('center_axis',(0.,0.,1.));
#6252=DIRECTION('ref_axis',(1.,0.,0.));
#6253=DIRECTION('center_axis',(0.,9.92992628457146E-31,-1.));
#6254=DIRECTION('ref_axis',(1.,0.,0.));
#6255=DIRECTION('',(0.,0.,-1.));
#6256=DIRECTION('center_axis',(0.,0.,1.));
#6257=DIRECTION('ref_axis',(1.,0.,0.));
#6258=DIRECTION('center_axis',(0.,9.92992628457146E-31,-1.));
#6259=DIRECTION('ref_axis',(1.,0.,0.));
#6260=DIRECTION('',(0.,0.,-1.));
#6261=DIRECTION('center_axis',(0.,0.,1.));
#6262=DIRECTION('ref_axis',(1.,0.,0.));
#6263=DIRECTION('center_axis',(0.,9.92992628457146E-31,-1.));
#6264=DIRECTION('ref_axis',(1.,0.,0.));
#6265=DIRECTION('',(0.,0.,-1.));
#6266=DIRECTION('center_axis',(0.,0.,1.));
#6267=DIRECTION('ref_axis',(1.,0.,0.));
#6268=DIRECTION('center_axis',(0.,9.92992628457146E-31,-1.));
#6269=DIRECTION('ref_axis',(1.,0.,0.));
#6270=DIRECTION('',(0.,0.,-1.));
#6271=DIRECTION('center_axis',(0.,9.92992628457146E-31,-1.));
#6272=DIRECTION('ref_axis',(1.,0.,0.));
#6273=DIRECTION('center_axis',(0.,0.,1.));
#6274=DIRECTION('ref_axis',(1.,0.,0.));
#6275=DIRECTION('center_axis',(0.,9.92992628457146E-31,-1.));
#6276=DIRECTION('ref_axis',(1.,0.,0.));
#6277=DIRECTION('',(0.,0.,-1.));
#6278=DIRECTION('center_axis',(0.,0.,1.));
#6279=DIRECTION('ref_axis',(1.,0.,0.));
#6280=DIRECTION('center_axis',(0.,9.92992628457146E-31,-1.));
#6281=DIRECTION('ref_axis',(1.,0.,0.));
#6282=DIRECTION('',(0.,0.,-1.));
#6283=DIRECTION('center_axis',(0.,9.92992628457146E-31,-1.));
#6284=DIRECTION('ref_axis',(1.,0.,0.));
#6285=DIRECTION('center_axis',(0.,0.,1.));
#6286=DIRECTION('ref_axis',(1.,0.,0.));
#6287=DIRECTION('center_axis',(0.,9.92992628457146E-31,-1.));
#6288=DIRECTION('ref_axis',(1.,0.,0.));
#6289=DIRECTION('',(0.,0.,-1.));
#6290=DIRECTION('center_axis',(0.,0.,1.));
#6291=DIRECTION('ref_axis',(1.,0.,0.));
#6292=DIRECTION('center_axis',(0.,9.92992628457146E-31,-1.));
#6293=DIRECTION('ref_axis',(1.,0.,0.));
#6294=DIRECTION('',(0.,0.,-1.));
#6295=DIRECTION('center_axis',(0.,9.92992628457146E-31,-1.));
#6296=DIRECTION('ref_axis',(1.,0.,0.));
#6297=DIRECTION('center_axis',(0.,0.,1.));
#6298=DIRECTION('ref_axis',(1.,0.,0.));
#6299=DIRECTION('center_axis',(0.,9.92992628457146E-31,-1.));
#6300=DIRECTION('ref_axis',(1.,0.,0.));
#6301=DIRECTION('',(0.,0.,-1.));
#6302=DIRECTION('center_axis',(0.,0.,1.));
#6303=DIRECTION('ref_axis',(1.,0.,0.));
#6304=DIRECTION('center_axis',(0.,9.92992628457146E-31,-1.));
#6305=DIRECTION('ref_axis',(1.,0.,0.));
#6306=DIRECTION('',(0.,0.,-1.));
#6307=DIRECTION('center_axis',(0.,0.,1.));
#6308=DIRECTION('ref_axis',(1.,0.,0.));
#6309=DIRECTION('center_axis',(0.,9.92992628457146E-31,-1.));
#6310=DIRECTION('ref_axis',(1.,0.,0.));
#6311=DIRECTION('',(0.,0.,-1.));
#6312=DIRECTION('center_axis',(0.,0.,1.));
#6313=DIRECTION('ref_axis',(1.,0.,0.));
#6314=DIRECTION('center_axis',(0.,9.92992628457146E-31,-1.));
#6315=DIRECTION('ref_axis',(1.,0.,0.));
#6316=DIRECTION('',(0.,0.,-1.));
#6317=DIRECTION('center_axis',(0.,0.,1.));
#6318=DIRECTION('ref_axis',(1.,0.,0.));
#6319=DIRECTION('center_axis',(0.,9.92992628457146E-31,-1.));
#6320=DIRECTION('ref_axis',(1.,0.,0.));
#6321=DIRECTION('',(0.,0.,-1.));
#6322=DIRECTION('center_axis',(0.,0.,1.));
#6323=DIRECTION('ref_axis',(1.,0.,0.));
#6324=DIRECTION('center_axis',(0.,9.92992628457146E-31,-1.));
#6325=DIRECTION('ref_axis',(1.,0.,0.));
#6326=DIRECTION('',(0.,0.,-1.));
#6327=DIRECTION('center_axis',(0.,9.92992628457146E-31,-1.));
#6328=DIRECTION('ref_axis',(1.,0.,0.));
#6329=DIRECTION('center_axis',(-1.,0.,0.));
#6330=DIRECTION('ref_axis',(0.,-1.,-9.92992628457146E-31));
#6331=DIRECTION('',(0.,-1.,-9.92992628457146E-31));
#6332=DIRECTION('',(0.,-1.,-9.92992628457146E-31));
#6333=DIRECTION('',(0.,0.,1.));
#6334=DIRECTION('center_axis',(0.,1.,0.));
#6335=DIRECTION('ref_axis',(-1.,0.,0.));
#6336=DIRECTION('',(1.,0.,0.));
#6337=DIRECTION('',(-1.,0.,0.));
#6338=DIRECTION('',(0.,0.,1.));
#6339=DIRECTION('center_axis',(0.999995543139688,-0.00298558214765306,0.));
#6340=DIRECTION('ref_axis',(0.00298558214765306,0.999995543139688,0.));
#6341=DIRECTION('',(0.,0.,1.));
#6342=DIRECTION('center_axis',(0.,0.,1.));
#6343=DIRECTION('ref_axis',(-0.999995543139688,0.00298558214765419,0.));
#6344=DIRECTION('center_axis',(0.,9.92992628457146E-31,-1.));
#6345=DIRECTION('ref_axis',(-0.999995543139688,0.00298558214765419,2.96466106427386E-33));
#6346=DIRECTION('',(0.,0.,1.));
#6347=DIRECTION('center_axis',(0.,-9.92992628457146E-31,1.));
#6348=DIRECTION('ref_axis',(1.,0.,0.));
#6349=DIRECTION('center_axis',(0.,-9.92992628457146E-31,1.));
#6350=DIRECTION('ref_axis',(1.,0.,0.));
#6351=DIRECTION('axis',(0.,0.,1.));
#6352=DIRECTION('refdir',(1.,0.,0.));
#6353=DIRECTION('center_axis',(1.,-9.39017163142975E-17,1.64176137801501E-32));
#6354=DIRECTION('ref_axis',(9.39017163142975E-17,1.,-2.22044604925031E-16));
#6355=DIRECTION('',(1.64176137801501E-32,-1.18520865735337E-47,-1.));
#6356=DIRECTION('',(9.39017163142975E-17,1.,-2.22044604925031E-16));
#6357=DIRECTION('',(0.,1.74838271594513E-16,1.));
#6358=DIRECTION('',(9.39017163142975E-17,1.,9.92992628457146E-31));
#6359=DIRECTION('center_axis',(-1.,9.39017163142975E-17,-1.64176137801501E-32));
#6360=DIRECTION('ref_axis',(-9.39017163142975E-17,-1.,2.22044604925031E-16));
#6361=DIRECTION('',(1.64176137801501E-32,0.,-1.));
#6362=DIRECTION('',(-9.39017163142975E-17,-1.,2.22044604925031E-16));
#6363=DIRECTION('',(0.,1.74838271594513E-16,1.));
#6364=DIRECTION('',(-9.39017163142975E-17,-1.,-9.92992628457146E-31));
#6365=DIRECTION('center_axis',(-1.,7.09773962387802E-15,-1.24095652806672E-30));
#6366=DIRECTION('ref_axis',(-7.09773962387802E-15,-1.,2.22044606440618E-16));
#6367=DIRECTION('',(-7.09773962387802E-15,-1.,-9.92992628457146E-31));
#6368=DIRECTION('',(0.,1.74838271594513E-16,1.));
#6369=DIRECTION('',(-7.09773962387802E-15,-1.,2.22044606440618E-16));
#6370=DIRECTION('',(0.,1.74838271594513E-16,1.));
#6371=DIRECTION('center_axis',(-1.50549155652505E-31,1.,-1.74838271594513E-16));
#6372=DIRECTION('ref_axis',(-1.,0.,8.61076664047905E-16));
#6373=DIRECTION('',(-1.,-1.50549155652505E-31,-1.49494201783385E-61));
#6374=DIRECTION('',(-1.,0.,8.61076664047905E-16));
#6375=DIRECTION('center_axis',(1.,-9.39017163142975E-17,1.64176137801501E-32));
#6376=DIRECTION('ref_axis',(9.39017163142975E-17,1.,-2.22044604925031E-16));
#6377=DIRECTION('',(-1.64176137801501E-32,0.,1.));
#6378=DIRECTION('',(9.39017163142975E-17,1.,9.92992628457146E-31));
#6379=DIRECTION('',(0.,1.74838271594513E-16,1.));
#6380=DIRECTION('',(9.39017163142975E-17,1.,-2.22044604925031E-16));
#6381=DIRECTION('center_axis',(-1.65462325349007E-9,1.,-1.74838271594513E-16));
#6382=DIRECTION('ref_axis',(-1.,-1.65462325349007E-9,8.61076664479567E-16));
#6383=DIRECTION('',(-1.,-1.65462325349007E-9,-1.64302869358942E-39));
#6384=DIRECTION('',(0.,1.74838271594513E-16,1.));
#6385=DIRECTION('',(-1.,-1.65462325349007E-9,8.61076664479567E-16));
#6386=DIRECTION('center_axis',(1.,1.62136900580949E-9,-2.83477354592646E-25));
#6387=DIRECTION('ref_axis',(-1.62136900580949E-9,1.,-2.22044602871935E-16));
#6388=DIRECTION('',(-1.62136900580949E-9,1.,9.92992628457146E-31));
#6389=DIRECTION('',(0.,1.74838271594513E-16,1.));
#6390=DIRECTION('',(-1.62136900580949E-9,1.,-2.22044602871935E-16));
#6391=DIRECTION('center_axis',(1.65462322431973E-9,-1.,1.74838271594513E-16));
#6392=DIRECTION('ref_axis',(1.,1.65462322431973E-9,-8.61076664579799E-16));
#6393=DIRECTION('',(1.,1.65462322431973E-9,1.64302866462349E-39));
#6394=DIRECTION('',(1.,1.65462322431973E-9,-8.61076664579799E-16));
#6395=DIRECTION('center_axis',(-1.,9.39017163142975E-17,-1.64176137801501E-32));
#6396=DIRECTION('ref_axis',(-9.39017163142975E-17,-1.,2.22044604925031E-16));
#6397=DIRECTION('',(-1.64176137801501E-32,1.18520865735337E-47,1.));
#6398=DIRECTION('',(-9.39017163142975E-17,-1.,-9.92992628457146E-31));
#6399=DIRECTION('',(0.,1.74838271594513E-16,1.));
#6400=DIRECTION('',(-9.39017163142975E-17,-1.,2.22044604925031E-16));
#6401=DIRECTION('center_axis',(-5.63573463217437E-9,-1.,1.74838271594513E-16));
#6402=DIRECTION('ref_axis',(1.,-5.63573463217437E-9,-8.61076782262996E-16));
#6403=DIRECTION('',(1.,-5.63573463217437E-9,-5.5962429456898E-39));
#6404=DIRECTION('',(0.,1.74838271594513E-16,1.));
#6405=DIRECTION('',(1.,-5.63573463217437E-9,-8.61076782262996E-16));
#6406=DIRECTION('center_axis',(1.65462325183471E-9,-1.,1.74838271594513E-16));
#6407=DIRECTION('ref_axis',(1.,1.65462325183471E-9,-8.61076664358811E-16));
#6408=DIRECTION('',(1.27960832989493E-32,-1.74838271594513E-16,-1.));
#6409=DIRECTION('',(1.,1.65462325183471E-9,-8.61076664358811E-16));
#6410=DIRECTION('',(1.,1.65462325183471E-9,1.64302869194565E-39));
#6411=DIRECTION('center_axis',(-1.65462331508694E-9,1.,-1.74838271594513E-16));
#6412=DIRECTION('ref_axis',(-1.,-1.65462331508694E-9,7.3938668848056E-16));
#6413=DIRECTION('',(-1.27960832989493E-32,1.74838271594513E-16,1.));
#6414=DIRECTION('',(-1.,-1.65462331508694E-9,-1.64302875475466E-39));
#6415=DIRECTION('',(-1.,-1.65462331508694E-9,7.3938668848056E-16));
#6416=DIRECTION('center_axis',(0.,1.74838271594513E-16,1.));
#6417=DIRECTION('ref_axis',(1.,0.,0.));
#6418=DIRECTION('',(1.,-7.21912863357988E-16,1.26217997271357E-31));
#6419=DIRECTION('',(7.31881136907263E-17,-1.,1.74838271594513E-16));
#6420=DIRECTION('',(-1.,0.,0.));
#6421=DIRECTION('center_axis',(0.,1.,0.));
#6422=DIRECTION('ref_axis',(-1.,0.,0.));
#6423=DIRECTION('',(-1.,0.,0.));
#6424=DIRECTION('',(0.,0.,1.));
#6425=DIRECTION('',(-1.,0.,0.));
#6426=DIRECTION('',(0.,0.,1.));
#6427=DIRECTION('',(-1.,0.,0.));
#6428=DIRECTION('center_axis',(0.,-9.92992628457146E-31,1.));
#6429=DIRECTION('ref_axis',(1.,0.,0.));
#6430=DIRECTION('',(-7.31881136907263E-17,1.,9.92992628457146E-31));
#6431=DIRECTION('center_axis',(0.,9.92992628457146E-31,-1.));
#6432=DIRECTION('ref_axis',(1.,0.,0.));
#6433=DIRECTION('center_axis',(0.,9.92992628457146E-31,-1.));
#6434=DIRECTION('ref_axis',(1.,0.,0.));
#6435=DIRECTION('center_axis',(0.,9.92992628457146E-31,-1.));
#6436=DIRECTION('ref_axis',(1.,0.,0.));
#6437=DIRECTION('center_axis',(0.,-9.92992628457146E-31,1.));
#6438=DIRECTION('ref_axis',(1.,0.,0.));
#6439=DIRECTION('',(-1.,7.21912863357988E-16,7.16854151702873E-46));
#6440=DIRECTION('center_axis',(0.,-9.92992628457146E-31,1.));
#6441=DIRECTION('ref_axis',(0.826689561782856,-0.562658305225533,-5.58715549429145E-31));
#6442=DIRECTION('',(-0.00298558215592692,0.999995543139663,9.92988202827685E-31));
#6443=DIRECTION('',(-7.31881136907263E-17,1.,9.92992628457146E-31));
#6444=DIRECTION('center_axis',(0.,9.92992628457146E-31,-1.));
#6445=DIRECTION('ref_axis',(1.,0.,0.));
#6446=DIRECTION('center_axis',(0.,9.92992628457146E-31,-1.));
#6447=DIRECTION('ref_axis',(1.,0.,0.));
#6448=DIRECTION('center_axis',(0.,9.92992628457146E-31,-1.));
#6449=DIRECTION('ref_axis',(1.,0.,0.));
#6450=DIRECTION('center_axis',(0.,9.92992628457146E-31,-1.));
#6451=DIRECTION('ref_axis',(1.,0.,0.));
#6452=DIRECTION('center_axis',(0.,9.92992628457146E-31,-1.));
#6453=DIRECTION('ref_axis',(1.,0.,0.));
#6454=DIRECTION('center_axis',(0.,9.92992628457146E-31,-1.));
#6455=DIRECTION('ref_axis',(1.,0.,0.));
#6456=DIRECTION('center_axis',(0.,9.92992628457146E-31,-1.));
#6457=DIRECTION('ref_axis',(1.,0.,0.));
#6458=DIRECTION('center_axis',(0.,9.92992628457146E-31,-1.));
#6459=DIRECTION('ref_axis',(1.,0.,0.));
#6460=DIRECTION('center_axis',(0.,9.92992628457146E-31,-1.));
#6461=DIRECTION('ref_axis',(1.,0.,0.));
#6462=DIRECTION('center_axis',(0.,9.92992628457146E-31,-1.));
#6463=DIRECTION('ref_axis',(1.,0.,0.));
#6464=DIRECTION('center_axis',(0.,9.92992628457146E-31,-1.));
#6465=DIRECTION('ref_axis',(1.,0.,0.));
#6466=DIRECTION('center_axis',(0.,9.92992628457146E-31,-1.));
#6467=DIRECTION('ref_axis',(1.,0.,0.));
#6468=DIRECTION('center_axis',(0.,9.92992628457146E-31,-1.));
#6469=DIRECTION('ref_axis',(1.,0.,0.));
#6470=DIRECTION('center_axis',(0.,9.92992628457146E-31,-1.));
#6471=DIRECTION('ref_axis',(3.49676543189024E-15,1.,9.92992628457146E-31));
#6472=DIRECTION('',(-2.0980592591342E-14,1.,9.92992628457146E-31));
#6473=DIRECTION('center_axis',(0.,9.92992628457146E-31,-1.));
#6474=DIRECTION('ref_axis',(-1.,-5.59482469102438E-14,-5.55561967569724E-44));
#6475=DIRECTION('',(-1.,0.,0.));
#6476=DIRECTION('center_axis',(0.,9.92992628457146E-31,-1.));
#6477=DIRECTION('ref_axis',(0.,-1.,-9.92992628457146E-31));
#6478=DIRECTION('',(0.,-1.,-9.92992628457146E-31));
#6479=DIRECTION('center_axis',(0.,9.92992628457146E-31,-1.));
#6480=DIRECTION('ref_axis',(1.,0.,0.));
#6481=DIRECTION('',(1.,0.,0.));
#6482=DIRECTION('center_axis',(0.,9.92992628457146E-31,-1.));
#6483=DIRECTION('ref_axis',(1.,0.,0.));
#6484=DIRECTION('center_axis',(0.,9.92992628457146E-31,-1.));
#6485=DIRECTION('ref_axis',(1.,0.,0.));
#6486=DIRECTION('center_axis',(0.,9.92992628457146E-31,-1.));
#6487=DIRECTION('ref_axis',(1.,0.,0.));
#6488=DIRECTION('center_axis',(0.,9.92992628457146E-31,-1.));
#6489=DIRECTION('ref_axis',(1.,0.,0.));
#6490=DIRECTION('center_axis',(0.,-9.92992628457146E-31,1.));
#6491=DIRECTION('ref_axis',(1.,0.,0.));
#6492=DIRECTION('',(1.30112202116847E-16,-1.,-9.92992628457146E-31));
#6493=DIRECTION('',(-1.,7.21912863357988E-16,7.16854151702873E-46));
#6494=DIRECTION('center_axis',(0.,9.92992628457146E-31,-1.));
#6495=DIRECTION('ref_axis',(1.,0.,0.));
#6496=DIRECTION('center_axis',(0.,9.92992628457146E-31,-1.));
#6497=DIRECTION('ref_axis',(1.,0.,0.));
#6498=DIRECTION('center_axis',(0.,9.92992628457146E-31,-1.));
#6499=DIRECTION('ref_axis',(1.,0.,0.));
#6500=DIRECTION('center_axis',(0.,9.92992628457146E-31,-1.));
#6501=DIRECTION('ref_axis',(1.,0.,0.));
#6502=DIRECTION('center_axis',(0.,9.92992628457146E-31,-1.));
#6503=DIRECTION('ref_axis',(1.,0.,0.));
#6504=DIRECTION('center_axis',(0.,9.92992628457146E-31,-1.));
#6505=DIRECTION('ref_axis',(1.,0.,0.));
#6506=DIRECTION('center_axis',(0.,9.92992628457146E-31,-1.));
#6507=DIRECTION('ref_axis',(1.,0.,0.));
#6508=DIRECTION('center_axis',(0.,0.,1.));
#6509=DIRECTION('ref_axis',(1.,0.,0.));
#6510=DIRECTION('center_axis',(0.,9.92992628457146E-31,-1.));
#6511=DIRECTION('ref_axis',(1.,0.,0.));
#6512=DIRECTION('',(0.,0.,-1.));
#6513=DIRECTION('center_axis',(0.,0.,1.));
#6514=DIRECTION('ref_axis',(1.,0.,0.));
#6515=DIRECTION('center_axis',(0.,9.92992628457146E-31,-1.));
#6516=DIRECTION('ref_axis',(1.,0.,0.));
#6517=DIRECTION('',(0.,0.,-1.));
#6518=DIRECTION('center_axis',(0.,0.,1.));
#6519=DIRECTION('ref_axis',(1.,0.,0.));
#6520=DIRECTION('center_axis',(0.,9.92992628457146E-31,-1.));
#6521=DIRECTION('ref_axis',(1.,0.,0.));
#6522=DIRECTION('',(0.,0.,-1.));
#6523=DIRECTION('center_axis',(0.,0.,1.));
#6524=DIRECTION('ref_axis',(1.,0.,0.));
#6525=DIRECTION('center_axis',(0.,9.92992628457146E-31,-1.));
#6526=DIRECTION('ref_axis',(1.,0.,0.));
#6527=DIRECTION('',(0.,0.,-1.));
#6528=DIRECTION('center_axis',(0.,0.,1.));
#6529=DIRECTION('ref_axis',(1.,0.,0.));
#6530=DIRECTION('center_axis',(0.,9.92992628457146E-31,-1.));
#6531=DIRECTION('ref_axis',(1.,0.,0.));
#6532=DIRECTION('',(0.,0.,-1.));
#6533=DIRECTION('center_axis',(0.,0.,1.));
#6534=DIRECTION('ref_axis',(1.,0.,0.));
#6535=DIRECTION('center_axis',(0.,9.92992628457146E-31,-1.));
#6536=DIRECTION('ref_axis',(1.,0.,0.));
#6537=DIRECTION('',(0.,0.,-1.));
#6538=DIRECTION('center_axis',(0.,0.,1.));
#6539=DIRECTION('ref_axis',(1.,0.,0.));
#6540=DIRECTION('center_axis',(0.,9.92992628457146E-31,-1.));
#6541=DIRECTION('ref_axis',(1.,0.,0.));
#6542=DIRECTION('',(0.,0.,-1.));
#6543=DIRECTION('center_axis',(0.,0.,1.));
#6544=DIRECTION('ref_axis',(1.,0.,0.));
#6545=DIRECTION('center_axis',(0.,9.92992628457146E-31,-1.));
#6546=DIRECTION('ref_axis',(1.,0.,0.));
#6547=DIRECTION('',(0.,0.,-1.));
#6548=DIRECTION('center_axis',(1.,2.0980592591342E-14,0.));
#6549=DIRECTION('ref_axis',(-2.0980592591342E-14,1.,9.92992628457146E-31));
#6550=DIRECTION('',(0.,0.,1.));
#6551=DIRECTION('',(-2.0980592591342E-14,1.,9.92992628457146E-31));
#6552=DIRECTION('',(0.,0.,1.));
#6553=DIRECTION('center_axis',(0.,0.,1.));
#6554=DIRECTION('ref_axis',(-1.,-5.59482469102438E-14,0.));
#6555=DIRECTION('center_axis',(0.,9.92992628457146E-31,-1.));
#6556=DIRECTION('ref_axis',(-1.,-5.59482469102438E-14,-5.55561967569724E-44));
#6557=DIRECTION('',(0.,0.,1.));
#6558=DIRECTION('center_axis',(0.,1.,0.));
#6559=DIRECTION('ref_axis',(-1.,0.,0.));
#6560=DIRECTION('',(-1.,0.,0.));
#6561=DIRECTION('',(0.,0.,1.));
#6562=DIRECTION('center_axis',(0.,0.,1.));
#6563=DIRECTION('ref_axis',(0.,-1.,0.));
#6564=DIRECTION('center_axis',(0.,9.92992628457146E-31,-1.));
#6565=DIRECTION('ref_axis',(0.,-1.,-9.92992628457146E-31));
#6566=DIRECTION('',(0.,0.,1.));
#6567=DIRECTION('center_axis',(-1.,0.,0.));
#6568=DIRECTION('ref_axis',(0.,-1.,-9.92992628457146E-31));
#6569=DIRECTION('',(0.,-1.,-9.92992628457146E-31));
#6570=DIRECTION('',(0.,0.,1.));
#6571=DIRECTION('center_axis',(0.,0.,1.));
#6572=DIRECTION('ref_axis',(1.,0.,0.));
#6573=DIRECTION('center_axis',(0.,9.92992628457146E-31,-1.));
#6574=DIRECTION('ref_axis',(1.,0.,0.));
#6575=DIRECTION('',(0.,0.,1.));
#6576=DIRECTION('center_axis',(0.,-1.,0.));
#6577=DIRECTION('ref_axis',(1.,0.,0.));
#6578=DIRECTION('',(1.,0.,0.));
#6579=DIRECTION('',(0.,0.,1.));
#6580=DIRECTION('center_axis',(0.,0.,1.));
#6581=DIRECTION('ref_axis',(3.49676543189024E-15,1.,0.));
#6582=DIRECTION('center_axis',(0.,9.92992628457146E-31,-1.));
#6583=DIRECTION('ref_axis',(3.49676543189024E-15,1.,9.92992628457146E-31));
#6584=DIRECTION('center_axis',(0.,0.,1.));
#6585=DIRECTION('ref_axis',(1.,0.,0.));
#6586=DIRECTION('center_axis',(0.,9.92992628457146E-31,-1.));
#6587=DIRECTION('ref_axis',(1.,0.,0.));
#6588=DIRECTION('',(0.,0.,-1.));
#6589=DIRECTION('center_axis',(0.,0.,1.));
#6590=DIRECTION('ref_axis',(1.,0.,0.));
#6591=DIRECTION('center_axis',(0.,9.92992628457146E-31,-1.));
#6592=DIRECTION('ref_axis',(1.,0.,0.));
#6593=DIRECTION('',(0.,0.,-1.));
#6594=DIRECTION('center_axis',(0.,0.,1.));
#6595=DIRECTION('ref_axis',(1.,0.,0.));
#6596=DIRECTION('center_axis',(0.,9.92992628457146E-31,-1.));
#6597=DIRECTION('ref_axis',(1.,0.,0.));
#6598=DIRECTION('',(0.,0.,-1.));
#6599=DIRECTION('center_axis',(0.,0.,1.));
#6600=DIRECTION('ref_axis',(1.,0.,0.));
#6601=DIRECTION('center_axis',(0.,9.92992628457146E-31,-1.));
#6602=DIRECTION('ref_axis',(1.,0.,0.));
#6603=DIRECTION('',(0.,0.,-1.));
#6604=DIRECTION('center_axis',(0.,0.,1.));
#6605=DIRECTION('ref_axis',(1.,0.,0.));
#6606=DIRECTION('center_axis',(0.,9.92992628457146E-31,-1.));
#6607=DIRECTION('ref_axis',(1.,0.,0.));
#6608=DIRECTION('',(0.,0.,-1.));
#6609=DIRECTION('center_axis',(0.,0.,1.));
#6610=DIRECTION('ref_axis',(1.,0.,0.));
#6611=DIRECTION('center_axis',(0.,9.92992628457146E-31,-1.));
#6612=DIRECTION('ref_axis',(1.,0.,0.));
#6613=DIRECTION('',(0.,0.,-1.));
#6614=DIRECTION('center_axis',(0.,0.,1.));
#6615=DIRECTION('ref_axis',(1.,0.,0.));
#6616=DIRECTION('center_axis',(0.,9.92992628457146E-31,-1.));
#6617=DIRECTION('ref_axis',(1.,0.,0.));
#6618=DIRECTION('',(0.,0.,-1.));
#6619=DIRECTION('center_axis',(0.,0.,1.));
#6620=DIRECTION('ref_axis',(1.,0.,0.));
#6621=DIRECTION('center_axis',(0.,9.92992628457146E-31,-1.));
#6622=DIRECTION('ref_axis',(1.,0.,0.));
#6623=DIRECTION('',(0.,0.,-1.));
#6624=DIRECTION('center_axis',(0.,0.,1.));
#6625=DIRECTION('ref_axis',(1.,0.,0.));
#6626=DIRECTION('center_axis',(0.,9.92992628457146E-31,-1.));
#6627=DIRECTION('ref_axis',(1.,0.,0.));
#6628=DIRECTION('',(0.,0.,-1.));
#6629=DIRECTION('center_axis',(0.,0.,1.));
#6630=DIRECTION('ref_axis',(1.,0.,0.));
#6631=DIRECTION('center_axis',(0.,9.92992628457146E-31,-1.));
#6632=DIRECTION('ref_axis',(1.,0.,0.));
#6633=DIRECTION('',(0.,0.,-1.));
#6634=DIRECTION('center_axis',(0.,0.,1.));
#6635=DIRECTION('ref_axis',(1.,0.,0.));
#6636=DIRECTION('center_axis',(0.,9.92992628457146E-31,-1.));
#6637=DIRECTION('ref_axis',(1.,0.,0.));
#6638=DIRECTION('',(0.,0.,-1.));
#6639=DIRECTION('center_axis',(0.,0.,1.));
#6640=DIRECTION('ref_axis',(1.,0.,0.));
#6641=DIRECTION('center_axis',(0.,9.92992628457146E-31,-1.));
#6642=DIRECTION('ref_axis',(1.,0.,0.));
#6643=DIRECTION('',(0.,0.,-1.));
#6644=DIRECTION('center_axis',(0.,0.,1.));
#6645=DIRECTION('ref_axis',(1.,0.,0.));
#6646=DIRECTION('center_axis',(0.,9.92992628457146E-31,-1.));
#6647=DIRECTION('ref_axis',(1.,0.,0.));
#6648=DIRECTION('',(0.,0.,-1.));
#6649=DIRECTION('center_axis',(0.,0.,1.));
#6650=DIRECTION('ref_axis',(1.,0.,0.));
#6651=DIRECTION('center_axis',(0.,9.92992628457146E-31,-1.));
#6652=DIRECTION('ref_axis',(1.,0.,0.));
#6653=DIRECTION('',(0.,0.,-1.));
#6654=DIRECTION('center_axis',(0.,0.,1.));
#6655=DIRECTION('ref_axis',(1.,0.,0.));
#6656=DIRECTION('center_axis',(0.,9.92992628457146E-31,-1.));
#6657=DIRECTION('ref_axis',(1.,0.,0.));
#6658=DIRECTION('',(0.,0.,-1.));
#6659=DIRECTION('center_axis',(0.,0.,1.));
#6660=DIRECTION('ref_axis',(1.,0.,0.));
#6661=DIRECTION('center_axis',(0.,9.92992628457146E-31,-1.));
#6662=DIRECTION('ref_axis',(1.,0.,0.));
#6663=DIRECTION('',(0.,0.,-1.));
#6664=DIRECTION('center_axis',(0.,0.,1.));
#6665=DIRECTION('ref_axis',(1.,0.,0.));
#6666=DIRECTION('center_axis',(0.,9.92992628457146E-31,-1.));
#6667=DIRECTION('ref_axis',(1.,0.,0.));
#6668=DIRECTION('',(0.,0.,-1.));
#6669=DIRECTION('center_axis',(0.,0.,1.));
#6670=DIRECTION('ref_axis',(1.,0.,0.));
#6671=DIRECTION('center_axis',(0.,9.92992628457146E-31,-1.));
#6672=DIRECTION('ref_axis',(1.,0.,0.));
#6673=DIRECTION('',(0.,0.,-1.));
#6674=DIRECTION('center_axis',(0.,0.,1.));
#6675=DIRECTION('ref_axis',(1.,0.,0.));
#6676=DIRECTION('center_axis',(0.,9.92992628457146E-31,-1.));
#6677=DIRECTION('ref_axis',(1.,0.,0.));
#6678=DIRECTION('',(0.,0.,-1.));
#6679=DIRECTION('center_axis',(1.,1.30112202116847E-16,0.));
#6680=DIRECTION('ref_axis',(-1.30112202116847E-16,1.,9.92992628457146E-31));
#6681=DIRECTION('',(-1.30112202116847E-16,1.,9.92992628457146E-31));
#6682=DIRECTION('',(0.,0.,1.));
#6683=DIRECTION('center_axis',(-7.21912863357988E-16,-1.,0.));
#6684=DIRECTION('ref_axis',(1.,-7.21912863357988E-16,-7.16854151702873E-46));
#6685=DIRECTION('',(1.,-7.21912863357988E-16,-7.16854151702873E-46));
#6686=DIRECTION('',(0.,0.,1.));
#6687=DIRECTION('',(0.,0.,1.));
#6688=DIRECTION('center_axis',(0.,0.,1.));
#6689=DIRECTION('ref_axis',(0.826689561782856,-0.562658305225533,0.));
#6690=DIRECTION('center_axis',(0.,9.92992628457146E-31,-1.));
#6691=DIRECTION('ref_axis',(0.826689561782856,-0.562658305225533,-5.58715549429145E-31));
#6692=DIRECTION('',(0.,0.,1.));
#6693=DIRECTION('center_axis',(-0.999995543139663,-0.00298558215592692,
0.));
#6694=DIRECTION('ref_axis',(0.00298558215592692,-0.999995543139663,-9.92988202827685E-31));
#6695=DIRECTION('',(0.00298558215592692,-0.999995543139663,-9.92988202827685E-31));
#6696=DIRECTION('',(0.,0.,1.));
#6697=DIRECTION('',(0.,0.,1.));
#6698=DIRECTION('center_axis',(-1.,-7.31881136907263E-17,0.));
#6699=DIRECTION('ref_axis',(7.31881136907263E-17,-1.,-9.92992628457146E-31));
#6700=DIRECTION('',(7.31881136907263E-17,-1.,-9.92992628457146E-31));
#6701=DIRECTION('center_axis',(0.,-9.92992628457146E-31,1.));
#6702=DIRECTION('ref_axis',(1.,0.,0.));
#6703=DIRECTION('axis',(0.,0.,1.));
#6704=DIRECTION('refdir',(1.,0.,0.));
#6705=DIRECTION('center_axis',(-1.,9.39017163142975E-17,-1.64176137801501E-32));
#6706=DIRECTION('ref_axis',(-9.39017163142975E-17,-1.,2.22044604925031E-16));
#6707=DIRECTION('',(-1.64176137801501E-32,0.,1.));
#6708=DIRECTION('',(-9.39017163142975E-17,-1.,-9.92992628457146E-31));
#6709=DIRECTION('',(0.,1.74838271594513E-16,1.));
#6710=DIRECTION('',(-9.39017163142975E-17,-1.,2.22044604925031E-16));
#6711=DIRECTION('center_axis',(0.,1.74838271594513E-16,1.));
#6712=DIRECTION('ref_axis',(1.,0.,0.));
#6713=DIRECTION('',(1.,0.,0.));
#6714=DIRECTION('',(-1.,0.,8.61076664047905E-16));
#6715=DIRECTION('',(9.39017163142975E-17,1.,-2.22044604925031E-16));
#6716=DIRECTION('center_axis',(-1.50549155652505E-31,1.,-1.74838271594513E-16));
#6717=DIRECTION('ref_axis',(-1.,0.,8.61076664047905E-16));
#6718=DIRECTION('',(-1.,-1.50549155652505E-31,-1.49494201783385E-61));
#6719=DIRECTION('',(0.,1.74838271594513E-16,1.));
#6720=DIRECTION('center_axis',(1.,-9.39017163142975E-17,1.64176137801501E-32));
#6721=DIRECTION('ref_axis',(9.39017163142975E-17,1.,-2.22044604925031E-16));
#6722=DIRECTION('',(1.64176137801501E-32,0.,-1.));
#6723=DIRECTION('',(9.39017163142975E-17,1.,9.92992628457146E-31));
#6724=DIRECTION('center_axis',(0.,-1.,0.));
#6725=DIRECTION('ref_axis',(1.,0.,0.));
#6726=DIRECTION('',(-1.,0.,0.));
#6727=DIRECTION('',(0.,0.,1.));
#6728=DIRECTION('',(1.,0.,0.));
#6729=DIRECTION('',(0.,0.,1.));
#6730=DIRECTION('',(-1.,0.,0.));
#6731=DIRECTION('center_axis',(0.,0.,1.));
#6732=DIRECTION('ref_axis',(1.,0.,0.));
#6733=DIRECTION('center_axis',(0.,9.92992628457146E-31,-1.));
#6734=DIRECTION('ref_axis',(1.,0.,0.));
#6735=DIRECTION('',(0.,0.,-1.));
#6736=DIRECTION('center_axis',(0.,9.92992628457146E-31,-1.));
#6737=DIRECTION('ref_axis',(1.,0.,0.));
#6738=DIRECTION('center_axis',(0.,0.,1.));
#6739=DIRECTION('ref_axis',(1.,0.,0.));
#6740=DIRECTION('center_axis',(0.,9.92992628457146E-31,-1.));
#6741=DIRECTION('ref_axis',(1.,0.,0.));
#6742=DIRECTION('',(0.,0.,-1.));
#6743=DIRECTION('center_axis',(0.,9.92992628457146E-31,-1.));
#6744=DIRECTION('ref_axis',(1.,0.,0.));
#6745=DIRECTION('center_axis',(0.,0.,1.));
#6746=DIRECTION('ref_axis',(1.,0.,0.));
#6747=DIRECTION('center_axis',(0.,9.92992628457146E-31,-1.));
#6748=DIRECTION('ref_axis',(1.,0.,0.));
#6749=DIRECTION('',(0.,0.,-1.));
#6750=DIRECTION('center_axis',(0.,9.92992628457146E-31,-1.));
#6751=DIRECTION('ref_axis',(1.,0.,0.));
#6752=DIRECTION('center_axis',(0.,0.,1.));
#6753=DIRECTION('ref_axis',(1.,0.,0.));
#6754=DIRECTION('center_axis',(0.,9.92992628457146E-31,-1.));
#6755=DIRECTION('ref_axis',(1.,0.,0.));
#6756=DIRECTION('',(0.,0.,-1.));
#6757=DIRECTION('center_axis',(0.,9.92992628457146E-31,-1.));
#6758=DIRECTION('ref_axis',(1.,0.,0.));
#6759=DIRECTION('center_axis',(0.,0.,1.));
#6760=DIRECTION('ref_axis',(1.,0.,0.));
#6761=DIRECTION('center_axis',(0.,9.92992628457146E-31,-1.));
#6762=DIRECTION('ref_axis',(1.,0.,0.));
#6763=DIRECTION('',(0.,0.,-1.));
#6764=DIRECTION('center_axis',(0.,9.92992628457146E-31,-1.));
#6765=DIRECTION('ref_axis',(1.,0.,0.));
#6766=DIRECTION('center_axis',(0.,0.,1.));
#6767=DIRECTION('ref_axis',(1.,0.,0.));
#6768=DIRECTION('center_axis',(0.,9.92992628457146E-31,-1.));
#6769=DIRECTION('ref_axis',(1.,0.,0.));
#6770=DIRECTION('',(0.,0.,-1.));
#6771=DIRECTION('center_axis',(0.,9.92992628457146E-31,-1.));
#6772=DIRECTION('ref_axis',(1.,0.,0.));
#6773=DIRECTION('center_axis',(0.,0.,1.));
#6774=DIRECTION('ref_axis',(1.,0.,0.));
#6775=DIRECTION('center_axis',(0.,9.92992628457146E-31,-1.));
#6776=DIRECTION('ref_axis',(1.,0.,0.));
#6777=DIRECTION('',(0.,0.,-1.));
#6778=DIRECTION('center_axis',(0.,9.92992628457146E-31,-1.));
#6779=DIRECTION('ref_axis',(1.,0.,0.));
#6780=DIRECTION('center_axis',(0.,0.,1.));
#6781=DIRECTION('ref_axis',(1.,0.,0.));
#6782=DIRECTION('center_axis',(0.,9.92992628457146E-31,-1.));
#6783=DIRECTION('ref_axis',(1.,0.,0.));
#6784=DIRECTION('',(0.,0.,-1.));
#6785=DIRECTION('center_axis',(0.,9.92992628457146E-31,-1.));
#6786=DIRECTION('ref_axis',(1.,0.,0.));
#6787=DIRECTION('center_axis',(0.,0.,1.));
#6788=DIRECTION('ref_axis',(1.,0.,0.));
#6789=DIRECTION('center_axis',(0.,9.92992628457146E-31,-1.));
#6790=DIRECTION('ref_axis',(1.,0.,0.));
#6791=DIRECTION('',(0.,0.,-1.));
#6792=DIRECTION('center_axis',(0.,9.92992628457146E-31,-1.));
#6793=DIRECTION('ref_axis',(1.,0.,0.));
#6794=DIRECTION('center_axis',(0.,0.,1.));
#6795=DIRECTION('ref_axis',(1.,0.,0.));
#6796=DIRECTION('center_axis',(0.,9.92992628457146E-31,-1.));
#6797=DIRECTION('ref_axis',(1.,0.,0.));
#6798=DIRECTION('',(0.,0.,-1.));
#6799=DIRECTION('center_axis',(0.,9.92992628457146E-31,-1.));
#6800=DIRECTION('ref_axis',(1.,0.,0.));
#6801=DIRECTION('center_axis',(0.,0.,1.));
#6802=DIRECTION('ref_axis',(1.,0.,0.));
#6803=DIRECTION('center_axis',(0.,9.92992628457146E-31,-1.));
#6804=DIRECTION('ref_axis',(1.,0.,0.));
#6805=DIRECTION('',(0.,0.,-1.));
#6806=DIRECTION('center_axis',(0.,9.92992628457146E-31,-1.));
#6807=DIRECTION('ref_axis',(1.,0.,0.));
#6808=DIRECTION('center_axis',(0.,0.,1.));
#6809=DIRECTION('ref_axis',(1.,0.,0.));
#6810=DIRECTION('center_axis',(0.,9.92992628457146E-31,-1.));
#6811=DIRECTION('ref_axis',(1.,0.,0.));
#6812=DIRECTION('',(0.,0.,-1.));
#6813=DIRECTION('center_axis',(0.,9.92992628457146E-31,-1.));
#6814=DIRECTION('ref_axis',(1.,0.,0.));
#6815=DIRECTION('center_axis',(0.,0.,1.));
#6816=DIRECTION('ref_axis',(1.,0.,0.));
#6817=DIRECTION('center_axis',(0.,9.92992628457146E-31,-1.));
#6818=DIRECTION('ref_axis',(1.,0.,0.));
#6819=DIRECTION('',(0.,0.,-1.));
#6820=DIRECTION('center_axis',(0.,9.92992628457146E-31,-1.));
#6821=DIRECTION('ref_axis',(1.,0.,0.));
#6822=DIRECTION('center_axis',(0.,0.,1.));
#6823=DIRECTION('ref_axis',(1.,0.,0.));
#6824=DIRECTION('center_axis',(0.,9.92992628457146E-31,-1.));
#6825=DIRECTION('ref_axis',(1.,0.,0.));
#6826=DIRECTION('',(0.,0.,-1.));
#6827=DIRECTION('center_axis',(0.,9.92992628457146E-31,-1.));
#6828=DIRECTION('ref_axis',(1.,0.,0.));
#6829=DIRECTION('center_axis',(0.,0.,1.));
#6830=DIRECTION('ref_axis',(1.,0.,0.));
#6831=DIRECTION('center_axis',(0.,9.92992628457146E-31,-1.));
#6832=DIRECTION('ref_axis',(1.,0.,0.));
#6833=DIRECTION('',(0.,0.,-1.));
#6834=DIRECTION('center_axis',(0.,9.92992628457146E-31,-1.));
#6835=DIRECTION('ref_axis',(1.,0.,0.));
#6836=DIRECTION('center_axis',(0.,0.,1.));
#6837=DIRECTION('ref_axis',(1.,0.,0.));
#6838=DIRECTION('center_axis',(0.,9.92992628457146E-31,-1.));
#6839=DIRECTION('ref_axis',(1.,0.,0.));
#6840=DIRECTION('',(0.,0.,-1.));
#6841=DIRECTION('center_axis',(0.,9.92992628457146E-31,-1.));
#6842=DIRECTION('ref_axis',(1.,0.,0.));
#6843=DIRECTION('center_axis',(0.,0.,1.));
#6844=DIRECTION('ref_axis',(1.,0.,0.));
#6845=DIRECTION('center_axis',(0.,9.92992628457146E-31,-1.));
#6846=DIRECTION('ref_axis',(1.,0.,0.));
#6847=DIRECTION('',(0.,0.,-1.));
#6848=DIRECTION('center_axis',(0.,9.92992628457146E-31,-1.));
#6849=DIRECTION('ref_axis',(1.,0.,0.));
#6850=DIRECTION('center_axis',(0.,0.,1.));
#6851=DIRECTION('ref_axis',(1.,0.,0.));
#6852=DIRECTION('center_axis',(0.,9.92992628457146E-31,-1.));
#6853=DIRECTION('ref_axis',(1.,0.,0.));
#6854=DIRECTION('',(0.,0.,-1.));
#6855=DIRECTION('center_axis',(0.,9.92992628457146E-31,-1.));
#6856=DIRECTION('ref_axis',(1.,0.,0.));
#6857=DIRECTION('center_axis',(0.,0.,1.));
#6858=DIRECTION('ref_axis',(1.,0.,0.));
#6859=DIRECTION('center_axis',(0.,9.92992628457146E-31,-1.));
#6860=DIRECTION('ref_axis',(1.,0.,0.));
#6861=DIRECTION('',(0.,0.,-1.));
#6862=DIRECTION('center_axis',(0.,9.92992628457146E-31,-1.));
#6863=DIRECTION('ref_axis',(1.,0.,0.));
#6864=DIRECTION('center_axis',(1.,2.151855650394E-16,0.));
#6865=DIRECTION('ref_axis',(-2.151855650394E-16,1.,9.92992628457146E-31));
#6866=DIRECTION('',(2.151855650394E-16,-1.,-9.92992628457146E-31));
#6867=DIRECTION('',(0.,0.,1.));
#6868=DIRECTION('',(-2.151855650394E-16,1.,9.92992628457146E-31));
#6869=DIRECTION('center_axis',(-1.,-6.72454890748126E-17,0.));
#6870=DIRECTION('ref_axis',(6.72454890748126E-17,-1.,-9.92992628457146E-31));
#6871=DIRECTION('',(-6.72454890748126E-17,1.,9.92992628457146E-31));
#6872=DIRECTION('',(6.72454890748126E-17,-1.,-9.92992628457146E-31));
#6873=DIRECTION('',(0.,0.,1.));
#6874=DIRECTION('center_axis',(-2.4063762111933E-16,1.,0.));
#6875=DIRECTION('ref_axis',(-1.,-2.4063762111933E-16,-2.38951383900958E-46));
#6876=DIRECTION('',(1.,2.4063762111933E-16,2.38951383900958E-46));
#6877=DIRECTION('',(-1.,-2.4063762111933E-16,-2.38951383900958E-46));
#6878=DIRECTION('center_axis',(0.,-9.92992628457146E-31,1.));
#6879=DIRECTION('ref_axis',(1.,0.,0.));
#6880=DIRECTION('center_axis',(0.,-9.92992628457146E-31,1.));
#6881=DIRECTION('ref_axis',(1.,0.,0.));
#6882=DIRECTION('',(1.22464679914735E-16,-1.00799022628376E-30,-1.));
#6883=DIRECTION('',(1.,-1.22464679914735E-16,1.22464679914735E-16));
#6884=DIRECTION('',(-1.22464679914735E-16,1.02298782411038E-30,-1.));
#6885=DIRECTION('',(-1.,2.44929359829471E-16,1.22464679914735E-16));
#6886=DIRECTION('',(1.22464679914735E-16,-1.00799022628376E-30,-1.));
#6887=DIRECTION('',(1.,-1.22464679914735E-16,1.22464679914735E-16));
#6888=DIRECTION('axis',(0.,0.,1.));
#6889=DIRECTION('refdir',(1.,0.,0.));
#6890=DIRECTION('axis',(0.,0.,1.));
#6891=DIRECTION('refdir',(1.,0.,0.));
#6892=DIRECTION('center_axis',(-1.,-2.22044604925031E-16,4.93038065763132E-32));
#6893=DIRECTION('ref_axis',(2.22044604925031E-16,-1.,2.22044604925031E-16));
#6894=DIRECTION('center_axis',(1.,2.22044604925031E-16,-4.93038065763132E-32));
#6895=DIRECTION('ref_axis',(2.22044604925031E-16,-1.,2.22044604925031E-16));
#6896=DIRECTION('',(1.,2.22044604925031E-16,-4.93038065763132E-32));
#6897=DIRECTION('center_axis',(1.,2.22044604925031E-16,-4.93038065763132E-32));
#6898=DIRECTION('ref_axis',(2.22044604925031E-16,-1.,2.22044604925031E-16));
#6899=DIRECTION('center_axis',(-1.,-2.22044604925031E-16,4.93038065763132E-32));
#6900=DIRECTION('ref_axis',(2.22044604925031E-16,-1.,2.22044604925031E-16));
#6901=DIRECTION('center_axis',(1.,2.22044604925031E-16,-4.93038065763132E-32));
#6902=DIRECTION('ref_axis',(2.22044604925031E-16,-1.,2.22044604925031E-16));
#6903=DIRECTION('',(1.,2.22044604925031E-16,-4.93038065763132E-32));
#6904=DIRECTION('center_axis',(1.,2.22044604925031E-16,-4.93038065763132E-32));
#6905=DIRECTION('ref_axis',(2.22044604925031E-16,-1.,2.22044604925031E-16));
#6906=DIRECTION('center_axis',(-1.,-2.22044604925031E-16,4.93038065763132E-32));
#6907=DIRECTION('ref_axis',(2.22044604925031E-16,-1.,2.22044604925031E-16));
#6908=DIRECTION('center_axis',(1.,2.22044604925031E-16,-4.93038065763132E-32));
#6909=DIRECTION('ref_axis',(2.22044604925031E-16,-1.,2.22044604925031E-16));
#6910=DIRECTION('',(1.,2.22044604925031E-16,-4.93038065763132E-32));
#6911=DIRECTION('center_axis',(1.,2.22044604925031E-16,-4.93038065763132E-32));
#6912=DIRECTION('ref_axis',(2.22044604925031E-16,-1.,2.22044604925031E-16));
#6913=DIRECTION('center_axis',(-1.,-2.22044604925031E-16,4.93038065763132E-32));
#6914=DIRECTION('ref_axis',(2.22044604925031E-16,-1.,2.22044604925031E-16));
#6915=DIRECTION('center_axis',(1.,2.22044604925031E-16,-4.93038065763132E-32));
#6916=DIRECTION('ref_axis',(2.22044604925031E-16,-1.,2.22044604925031E-16));
#6917=DIRECTION('',(1.,2.22044604925031E-16,-4.93038065763132E-32));
#6918=DIRECTION('center_axis',(1.,2.22044604925031E-16,-4.93038065763132E-32));
#6919=DIRECTION('ref_axis',(2.22044604925031E-16,-1.,2.22044604925031E-16));
#6920=DIRECTION('center_axis',(-1.,-2.22044604925031E-16,4.93038065763132E-32));
#6921=DIRECTION('ref_axis',(2.22044604925031E-16,-1.,2.22044604925031E-16));
#6922=DIRECTION('center_axis',(1.,2.22044604925031E-16,-4.93038065763132E-32));
#6923=DIRECTION('ref_axis',(2.22044604925031E-16,-1.,2.22044604925031E-16));
#6924=DIRECTION('',(1.,2.22044604925031E-16,-4.93038065763132E-32));
#6925=DIRECTION('center_axis',(1.,2.22044604925031E-16,-4.93038065763132E-32));
#6926=DIRECTION('ref_axis',(2.22044604925031E-16,-1.,2.22044604925031E-16));
#6927=DIRECTION('center_axis',(1.16704053360647E-17,-0.0525588331227639,
-0.99861782933251));
#6928=DIRECTION('ref_axis',(2.21737701385229E-16,-0.99861782933251,0.0525588331227639));
#6929=DIRECTION('',(-2.21737701385229E-16,0.99861782933251,-0.0525588331227639));
#6930=DIRECTION('',(-1.,-2.22044604925031E-16,4.93038065763132E-32));
#6931=DIRECTION('',(2.21737701385229E-16,-0.99861782933251,0.0525588331227639));
#6932=DIRECTION('',(-1.,-2.22044604925031E-16,4.93038065763132E-32));
#6933=DIRECTION('center_axis',(-2.22044604925031E-16,1.,-2.22044604925031E-16));
#6934=DIRECTION('ref_axis',(0.,-2.22044604925031E-16,-1.));
#6935=DIRECTION('',(0.,-2.22044604925031E-16,-1.));
#6936=DIRECTION('',(0.,-2.22044604925031E-16,-1.));
#6937=DIRECTION('',(-1.,-2.22044604925031E-16,4.93038065763132E-32));
#6938=DIRECTION('center_axis',(-2.10062219089299E-16,0.946036131615187,
0.324061163483952));
#6939=DIRECTION('ref_axis',(-7.19560330173402E-17,0.324061163483952,-0.946036131615187));
#6940=DIRECTION('',(7.19560330173402E-17,-0.324061163483952,0.946036131615187));
#6941=DIRECTION('',(-7.19560330173402E-17,0.324061163483952,-0.946036131615187));
#6942=DIRECTION('',(-1.,-2.22044604925031E-16,4.93038065763132E-32));
#6943=DIRECTION('center_axis',(0.,2.22044604925031E-16,1.));
#6944=DIRECTION('ref_axis',(-2.22044604925031E-16,1.,-2.22044604925031E-16));
#6945=DIRECTION('',(-2.22044604925031E-16,1.,-2.22044604925031E-16));
#6946=DIRECTION('',(-2.22044604925031E-16,1.,-2.22044604925031E-16));
#6947=DIRECTION('',(-1.,-2.22044604925031E-16,4.93038065763132E-32));
#6948=DIRECTION('center_axis',(2.21480322932951E-16,-0.997458699830735,
0.0712470499879096));
#6949=DIRECTION('ref_axis',(-1.58200230666393E-17,0.0712470499879096,0.997458699830735));
#6950=DIRECTION('',(1.58200230666393E-17,-0.0712470499879096,-0.997458699830735));
#6951=DIRECTION('',(-1.58200230666393E-17,0.0712470499879096,0.997458699830735));
#6952=DIRECTION('',(-1.,-2.22044604925031E-16,4.93038065763132E-32));
#6953=DIRECTION('',(-1.,-2.22044604925031E-16,4.93038065763132E-32));
#6954=DIRECTION('center_axis',(-2.22044604925031E-16,1.,-2.22044604925031E-16));
#6955=DIRECTION('ref_axis',(0.,-2.22044604925031E-16,-1.));
#6956=DIRECTION('',(0.,-2.22044604925031E-16,-1.));
#6957=DIRECTION('',(0.,-2.22044604925031E-16,-1.));
#6958=DIRECTION('',(-1.,-2.22044604925031E-16,4.93038065763132E-32));
#6959=DIRECTION('center_axis',(0.,-2.22044604925031E-16,-1.));
#6960=DIRECTION('ref_axis',(2.22044604925031E-16,-1.,2.22044604925031E-16));
#6961=DIRECTION('',(2.22044604925031E-16,-1.,2.22044604925031E-16));
#6962=DIRECTION('',(2.22044604925031E-16,-1.,2.22044604925031E-16));
#6963=DIRECTION('',(-1.,-2.22044604925031E-16,4.93038065763132E-32));
#6964=DIRECTION('center_axis',(2.22044604925031E-16,-1.,2.22044604925031E-16));
#6965=DIRECTION('ref_axis',(0.,2.22044604925031E-16,1.));
#6966=DIRECTION('',(0.,2.22044604925031E-16,1.));
#6967=DIRECTION('',(0.,2.22044604925031E-16,1.));
#6968=DIRECTION('center_axis',(-1.,-2.22044604925031E-16,4.93038065763132E-32));
#6969=DIRECTION('ref_axis',(2.22044604925031E-16,-1.,2.22044604925031E-16));
#6970=DIRECTION('center_axis',(-1.,-2.22044604925031E-16,4.93038065763132E-32));
#6971=DIRECTION('ref_axis',(2.22044604925031E-16,-1.,2.22044604925031E-16));
#6972=DIRECTION('axis',(0.,0.,1.));
#6973=DIRECTION('refdir',(1.,0.,0.));
#6974=DIRECTION('center_axis',(1.6546232571213E-9,-1.,2.19306826802025E-16));
#6975=DIRECTION('ref_axis',(1.,1.6546232571213E-9,-1.6546232571213E-9));
#6976=DIRECTION('center_axis',(-1.6546232571213E-9,1.,-2.19306826802025E-16));
#6977=DIRECTION('ref_axis',(1.,1.6546232571213E-9,-1.6546232571213E-9));
#6978=DIRECTION('',(-1.6546232571213E-9,1.,-2.19306826802025E-16));
#6979=DIRECTION('center_axis',(-1.6546232571213E-9,1.,-2.19306826802025E-16));
#6980=DIRECTION('ref_axis',(1.,1.6546232571213E-9,-1.6546232571213E-9));
#6981=DIRECTION('center_axis',(1.6546232571213E-9,-1.,2.19306826802025E-16));
#6982=DIRECTION('ref_axis',(1.,1.6546232571213E-9,-1.6546232571213E-9));
#6983=DIRECTION('center_axis',(-1.6546232571213E-9,1.,-2.19306826802025E-16));
#6984=DIRECTION('ref_axis',(1.,1.6546232571213E-9,-1.6546232571213E-9));
#6985=DIRECTION('',(-1.6546232571213E-9,1.,-2.19306826802025E-16));
#6986=DIRECTION('center_axis',(-1.6546232571213E-9,1.,-2.19306826802025E-16));
#6987=DIRECTION('ref_axis',(1.,1.6546232571213E-9,-1.6546232571213E-9));
#6988=DIRECTION('center_axis',(1.6546232571213E-9,-1.,2.19306826802025E-16));
#6989=DIRECTION('ref_axis',(9.86075795742838E-13,-2.1930519521808E-16,-1.));
#6990=DIRECTION('center_axis',(1.6546232571213E-9,-1.,2.19306826802025E-16));
#6991=DIRECTION('ref_axis',(9.86075795742838E-13,-2.1930519521808E-16,-1.));
#6992=DIRECTION('',(1.6546232571213E-9,-1.,2.19306826802025E-16));
#6993=DIRECTION('center_axis',(-1.6546232571213E-9,1.,-2.19306826802025E-16));
#6994=DIRECTION('ref_axis',(9.86075795742838E-13,-2.1930519521808E-16,-1.));
#6995=DIRECTION('',(1.6546232571213E-9,-1.,2.19306826802025E-16));
#6996=DIRECTION('center_axis',(-1.,-1.6546232571213E-9,1.6546232571213E-9));
#6997=DIRECTION('ref_axis',(-1.6546232571213E-9,-2.22044604925031E-16,-1.));
#6998=DIRECTION('',(1.6546232571213E-9,2.22044604925031E-16,1.));
#6999=DIRECTION('',(-1.6546232571213E-9,-2.22044604925031E-16,-1.));
#7000=DIRECTION('',(1.6546232571213E-9,-1.,2.19306826802025E-16));
#7001=DIRECTION('center_axis',(-4.98817259462777E-10,2.18481472163464E-16,
1.));
#7002=DIRECTION('ref_axis',(-1.,-1.6546232571213E-9,-4.98817259462777E-10));
#7003=DIRECTION('',(-1.,-1.6546232571213E-9,-4.98817259462777E-10));
#7004=DIRECTION('',(-1.,-1.6546232571213E-9,-4.98817259462777E-10));
#7005=DIRECTION('',(1.6546232571213E-9,-1.,2.19306826802025E-16));
#7006=DIRECTION('center_axis',(1.,1.6546232571213E-9,4.389371613133E-17));
#7007=DIRECTION('ref_axis',(-4.38937165449203E-17,2.19306826729397E-16,
1.));
#7008=DIRECTION('',(4.38937165449203E-17,-2.19306826729397E-16,-1.));
#7009=DIRECTION('',(-4.38937165449203E-17,2.19306826729397E-16,1.));
#7010=DIRECTION('',(1.6546232571213E-9,-1.,2.19306826802025E-16));
#7011=DIRECTION('center_axis',(5.44288591725233E-11,2.1939688605827E-16,
1.));
#7012=DIRECTION('ref_axis',(-1.,-1.6546232571213E-9,5.44288591725237E-11));
#7013=DIRECTION('',(1.,1.6546232571213E-9,-5.44288591725237E-11));
#7014=DIRECTION('',(-1.,-1.6546232571213E-9,5.44288591725237E-11));
#7015=DIRECTION('',(1.6546232571213E-9,-1.,2.19306826802025E-16));
#7016=DIRECTION('center_axis',(-1.,-1.6546232571213E-9,-4.38937181992815E-17));
#7017=DIRECTION('ref_axis',(4.38937186128718E-17,-2.19306826729397E-16,
-1.));
#7018=DIRECTION('',(-4.38937186128718E-17,2.19306826729397E-16,1.));
#7019=DIRECTION('',(4.38937186128718E-17,-2.19306826729397E-16,-1.));
#7020=DIRECTION('',(1.6546232571213E-9,-1.,2.19306826802025E-16));
#7021=DIRECTION('center_axis',(-4.98817259462777E-10,2.18481472163464E-16,
1.));
#7022=DIRECTION('ref_axis',(-1.,-1.6546232571213E-9,-4.98817259462777E-10));
#7023=DIRECTION('',(-1.,-1.6546232571213E-9,-4.98817259462777E-10));
#7024=DIRECTION('',(-1.,-1.6546232571213E-9,-4.98817259462777E-10));
#7025=DIRECTION('',(1.6546232571213E-9,-1.,2.19306826802025E-16));
#7026=DIRECTION('center_axis',(1.6546232571213E-9,-1.,2.19306826802025E-16));
#7027=DIRECTION('ref_axis',(0.757656956077919,1.25363696357751E-9,0.652652998849114));
#7028=DIRECTION('center_axis',(1.6546232571213E-9,-1.,2.19306826802025E-16));
#7029=DIRECTION('ref_axis',(0.757656956077919,1.25363696357751E-9,0.652652998849114));
#7030=DIRECTION('center_axis',(1.6546232571213E-9,-1.,2.19306826802025E-16));
#7031=DIRECTION('ref_axis',(0.757656956077919,1.25363696357751E-9,0.652652998849114));
#7032=DIRECTION('',(1.6546232571213E-9,-1.,2.19306826802025E-16));
#7033=DIRECTION('center_axis',(0.757656956084922,1.2536369635891E-9,0.652652998840985));
#7034=DIRECTION('ref_axis',(-0.652652998840985,-1.07989466455291E-9,0.757656956084922));
#7035=DIRECTION('',(-0.652652998840985,-1.07989466455291E-9,0.757656956084922));
#7036=DIRECTION('',(-0.652652998840985,-1.07989466455291E-9,0.757656956084922));
#7037=DIRECTION('',(1.6546232571213E-9,-1.,2.19306826802025E-16));
#7038=DIRECTION('center_axis',(1.6546232571213E-9,-1.,2.19306826802025E-16));
#7039=DIRECTION('ref_axis',(0.999318499351524,1.65349562220341E-9,-0.0369125568583105));
#7040=DIRECTION('center_axis',(1.6546232571213E-9,-1.,2.19306826802025E-16));
#7041=DIRECTION('ref_axis',(0.999318499351524,1.65349562220341E-9,-0.0369125568583105));
#7042=DIRECTION('center_axis',(1.6546232571213E-9,-1.,2.19306826802025E-16));
#7043=DIRECTION('ref_axis',(0.999318499351524,1.65349562220341E-9,-0.0369125568583105));
#7044=DIRECTION('',(1.6546232571213E-9,-1.,2.19306826802025E-16));
#7045=DIRECTION('',(1.6546232571213E-9,-1.,2.19306826802025E-16));
#7046=DIRECTION('center_axis',(1.,1.6546232571213E-9,-3.92317689944109E-14));
#7047=DIRECTION('ref_axis',(3.92317689939973E-14,2.19306891715822E-16,1.));
#7048=DIRECTION('',(3.92317689939973E-14,2.19306891715822E-16,1.));
#7049=DIRECTION('',(3.92317689939973E-14,2.19306891715822E-16,1.));
#7050=DIRECTION('',(1.6546232571213E-9,-1.,2.19306826802025E-16));
#7051=DIRECTION('center_axis',(-1.23917721062285E-17,-2.19306826822528E-16,
-1.));
#7052=DIRECTION('ref_axis',(1.,1.6546232571213E-9,-1.23917725198188E-17));
#7053=DIRECTION('',(1.,1.6546232571213E-9,-1.23917725198188E-17));
#7054=DIRECTION('',(1.,1.6546232571213E-9,-1.23917725198188E-17));
#7055=DIRECTION('',(1.6546232571213E-9,-1.,2.19306826802025E-16));
#7056=DIRECTION('center_axis',(-1.65462326744777E-9,-2.22044604942118E-16,
-1.));
#7057=DIRECTION('ref_axis',(1.,1.6546232571213E-9,-1.65462326744777E-9));
#7058=DIRECTION('',(-1.,-1.6546232571213E-9,1.65462326744777E-9));
#7059=DIRECTION('',(1.,1.6546232571213E-9,-1.65462326744777E-9));
#7060=DIRECTION('',(1.6546232571213E-9,-1.,2.19306826802025E-16));
#7061=DIRECTION('center_axis',(-1.,-1.6546232571213E-9,1.6546232571213E-9));
#7062=DIRECTION('ref_axis',(-1.6546232571213E-9,-2.22044604925031E-16,-1.));
#7063=DIRECTION('',(1.6546232571213E-9,2.22044604925031E-16,1.));
#7064=DIRECTION('',(-1.6546232571213E-9,-2.22044604925031E-16,-1.));
#7065=DIRECTION('',(1.6546232571213E-9,-1.,2.19306826802025E-16));
#7066=DIRECTION('',(1.6546232571213E-9,-1.,2.19306826802025E-16));
#7067=DIRECTION('center_axis',(1.6546232571213E-9,-1.,2.19306826802025E-16));
#7068=DIRECTION('ref_axis',(-0.757656955003976,-1.25363667553802E-9,0.652653000095842));
#7069=DIRECTION('center_axis',(1.6546232571213E-9,-1.,2.19306826802025E-16));
#7070=DIRECTION('ref_axis',(-0.757656955003976,-1.25363667553802E-9,0.652653000095842));
#7071=DIRECTION('center_axis',(1.6546232571213E-9,-1.,2.19306826802025E-16));
#7072=DIRECTION('ref_axis',(-0.757656955003976,-1.25363667553802E-9,0.652653000095842));
#7073=DIRECTION('',(1.6546232571213E-9,-1.,2.19306826802025E-16));
#7074=DIRECTION('center_axis',(-0.757656955005582,-1.25363667554068E-9,
0.652653000093978));
#7075=DIRECTION('ref_axis',(-0.652653000093978,-1.07989499894483E-9,-0.757656955005582));
#7076=DIRECTION('',(0.652653000093978,1.07989499894483E-9,0.757656955005582));
#7077=DIRECTION('',(-0.652653000093978,-1.07989499894483E-9,-0.757656955005582));
#7078=DIRECTION('',(1.6546232571213E-9,-1.,2.19306826802025E-16));
#7079=DIRECTION('center_axis',(1.6546232571213E-9,-1.,2.19306826802025E-16));
#7080=DIRECTION('ref_axis',(1.62220334609592E-9,2.21990962186255E-16,1.));
#7081=DIRECTION('center_axis',(1.6546232571213E-9,-1.,2.19306826802025E-16));
#7082=DIRECTION('ref_axis',(1.62220334609592E-9,2.21990962186255E-16,1.));
#7083=DIRECTION('center_axis',(1.6546232571213E-9,-1.,2.19306826802025E-16));
#7084=DIRECTION('ref_axis',(1.62220334609592E-9,2.21990962186255E-16,1.));
#7085=DIRECTION('',(1.6546232571213E-9,-1.,2.19306826802025E-16));
#7086=DIRECTION('center_axis',(2.3438627724117E-9,2.23185036656758E-16,
1.));
#7087=DIRECTION('ref_axis',(-1.,-1.6546232571213E-9,2.3438627724117E-9));
#7088=DIRECTION('',(1.,1.6546232571213E-9,-2.3438627724117E-9));
#7089=DIRECTION('',(-1.,-1.6546232571213E-9,2.3438627724117E-9));
#7090=DIRECTION('',(1.6546232571213E-9,-1.,2.19306826802025E-16));
#7091=DIRECTION('center_axis',(1.,1.6546232571213E-9,-1.65462280953532E-9));
#7092=DIRECTION('ref_axis',(1.65462280953532E-9,2.22044604184445E-16,1.));
#7093=DIRECTION('',(1.65462280953532E-9,2.22044604184445E-16,1.));
#7094=DIRECTION('',(1.65462280953532E-9,2.22044604184445E-16,1.));
#7095=DIRECTION('',(1.6546232571213E-9,-1.,2.19306826802025E-16));
#7096=DIRECTION('center_axis',(1.62740829984547E-9,2.21999574423781E-16,
1.));
#7097=DIRECTION('ref_axis',(-1.,-1.6546232571213E-9,1.62740829984547E-9));
#7098=DIRECTION('',(-1.,-1.6546232571213E-9,1.62740829984547E-9));
#7099=DIRECTION('',(-1.,-1.6546232571213E-9,1.62740829984547E-9));
#7100=DIRECTION('',(1.6546232571213E-9,-1.,2.19306826802025E-16));
#7101=DIRECTION('center_axis',(-1.,-1.6546232571213E-9,1.6546232571213E-9));
#7102=DIRECTION('ref_axis',(-1.6546232571213E-9,-2.22044604925031E-16,-1.));
#7103=DIRECTION('',(-1.6546232571213E-9,-2.22044604925031E-16,-1.));
#7104=DIRECTION('',(-1.6546232571213E-9,-2.22044604925031E-16,-1.));
#7105=DIRECTION('',(1.6546232571213E-9,-1.,2.19306826802025E-16));
#7106=DIRECTION('center_axis',(2.3438627724117E-9,2.23185036656758E-16,
1.));
#7107=DIRECTION('ref_axis',(-1.,-1.6546232571213E-9,2.3438627724117E-9));
#7108=DIRECTION('',(1.,1.6546232571213E-9,-2.3438627724117E-9));
#7109=DIRECTION('',(-1.,-1.6546232571213E-9,2.3438627724117E-9));
#7110=DIRECTION('',(1.6546232571213E-9,-1.,2.19306826802025E-16));
#7111=DIRECTION('center_axis',(1.,1.6546232571213E-9,6.12203172429492E-16));
#7112=DIRECTION('ref_axis',(-6.12203172843082E-16,2.19306825789059E-16,
1.));
#7113=DIRECTION('',(-6.12203172843082E-16,2.19306825789059E-16,1.));
#7114=DIRECTION('',(-6.12203172843082E-16,2.19306825789059E-16,1.));
#7115=DIRECTION('',(1.6546232571213E-9,-1.,2.19306826802025E-16));
#7116=DIRECTION('center_axis',(1.6546232571213E-9,-1.,2.19306826802025E-16));
#7117=DIRECTION('ref_axis',(-1.,-1.6546232571213E-9,-1.41257268906545E-13));
#7118=DIRECTION('center_axis',(1.6546232571213E-9,-1.,2.19306826802025E-16));
#7119=DIRECTION('ref_axis',(-1.,-1.6546232571213E-9,-1.41257268906545E-13));
#7120=DIRECTION('center_axis',(-1.6546232571213E-9,1.,-2.19306826802025E-16));
#7121=DIRECTION('ref_axis',(-1.,-1.6546232571213E-9,-1.41257268906545E-13));
#7122=DIRECTION('',(1.6546232571213E-9,-1.,2.19306826802025E-16));
#7123=DIRECTION('center_axis',(1.65448946728473E-9,2.22044383553256E-16,
1.));
#7124=DIRECTION('ref_axis',(-1.,-1.6546232571213E-9,1.65448946728473E-9));
#7125=DIRECTION('',(1.,1.6546232571213E-9,-1.65448946728473E-9));
#7126=DIRECTION('',(-1.,-1.6546232571213E-9,1.65448946728473E-9));
#7127=DIRECTION('',(1.6546232571213E-9,-1.,2.19306826802025E-16));
#7128=DIRECTION('center_axis',(4.50990260447947E-13,2.19307573020998E-16,
1.));
#7129=DIRECTION('ref_axis',(-1.,-1.6546232571213E-9,4.50990260448361E-13));
#7130=DIRECTION('',(-1.,-1.6546232571213E-9,4.50990260448361E-13));
#7131=DIRECTION('',(-1.,-1.6546232571213E-9,4.50990260448361E-13));
#7132=DIRECTION('center_axis',(1.6546232571213E-9,-1.,2.19306826802025E-16));
#7133=DIRECTION('ref_axis',(1.,1.6546232571213E-9,-1.6546232571213E-9));
#7134=DIRECTION('center_axis',(1.6546232571213E-9,-1.,2.19306826802025E-16));
#7135=DIRECTION('ref_axis',(1.,1.6546232571213E-9,-1.6546232571213E-9));
#7136=DIRECTION('axis',(0.,0.,1.));
#7137=DIRECTION('refdir',(1.,0.,0.));
#7138=DIRECTION('center_axis',(-1.,9.9579925010296E-17,-2.21111851073754E-32));
#7139=DIRECTION('ref_axis',(-9.9579925010296E-17,-1.,2.22044604925031E-16));
#7140=DIRECTION('center_axis',(1.,-9.9579925010296E-17,2.21111851073754E-32));
#7141=DIRECTION('ref_axis',(-9.9579925010296E-17,-1.,2.22044604925031E-16));
#7142=DIRECTION('',(1.,-9.9579925010296E-17,2.21111851073754E-32));
#7143=DIRECTION('center_axis',(1.,-9.9579925010296E-17,2.21111851073754E-32));
#7144=DIRECTION('ref_axis',(-9.9579925010296E-17,-1.,2.22044604925031E-16));
#7145=DIRECTION('center_axis',(-1.,9.9579925010296E-17,-2.21111851073754E-32));
#7146=DIRECTION('ref_axis',(-9.9579925010296E-17,-1.,2.22044604925031E-16));
#7147=DIRECTION('center_axis',(1.,-9.9579925010296E-17,2.21111851073754E-32));
#7148=DIRECTION('ref_axis',(-9.9579925010296E-17,-1.,2.22044604925031E-16));
#7149=DIRECTION('',(1.,-9.9579925010296E-17,2.21111851073754E-32));
#7150=DIRECTION('center_axis',(1.,-9.9579925010296E-17,2.21111851073754E-32));
#7151=DIRECTION('ref_axis',(-9.9579925010296E-17,-1.,2.22044604925031E-16));
#7152=DIRECTION('center_axis',(-1.,9.9579925010296E-17,-2.21111851073754E-32));
#7153=DIRECTION('ref_axis',(-9.9579925010296E-17,-1.,2.22044604925031E-16));
#7154=DIRECTION('center_axis',(1.,-9.9579925010296E-17,2.21111851073754E-32));
#7155=DIRECTION('ref_axis',(-9.9579925010296E-17,-1.,2.22044604925031E-16));
#7156=DIRECTION('',(1.,-9.9579925010296E-17,2.21111851073754E-32));
#7157=DIRECTION('center_axis',(1.,-9.9579925010296E-17,2.21111851073754E-32));
#7158=DIRECTION('ref_axis',(-9.9579925010296E-17,-1.,2.22044604925031E-16));
#7159=DIRECTION('center_axis',(-1.,9.9579925010296E-17,-2.21111851073754E-32));
#7160=DIRECTION('ref_axis',(-9.9579925010296E-17,-1.,2.22044604925031E-16));
#7161=DIRECTION('center_axis',(1.,-9.9579925010296E-17,2.21111851073754E-32));
#7162=DIRECTION('ref_axis',(-9.9579925010296E-17,-1.,2.22044604925031E-16));
#7163=DIRECTION('',(1.,-9.9579925010296E-17,2.21111851073754E-32));
#7164=DIRECTION('center_axis',(1.,-9.9579925010296E-17,2.21111851073754E-32));
#7165=DIRECTION('ref_axis',(-9.9579925010296E-17,-1.,2.22044604925031E-16));
#7166=DIRECTION('center_axis',(-1.,9.9579925010296E-17,-2.21111851073754E-32));
#7167=DIRECTION('ref_axis',(-9.9579925010296E-17,-1.,2.22044604925031E-16));
#7168=DIRECTION('center_axis',(1.,-9.9579925010296E-17,2.21111851073754E-32));
#7169=DIRECTION('ref_axis',(-9.9579925010296E-17,-1.,2.22044604925031E-16));
#7170=DIRECTION('',(1.,-9.9579925010296E-17,2.21111851073754E-32));
#7171=DIRECTION('center_axis',(1.,-9.9579925010296E-17,2.21111851073754E-32));
#7172=DIRECTION('ref_axis',(-9.9579925010296E-17,-1.,2.22044604925031E-16));
#7173=DIRECTION('center_axis',(-5.23380466099347E-18,-0.0525588331227639,
-0.99861782933251));
#7174=DIRECTION('ref_axis',(-9.94422885588759E-17,-0.99861782933251,0.0525588331227639));
#7175=DIRECTION('',(9.94422885588759E-17,0.99861782933251,-0.0525588331227639));
#7176=DIRECTION('',(-1.,9.9579925010296E-17,-2.21111851073754E-32));
#7177=DIRECTION('',(-9.94422885588759E-17,-0.99861782933251,0.0525588331227639));
#7178=DIRECTION('',(-1.,9.9579925010296E-17,-2.21111851073754E-32));
#7179=DIRECTION('center_axis',(9.9579925010296E-17,1.,-2.22044604925031E-16));
#7180=DIRECTION('ref_axis',(0.,-2.22044604925031E-16,-1.));
#7181=DIRECTION('',(0.,-2.22044604925031E-16,-1.));
#7182=DIRECTION('',(0.,-2.22044604925031E-16,-1.));
#7183=DIRECTION('',(-1.,9.9579925010296E-17,-2.21111851073754E-32));
#7184=DIRECTION('center_axis',(9.42062070432708E-17,0.946036131615187,0.324061163483952));
#7185=DIRECTION('ref_axis',(3.22699863584813E-17,0.324061163483952,-0.946036131615187));
#7186=DIRECTION('',(-3.22699863584813E-17,-0.324061163483952,0.946036131615187));
#7187=DIRECTION('',(3.22699863584813E-17,0.324061163483952,-0.946036131615187));
#7188=DIRECTION('',(-1.,9.9579925010296E-17,-2.21111851073754E-32));
#7189=DIRECTION('center_axis',(0.,2.22044604925031E-16,1.));
#7190=DIRECTION('ref_axis',(9.9579925010296E-17,1.,-2.22044604925031E-16));
#7191=DIRECTION('',(9.9579925010296E-17,1.,-2.22044604925031E-16));
#7192=DIRECTION('',(9.9579925010296E-17,1.,-2.22044604925031E-16));
#7193=DIRECTION('',(-1.,9.9579925010296E-17,-2.21111851073754E-32));
#7194=DIRECTION('center_axis',(-9.93268625300119E-17,-0.997458699830735,
0.0712470499879096));
#7195=DIRECTION('ref_axis',(7.09477589500083E-18,0.0712470499879096,0.997458699830735));
#7196=DIRECTION('',(-7.09477589500083E-18,-0.0712470499879096,-0.997458699830735));
#7197=DIRECTION('',(7.09477589500083E-18,0.0712470499879096,0.997458699830735));
#7198=DIRECTION('',(-1.,9.9579925010296E-17,-2.21111851073754E-32));
#7199=DIRECTION('',(-1.,9.9579925010296E-17,-2.21111851073754E-32));
#7200=DIRECTION('center_axis',(9.9579925010296E-17,1.,-2.22044604925031E-16));
#7201=DIRECTION('ref_axis',(0.,-2.22044604925031E-16,-1.));
#7202=DIRECTION('',(0.,-2.22044604925031E-16,-1.));
#7203=DIRECTION('',(0.,-2.22044604925031E-16,-1.));
#7204=DIRECTION('',(-1.,9.9579925010296E-17,-2.21111851073754E-32));
#7205=DIRECTION('center_axis',(0.,-2.22044604925031E-16,-1.));
#7206=DIRECTION('ref_axis',(-9.9579925010296E-17,-1.,2.22044604925031E-16));
#7207=DIRECTION('',(-9.9579925010296E-17,-1.,2.22044604925031E-16));
#7208=DIRECTION('',(-9.9579925010296E-17,-1.,2.22044604925031E-16));
#7209=DIRECTION('',(-1.,9.9579925010296E-17,-2.21111851073754E-32));
#7210=DIRECTION('center_axis',(-9.9579925010296E-17,-1.,2.22044604925031E-16));
#7211=DIRECTION('ref_axis',(0.,2.22044604925031E-16,1.));
#7212=DIRECTION('',(0.,2.22044604925031E-16,1.));
#7213=DIRECTION('',(0.,2.22044604925031E-16,1.));
#7214=DIRECTION('center_axis',(-1.,9.9579925010296E-17,-2.21111851073754E-32));
#7215=DIRECTION('ref_axis',(-9.9579925010296E-17,-1.,2.22044604925031E-16));
#7216=DIRECTION('center_axis',(-1.,9.9579925010296E-17,-2.21111851073754E-32));
#7217=DIRECTION('ref_axis',(-9.9579925010296E-17,-1.,2.22044604925031E-16));
#7218=DIRECTION('axis',(0.,0.,1.));
#7219=DIRECTION('refdir',(1.,0.,0.));
#7220=DIRECTION('center_axis',(-1.,-2.81705148942893E-16,4.92528413404504E-32));
#7221=DIRECTION('ref_axis',(2.81705148942893E-16,-1.,2.22044604925031E-16));
#7222=DIRECTION('',(4.92528413404504E-32,0.,1.));
#7223=DIRECTION('',(2.81705148942893E-16,-1.,-9.568715964838E-16));
#7224=DIRECTION('',(0.,1.74838271594513E-16,1.));
#7225=DIRECTION('',(2.81705148942893E-16,-1.,2.22044604925031E-16));
#7226=DIRECTION('center_axis',(0.,1.74838271594513E-16,1.));
#7227=DIRECTION('ref_axis',(1.,0.,0.));
#7228=DIRECTION('',(1.,0.,0.));
#7229=DIRECTION('',(-1.,0.,8.61076664047905E-16));
#7230=DIRECTION('',(-2.81705148942893E-16,1.,-2.22044604925031E-16));
#7231=DIRECTION('center_axis',(-1.50549155652505E-31,1.,-1.74838271594513E-16));
#7232=DIRECTION('ref_axis',(-1.,0.,8.61076664047905E-16));
#7233=DIRECTION('',(-1.,-3.824918178517E-31,-1.32661264655554E-15));
#7234=DIRECTION('',(0.,1.74838271594513E-16,1.));
#7235=DIRECTION('center_axis',(1.,2.81705148942893E-16,-4.92528413404504E-32));
#7236=DIRECTION('ref_axis',(-2.81705148942893E-16,1.,-2.22044604925031E-16));
#7237=DIRECTION('',(-4.92528413404504E-32,0.,-1.));
#7238=DIRECTION('',(-2.81705148942893E-16,1.,9.568715964838E-16));
#7239=DIRECTION('center_axis',(0.,-1.,0.));
#7240=DIRECTION('ref_axis',(1.,0.,0.));
#7241=DIRECTION('',(1.,0.,0.));
#7242=DIRECTION('',(0.,0.,1.));
#7243=DIRECTION('',(1.,0.,0.));
#7244=DIRECTION('',(0.,0.,1.));
#7245=DIRECTION('',(1.,0.,0.));
#7246=DIRECTION('center_axis',(0.,0.,1.));
#7247=DIRECTION('ref_axis',(1.,0.,0.));
#7248=DIRECTION('center_axis',(0.,9.92992628457146E-31,-1.));
#7249=DIRECTION('ref_axis',(1.,0.,0.));
#7250=DIRECTION('',(0.,0.,-1.));
#7251=DIRECTION('center_axis',(0.,9.92992628457146E-31,-1.));
#7252=DIRECTION('ref_axis',(1.,0.,0.));
#7253=DIRECTION('center_axis',(0.,0.,1.));
#7254=DIRECTION('ref_axis',(1.,0.,0.));
#7255=DIRECTION('center_axis',(0.,9.92992628457146E-31,-1.));
#7256=DIRECTION('ref_axis',(1.,0.,0.));
#7257=DIRECTION('',(0.,0.,-1.));
#7258=DIRECTION('center_axis',(0.,9.92992628457146E-31,-1.));
#7259=DIRECTION('ref_axis',(1.,0.,0.));
#7260=DIRECTION('center_axis',(0.,0.,1.));
#7261=DIRECTION('ref_axis',(1.,0.,0.));
#7262=DIRECTION('center_axis',(0.,9.92992628457146E-31,-1.));
#7263=DIRECTION('ref_axis',(1.,0.,0.));
#7264=DIRECTION('',(0.,0.,-1.));
#7265=DIRECTION('center_axis',(0.,9.92992628457146E-31,-1.));
#7266=DIRECTION('ref_axis',(1.,0.,0.));
#7267=DIRECTION('center_axis',(0.,0.,1.));
#7268=DIRECTION('ref_axis',(1.,0.,0.));
#7269=DIRECTION('center_axis',(0.,9.92992628457146E-31,-1.));
#7270=DIRECTION('ref_axis',(1.,0.,0.));
#7271=DIRECTION('',(0.,0.,-1.));
#7272=DIRECTION('center_axis',(0.,9.92992628457146E-31,-1.));
#7273=DIRECTION('ref_axis',(1.,0.,0.));
#7274=DIRECTION('center_axis',(0.,0.,1.));
#7275=DIRECTION('ref_axis',(1.,0.,0.));
#7276=DIRECTION('center_axis',(0.,9.92992628457146E-31,-1.));
#7277=DIRECTION('ref_axis',(1.,0.,0.));
#7278=DIRECTION('',(0.,0.,-1.));
#7279=DIRECTION('center_axis',(0.,9.92992628457146E-31,-1.));
#7280=DIRECTION('ref_axis',(1.,0.,0.));
#7281=DIRECTION('center_axis',(0.,0.,1.));
#7282=DIRECTION('ref_axis',(1.,0.,0.));
#7283=DIRECTION('center_axis',(0.,9.92992628457146E-31,-1.));
#7284=DIRECTION('ref_axis',(1.,0.,0.));
#7285=DIRECTION('',(0.,0.,-1.));
#7286=DIRECTION('center_axis',(0.,9.92992628457146E-31,-1.));
#7287=DIRECTION('ref_axis',(1.,0.,0.));
#7288=DIRECTION('center_axis',(0.,0.,1.));
#7289=DIRECTION('ref_axis',(1.,0.,0.));
#7290=DIRECTION('center_axis',(0.,9.92992628457146E-31,-1.));
#7291=DIRECTION('ref_axis',(1.,0.,0.));
#7292=DIRECTION('',(0.,0.,-1.));
#7293=DIRECTION('center_axis',(0.,9.92992628457146E-31,-1.));
#7294=DIRECTION('ref_axis',(1.,0.,0.));
#7295=DIRECTION('center_axis',(0.,0.,1.));
#7296=DIRECTION('ref_axis',(1.,0.,0.));
#7297=DIRECTION('center_axis',(0.,9.92992628457146E-31,-1.));
#7298=DIRECTION('ref_axis',(1.,0.,0.));
#7299=DIRECTION('',(0.,0.,-1.));
#7300=DIRECTION('center_axis',(0.,9.92992628457146E-31,-1.));
#7301=DIRECTION('ref_axis',(1.,0.,0.));
#7302=DIRECTION('center_axis',(0.,0.,1.));
#7303=DIRECTION('ref_axis',(1.,0.,0.));
#7304=DIRECTION('center_axis',(0.,9.92992628457146E-31,-1.));
#7305=DIRECTION('ref_axis',(1.,0.,0.));
#7306=DIRECTION('',(0.,0.,-1.));
#7307=DIRECTION('center_axis',(0.,9.92992628457146E-31,-1.));
#7308=DIRECTION('ref_axis',(1.,0.,0.));
#7309=DIRECTION('center_axis',(0.,0.,1.));
#7310=DIRECTION('ref_axis',(1.,0.,0.));
#7311=DIRECTION('center_axis',(0.,9.92992628457146E-31,-1.));
#7312=DIRECTION('ref_axis',(1.,0.,0.));
#7313=DIRECTION('',(0.,0.,-1.));
#7314=DIRECTION('center_axis',(0.,9.92992628457146E-31,-1.));
#7315=DIRECTION('ref_axis',(1.,0.,0.));
#7316=DIRECTION('center_axis',(0.,0.,1.));
#7317=DIRECTION('ref_axis',(1.,0.,0.));
#7318=DIRECTION('center_axis',(0.,9.92992628457146E-31,-1.));
#7319=DIRECTION('ref_axis',(1.,0.,0.));
#7320=DIRECTION('',(0.,0.,-1.));
#7321=DIRECTION('center_axis',(0.,9.92992628457146E-31,-1.));
#7322=DIRECTION('ref_axis',(1.,0.,0.));
#7323=DIRECTION('center_axis',(0.,0.,1.));
#7324=DIRECTION('ref_axis',(1.,0.,0.));
#7325=DIRECTION('center_axis',(0.,9.92992628457146E-31,-1.));
#7326=DIRECTION('ref_axis',(1.,0.,0.));
#7327=DIRECTION('',(0.,0.,-1.));
#7328=DIRECTION('center_axis',(0.,9.92992628457146E-31,-1.));
#7329=DIRECTION('ref_axis',(1.,0.,0.));
#7330=DIRECTION('center_axis',(0.,0.,1.));
#7331=DIRECTION('ref_axis',(1.,0.,0.));
#7332=DIRECTION('center_axis',(0.,9.92992628457146E-31,-1.));
#7333=DIRECTION('ref_axis',(1.,0.,0.));
#7334=DIRECTION('',(0.,0.,-1.));
#7335=DIRECTION('center_axis',(0.,9.92992628457146E-31,-1.));
#7336=DIRECTION('ref_axis',(1.,0.,0.));
#7337=DIRECTION('center_axis',(0.,0.,1.));
#7338=DIRECTION('ref_axis',(1.,0.,0.));
#7339=DIRECTION('center_axis',(0.,9.92992628457146E-31,-1.));
#7340=DIRECTION('ref_axis',(1.,0.,0.));
#7341=DIRECTION('',(0.,0.,-1.));
#7342=DIRECTION('center_axis',(0.,9.92992628457146E-31,-1.));
#7343=DIRECTION('ref_axis',(1.,0.,0.));
#7344=DIRECTION('center_axis',(0.,0.,1.));
#7345=DIRECTION('ref_axis',(1.,0.,0.));
#7346=DIRECTION('center_axis',(0.,9.92992628457146E-31,-1.));
#7347=DIRECTION('ref_axis',(1.,0.,0.));
#7348=DIRECTION('',(0.,0.,-1.));
#7349=DIRECTION('center_axis',(0.,9.92992628457146E-31,-1.));
#7350=DIRECTION('ref_axis',(1.,0.,0.));
#7351=DIRECTION('center_axis',(0.,0.,1.));
#7352=DIRECTION('ref_axis',(1.,0.,0.));
#7353=DIRECTION('center_axis',(0.,9.92992628457146E-31,-1.));
#7354=DIRECTION('ref_axis',(1.,0.,0.));
#7355=DIRECTION('',(0.,0.,-1.));
#7356=DIRECTION('center_axis',(0.,9.92992628457146E-31,-1.));
#7357=DIRECTION('ref_axis',(1.,0.,0.));
#7358=DIRECTION('center_axis',(0.,0.,1.));
#7359=DIRECTION('ref_axis',(1.,0.,0.));
#7360=DIRECTION('center_axis',(0.,9.92992628457146E-31,-1.));
#7361=DIRECTION('ref_axis',(1.,0.,0.));
#7362=DIRECTION('',(0.,0.,-1.));
#7363=DIRECTION('center_axis',(0.,9.92992628457146E-31,-1.));
#7364=DIRECTION('ref_axis',(1.,0.,0.));
#7365=DIRECTION('center_axis',(0.,0.,1.));
#7366=DIRECTION('ref_axis',(1.,0.,0.));
#7367=DIRECTION('center_axis',(0.,9.92992628457146E-31,-1.));
#7368=DIRECTION('ref_axis',(1.,0.,0.));
#7369=DIRECTION('',(0.,0.,-1.));
#7370=DIRECTION('center_axis',(0.,9.92992628457146E-31,-1.));
#7371=DIRECTION('ref_axis',(1.,0.,0.));
#7372=DIRECTION('center_axis',(0.,0.,1.));
#7373=DIRECTION('ref_axis',(1.,0.,0.));
#7374=DIRECTION('center_axis',(0.,9.92992628457146E-31,-1.));
#7375=DIRECTION('ref_axis',(1.,0.,0.));
#7376=DIRECTION('',(0.,0.,-1.));
#7377=DIRECTION('center_axis',(0.,9.92992628457146E-31,-1.));
#7378=DIRECTION('ref_axis',(1.,0.,0.));
#7379=DIRECTION('center_axis',(0.,1.,0.));
#7380=DIRECTION('ref_axis',(-1.,0.,0.));
#7381=DIRECTION('',(-1.,0.,0.));
#7382=DIRECTION('',(0.,0.,1.));
#7383=DIRECTION('',(-1.,0.,0.));
#7384=DIRECTION('',(0.,0.,1.));
#7385=DIRECTION('center_axis',(1.,0.,0.));
#7386=DIRECTION('ref_axis',(0.,1.,9.92992628457146E-31));
#7387=DIRECTION('',(0.,1.,9.92992628457146E-31));
#7388=DIRECTION('',(0.,1.,9.92992628457146E-31));
#7389=DIRECTION('center_axis',(-1.,0.,0.));
#7390=DIRECTION('ref_axis',(0.,-1.,-9.92992628457146E-31));
#7391=DIRECTION('',(0.,-1.,-9.92992628457146E-31));
#7392=DIRECTION('',(0.,-1.,-9.92992628457146E-31));
#7393=DIRECTION('center_axis',(-1.32661264655554E-15,-9.568715964838E-16,
1.));
#7394=DIRECTION('ref_axis',(1.,-1.31731657884768E-45,1.32661264655554E-15));
#7395=DIRECTION('center_axis',(-1.32661264655554E-15,-9.568715964838E-16,
1.));
#7396=DIRECTION('ref_axis',(1.,-1.31731657884768E-45,1.32661264655554E-15));
#7397=DIRECTION('',(9.9579925010296E-17,-1.,-2.21111851073754E-32));
#7398=DIRECTION('',(9.9579925010296E-17,-1.21950236423192E-32,1.));
#7399=DIRECTION('',(-1.65462301219194E-9,1.,2.19306827004658E-16));
#7400=DIRECTION('',(1.,1.65462301219194E-9,1.65462313465662E-9));
#7401=DIRECTION('',(9.9579925010296E-17,-1.,4.93038065763132E-32));
#7402=DIRECTION('',(-2.22044604925031E-16,2.71926214689378E-32,1.));
#7403=DIRECTION('',(1.44907732647028E-15,-9.568715964838E-16,-1.));
#7404=DIRECTION('',(1.,-1.22464679914734E-16,1.44907732647028E-15));
#7405=DIRECTION('',(0.,0.,1.));
#7406=DIRECTION('',(1.,0.,0.));
#7407=DIRECTION('',(0.,0.,1.));
#7408=DIRECTION('',(1.,0.,0.));
#7409=DIRECTION('',(0.,0.,1.));
#7410=DIRECTION('',(1.,0.,0.));
#7411=DIRECTION('',(0.,0.,1.));
#7412=DIRECTION('',(1.,0.,0.));
#7413=DIRECTION('',(0.,0.,1.));
#7414=DIRECTION('',(1.,0.,0.));
#7415=DIRECTION('',(0.,0.,1.));
#7416=DIRECTION('',(1.,0.,0.));
#7417=DIRECTION('',(0.,0.,1.));
#7418=DIRECTION('',(1.,0.,0.));
#7419=DIRECTION('',(0.,0.,1.));
#7420=DIRECTION('',(1.,0.,0.));
#7421=DIRECTION('',(0.,0.,1.));
#7422=DIRECTION('',(1.,0.,0.));
#7423=DIRECTION('',(0.,0.,1.));
#7424=DIRECTION('',(1.,0.,0.));
#7425=DIRECTION('',(0.,0.,1.));
#7426=DIRECTION('',(1.,0.,0.));
#7427=CARTESIAN_POINT('',(0.,0.,0.));
#7428=CARTESIAN_POINT('',(0.,0.,0.));
#7429=CARTESIAN_POINT('',(0.,0.,0.));
#7430=CARTESIAN_POINT('Origin',(60.,-39.,0.));
#7431=CARTESIAN_POINT('',(60.,-87.,0.));
#7432=CARTESIAN_POINT('',(60.,-39.,0.));
#7433=CARTESIAN_POINT('',(60.,-87.,0.));
#7434=CARTESIAN_POINT('',(60.,-87.,0.75));
#7435=CARTESIAN_POINT('',(60.,-87.,0.));
#7436=CARTESIAN_POINT('',(60.,-39.,0.75));
#7437=CARTESIAN_POINT('',(60.,-87.,0.75));
#7438=CARTESIAN_POINT('',(60.,-39.,0.));
#7439=CARTESIAN_POINT('Origin',(156.,-39.,0.));
#7440=CARTESIAN_POINT('',(156.,-39.,0.));
#7441=CARTESIAN_POINT('',(60.,-39.,0.));
#7442=CARTESIAN_POINT('',(156.,-39.,0.75));
#7443=CARTESIAN_POINT('',(60.,-39.,0.75));
#7444=CARTESIAN_POINT('',(156.,-39.,0.));
#7445=CARTESIAN_POINT('Origin',(156.,-87.,0.));
#7446=CARTESIAN_POINT('',(156.,-87.,0.));
#7447=CARTESIAN_POINT('',(156.,-39.,0.));
#7448=CARTESIAN_POINT('',(156.,-87.,0.75));
#7449=CARTESIAN_POINT('',(156.,-39.,0.75));
#7450=CARTESIAN_POINT('',(156.,-87.,0.));
#7451=CARTESIAN_POINT('Origin',(60.,-87.,0.));
#7452=CARTESIAN_POINT('',(156.,-87.,0.));
#7453=CARTESIAN_POINT('',(156.,-87.,0.75));
#7454=CARTESIAN_POINT('Origin',(108.,-63.,0.75));
#7455=CARTESIAN_POINT('Origin',(108.,-63.,0.));
#7456=CARTESIAN_POINT('Origin',(156.,24.,0.));
#7457=CARTESIAN_POINT('',(156.,24.,0.));
#7458=CARTESIAN_POINT('',(60.,24.,0.));
#7459=CARTESIAN_POINT('',(156.,24.,0.));
#7460=CARTESIAN_POINT('',(60.,24.,0.75));
#7461=CARTESIAN_POINT('',(60.,24.,0.));
#7462=CARTESIAN_POINT('',(156.,24.,0.75));
#7463=CARTESIAN_POINT('',(156.,24.,0.75));
#7464=CARTESIAN_POINT('',(156.,24.,0.));
#7465=CARTESIAN_POINT('Origin',(156.,-24.,0.));
#7466=CARTESIAN_POINT('',(156.,-24.,0.));
#7467=CARTESIAN_POINT('',(156.,-24.,0.));
#7468=CARTESIAN_POINT('',(156.,-24.,0.75));
#7469=CARTESIAN_POINT('',(156.,-24.,0.75));
#7470=CARTESIAN_POINT('',(156.,-24.,0.));
#7471=CARTESIAN_POINT('Origin',(60.,-24.,0.));
#7472=CARTESIAN_POINT('',(60.,-24.,0.));
#7473=CARTESIAN_POINT('',(60.,-24.,0.));
#7474=CARTESIAN_POINT('',(60.,-24.,0.75));
#7475=CARTESIAN_POINT('',(60.,-24.,0.75));
#7476=CARTESIAN_POINT('',(60.,-24.,0.));
#7477=CARTESIAN_POINT('Origin',(60.,24.,0.));
#7478=CARTESIAN_POINT('',(60.,24.,0.));
#7479=CARTESIAN_POINT('',(60.,24.,0.75));
#7480=CARTESIAN_POINT('Origin',(108.,-2.79741234551221E-15,0.75));
#7481=CARTESIAN_POINT('Origin',(108.,-2.79741234551221E-15,0.));
#7482=CARTESIAN_POINT('',(0.,0.,0.));
#7483=CARTESIAN_POINT('',(0.,0.,0.));
#7484=CARTESIAN_POINT('',(0.,0.,0.));
#7485=CARTESIAN_POINT('',(0.,0.,0.));
#7486=CARTESIAN_POINT('Origin',(30.3753977689058,25.4380077445998,13.6437007776067));
#7487=CARTESIAN_POINT('',(30.3753977689058,9.67500000000001,13.8937007776067));
#7488=CARTESIAN_POINT('',(30.3753977689058,9.67500000000001,13.6437007776067));
#7489=CARTESIAN_POINT('',(30.3753977689058,9.67500000000001,13.643700782493));
#7490=CARTESIAN_POINT('',(30.3753977689058,0.356299222722481,13.8937007776067));
#7491=CARTESIAN_POINT('',(30.3753977689058,25.4380077445998,13.8937007776067));
#7492=CARTESIAN_POINT('',(30.3753977689058,0.356299222722481,13.6437007776067));
#7493=CARTESIAN_POINT('',(30.3753977689058,0.356299222722481,13.6437007776067));
#7494=CARTESIAN_POINT('',(30.3753977689058,6.80650387229988,13.6437007873793));
#7495=CARTESIAN_POINT('Origin',(31.1253977689058,-34.14370077602,13.6437007776067));
#7496=CARTESIAN_POINT('',(31.1253977689058,-33.325,13.8937007776067));
#7497=CARTESIAN_POINT('',(31.1253977689058,-33.325,13.6437007776067));
#7498=CARTESIAN_POINT('',(31.1253977689058,-33.325,13.643700782493));
#7499=CARTESIAN_POINT('',(31.1253977701467,-0.393700776020005,13.8937007776067));
#7500=CARTESIAN_POINT('',(31.1253977689058,-34.14370077602,13.8937007776067));
#7501=CARTESIAN_POINT('',(31.1253977701467,-0.393700776020005,13.6437007776067));
#7502=CARTESIAN_POINT('',(31.1253977701467,-0.393700776020005,13.6437007776067));
#7503=CARTESIAN_POINT('',(31.1253977689058,-22.98435038801,13.6437007873793));
#7504=CARTESIAN_POINT('Origin',(31.1253977701467,-0.39370077602001,13.6437007776067));
#7505=CARTESIAN_POINT('',(47.65,-0.393700748678014,13.6437007776067));
#7506=CARTESIAN_POINT('',(47.65,-0.393700748678014,13.8937007776067));
#7507=CARTESIAN_POINT('',(47.65,-0.393700748678014,13.643700782493));
#7508=CARTESIAN_POINT('',(33.5751988756161,-0.393700771966512,13.6437007873793));
#7509=CARTESIAN_POINT('',(48.0161522317752,-0.39370074807217,13.8937007776067));
#7510=CARTESIAN_POINT('Origin',(48.1935001676212,-0.0187007477787257,13.8937007776067));
#7511=CARTESIAN_POINT('',(30.3753977689058,-33.325,13.8937007776067));
#7512=CARTESIAN_POINT('',(36.2967500838106,-33.325,13.8937007776067));
#7513=CARTESIAN_POINT('',(30.3753977689058,-0.48456309778713,13.8937007776067));
#7514=CARTESIAN_POINT('',(30.3753977689058,25.4380077445998,13.8937007776067));
#7515=CARTESIAN_POINT('',(30.3653977689058,-0.48456309778713,13.8937007776067));
#7516=CARTESIAN_POINT('',(30.3753977689058,-0.48456309778713,13.8937007776067));
#7517=CARTESIAN_POINT('',(30.3653977689058,-0.393700777277518,13.8937007776067));
#7518=CARTESIAN_POINT('',(30.3653977689058,-0.48456309778713,13.8937007776067));
#7519=CARTESIAN_POINT('',(27.3699628958093,-0.393700782233835,13.8937007776067));
#7520=CARTESIAN_POINT('',(27.3699628958093,-0.393700782233835,13.8937007776067));
#7521=CARTESIAN_POINT('',(27.3699628945933,0.356299217766165,13.8937007776067));
#7522=CARTESIAN_POINT('',(27.3699628945933,0.356299217766165,13.8937007776067));
#7523=CARTESIAN_POINT('',(30.3653977689058,0.356299222722481,13.8937007776067));
#7524=CARTESIAN_POINT('',(30.3653977689058,0.356299222722481,13.8937007776067));
#7525=CARTESIAN_POINT('',(30.3653977689058,0.356299222722481,13.8937007776067));
#7526=CARTESIAN_POINT('',(31.1253977689058,9.67500000000001,13.8937007776067));
#7527=CARTESIAN_POINT('',(47.9217500838106,9.67500000000001,13.8937007776067));
#7528=CARTESIAN_POINT('',(31.1253977689058,0.356299223979995,13.8937007776067));
#7529=CARTESIAN_POINT('',(31.1253977689058,-34.14370077602,13.8937007776067));
#7530=CARTESIAN_POINT('',(47.65,0.356299251321986,13.8937007776067));
#7531=CARTESIAN_POINT('',(48.3708481034672,0.356299252514718,13.8937007776067));
#7532=CARTESIAN_POINT('',(47.65,-6.10601886491943,13.8937007776067));
#7533=CARTESIAN_POINT('Origin',(30.3753977689058,-0.484563097787129,13.6437007776067));
#7534=CARTESIAN_POINT('',(30.3753977689058,-33.325,13.6437007776067));
#7535=CARTESIAN_POINT('',(30.3753977689058,-33.325,13.643700782493));
#7536=CARTESIAN_POINT('',(30.3753977689058,-0.48456309778713,13.6437007776067));
#7537=CARTESIAN_POINT('',(30.3753977689058,-6.15478154889356,13.6437007873793));
#7538=CARTESIAN_POINT('',(30.3753977689058,-0.48456309778713,13.6437007776067));
#7539=CARTESIAN_POINT('Origin',(30.3653977689058,-0.48456309778713,13.6437007776067));
#7540=CARTESIAN_POINT('',(30.3653977689058,-0.48456309778713,13.6437007776067));
#7541=CARTESIAN_POINT('',(33.1951988844528,-0.484563097787106,13.6437007873793));
#7542=CARTESIAN_POINT('',(30.3653977689058,-0.48456309778713,13.6437007776067));
#7543=CARTESIAN_POINT('Origin',(30.3653977689058,-0.393700777277518,13.6437007776067));
#7544=CARTESIAN_POINT('',(30.3653977689058,-0.393700777277519,13.6437007776067));
#7545=CARTESIAN_POINT('',(30.3653977689058,-6.10935038863877,13.6437007873793));
#7546=CARTESIAN_POINT('',(30.3653977689058,-0.393700777277519,13.6437007776067));
#7547=CARTESIAN_POINT('Origin',(27.3699628958093,-0.393700782233835,13.6437007776067));
#7548=CARTESIAN_POINT('',(27.3699628958093,-0.393700782233835,13.6437007776067));
#7549=CARTESIAN_POINT('',(31.6974814384474,-0.393700775073422,13.6437007873793));
#7550=CARTESIAN_POINT('',(27.3699628958093,-0.393700782233835,13.6437007776067));
#7551=CARTESIAN_POINT('Origin',(27.3699628945933,0.356299217766165,13.6437007776067));
#7552=CARTESIAN_POINT('',(27.3699628945933,0.356299217766165,13.6437007776067));
#7553=CARTESIAN_POINT('',(27.3699629044684,-5.7343503981334,13.6437007873793));
#7554=CARTESIAN_POINT('',(27.3699628945933,0.356299217766165,13.6437007776067));
#7555=CARTESIAN_POINT('Origin',(30.3653977689058,0.356299222722481,13.6437007776067));
#7556=CARTESIAN_POINT('',(30.3653977689058,0.356299222722481,13.6437007776067));
#7557=CARTESIAN_POINT('',(33.1951988743752,0.356299227404737,13.6437007873793));
#7558=CARTESIAN_POINT('',(30.3653977689058,0.356299222722481,13.6437007776067));
#7559=CARTESIAN_POINT('Origin',(30.3753977689058,0.356299222722481,13.6437007776067));
#7560=CARTESIAN_POINT('',(33.2001988844532,0.356299222722345,13.6437007873793));
#7561=CARTESIAN_POINT('Origin',(31.1253977689058,0.35629922398,13.6437007776067));
#7562=CARTESIAN_POINT('',(31.1253977689058,9.67500000000001,13.6437007776067));
#7563=CARTESIAN_POINT('',(31.1253977689058,9.67500000000001,13.643700782493));
#7564=CARTESIAN_POINT('',(31.1253977689058,0.356299223979995,13.6437007776067));
#7565=CARTESIAN_POINT('',(31.1253977689058,-5.73435038801,13.6437007873793));
#7566=CARTESIAN_POINT('',(31.1253977689058,0.356299223979995,13.6437007776067));
#7567=CARTESIAN_POINT('Origin',(48.3708481034672,0.356299252514718,13.6437007776067));
#7568=CARTESIAN_POINT('',(47.65,0.356299251321986,13.6437007776067));
#7569=CARTESIAN_POINT('',(47.65,0.356299251321986,13.643700782493));
#7570=CARTESIAN_POINT('',(42.1979240416559,0.356299242300855,13.6437007873793));
#7571=CARTESIAN_POINT('Origin',(24.4,-33.325,13.6437007873793));
#7572=CARTESIAN_POINT('',(45.0235952230828,-33.325,13.6437007873793));
#7573=CARTESIAN_POINT('',(24.4,-33.325,13.6437007873793));
#7574=CARTESIAN_POINT('',(45.0235952230828,-33.325,14.3937007873793));
#7575=CARTESIAN_POINT('',(45.0235952230828,-33.325,13.6437007873793));
#7576=CARTESIAN_POINT('',(24.4,-33.325,14.3937007873793));
#7577=CARTESIAN_POINT('',(24.4,-33.325,14.3937007873793));
#7578=CARTESIAN_POINT('',(24.4,-33.325,13.6437007873793));
#7579=CARTESIAN_POINT('',(24.4,-33.325,13.6437007873793));
#7580=CARTESIAN_POINT('',(24.4,-33.325,13.6437007873793));
#7581=CARTESIAN_POINT('Origin',(36.025,-11.825,13.6437007873793));
#7582=CARTESIAN_POINT('',(47.65,-12.1933369820601,13.6437007873793));
#7583=CARTESIAN_POINT('',(47.65,-33.325,13.6437007873793));
#7584=CARTESIAN_POINT('',(46.0020943368918,-15.2339344412284,13.6437007873793));
#7585=CARTESIAN_POINT('Ctrl Pts',(46.0020943368918,-15.2339344412284,13.6437007873793));
#7586=CARTESIAN_POINT('Ctrl Pts',(46.0024098763508,-15.1282471627495,13.6437007873793));
#7587=CARTESIAN_POINT('Ctrl Pts',(46.0078927663129,-14.9231274328868,13.6437007873793));
#7588=CARTESIAN_POINT('Ctrl Pts',(46.0306717149304,-14.6342112703083,13.6437007873793));
#7589=CARTESIAN_POINT('Ctrl Pts',(46.0891921276698,-14.2852061565394,13.6437007873793));
#7590=CARTESIAN_POINT('Ctrl Pts',(46.2043225326484,-13.9025295661669,13.6437007873793));
#7591=CARTESIAN_POINT('Ctrl Pts',(46.3555526928555,-13.565295728499,13.6437007873793));
#7592=CARTESIAN_POINT('Ctrl Pts',(46.5370495862027,-13.2654067948712,13.6437007873793));
#7593=CARTESIAN_POINT('Ctrl Pts',(46.7436037162958,-12.9956496441166,13.6437007873793));
#7594=CARTESIAN_POINT('Ctrl Pts',(46.9707779507973,-12.7500773157041,13.6437007873793));
#7595=CARTESIAN_POINT('Ctrl Pts',(47.1974233578921,-12.5405348900591,13.6437007873793));
#7596=CARTESIAN_POINT('Ctrl Pts',(47.3849826902514,-12.3872684889168,13.6437007873793));
#7597=CARTESIAN_POINT('Ctrl Pts',(47.5257462421961,-12.2814965518213,13.6437007873793));
#7598=CARTESIAN_POINT('Ctrl Pts',(47.6149585609169,-12.2178397330592,13.6437007873793));
#7599=CARTESIAN_POINT('Ctrl Pts',(47.65,-12.1933369820601,13.6437007873793));
#7600=CARTESIAN_POINT('',(45.9675038840412,-26.8197146657764,13.6437007873793));
#7601=CARTESIAN_POINT('Ctrl Pts',(45.9675038840412,-26.8197146657764,13.6437007873793));
#7602=CARTESIAN_POINT('Ctrl Pts',(45.968887502152,-26.3562834567931,13.6437007873793));
#7603=CARTESIAN_POINT('Ctrl Pts',(45.9716547383748,-25.4294210388272,13.6437007873793));
#7604=CARTESIAN_POINT('Ctrl Pts',(45.9758055927127,-24.0391274118804,13.6437007873793));
#7605=CARTESIAN_POINT('Ctrl Pts',(45.9813400651683,-22.1854025759536,13.6437007873793));
#7606=CARTESIAN_POINT('Ctrl Pts',(45.9882581557426,-19.8682465310467,13.6437007873793));
#7607=CARTESIAN_POINT('Ctrl Pts',(45.9937926282029,-18.0145216951206,13.6437007873793));
#7608=CARTESIAN_POINT('Ctrl Pts',(45.9979434825477,-16.6242280681751,13.6437007873793));
#7609=CARTESIAN_POINT('Ctrl Pts',(46.0007107187771,-15.6973656502107,13.6437007873793));
#7610=CARTESIAN_POINT('Ctrl Pts',(46.0020943368918,-15.2339344412284,13.6437007873793));
#7611=CARTESIAN_POINT('',(46.140809865398,-27.3853585531496,13.6437007873793));
#7612=CARTESIAN_POINT('Origin',(46.9674994271809,-26.822700247924,13.6437007873793));
#7613=CARTESIAN_POINT('Ctrl Pts',(45.0235952230828,-33.325,13.6437007873793));
#7614=CARTESIAN_POINT('Ctrl Pts',(45.0113950803751,-33.2618891385941,13.6437007873793));
#7615=CARTESIAN_POINT('Ctrl Pts',(44.9899407395812,-33.1410554781339,13.6437007873793));
#7616=CARTESIAN_POINT('Ctrl Pts',(44.9665970711137,-32.97596911514,13.6437007873793));
#7617=CARTESIAN_POINT('Ctrl Pts',(44.9534869979361,-32.7872996687348,13.6437007873793));
#7618=CARTESIAN_POINT('Ctrl Pts',(44.9693985252736,-32.5975007920135,13.6437007873793));
#7619=CARTESIAN_POINT('Ctrl Pts',(45.0210412599183,-32.4434053767561,13.6437007873793));
#7620=CARTESIAN_POINT('Ctrl Pts',(45.1127371746673,-32.3108669748574,13.6437007873793));
#7621=CARTESIAN_POINT('Ctrl Pts',(45.2494189121987,-32.1820516115524,13.6437007873793));
#7622=CARTESIAN_POINT('Ctrl Pts',(45.4345029635963,-32.0388604067645,13.6437007873793));
#7623=CARTESIAN_POINT('Ctrl Pts',(45.6677645239211,-31.8663082379353,13.6437007873793));
#7624=CARTESIAN_POINT('Ctrl Pts',(45.9431233434186,-31.6559901497623,13.6437007873793));
#7625=CARTESIAN_POINT('Ctrl Pts',(46.2464819495094,-31.4094647260143,13.6437007873793));
#7626=CARTESIAN_POINT('Ctrl Pts',(46.5585174755087,-31.1353102626752,13.6437007873793));
#7627=CARTESIAN_POINT('Ctrl Pts',(46.8573499893379,-30.8463506625753,13.6437007873793));
#7628=CARTESIAN_POINT('Ctrl Pts',(47.1211621386,-30.5569344278708,13.6437007873793));
#7629=CARTESIAN_POINT('Ctrl Pts',(47.3309559431482,-30.2801124398703,13.6437007873793));
#7630=CARTESIAN_POINT('Ctrl Pts',(47.4730033858968,-30.0251193187294,13.6437007873793));
#7631=CARTESIAN_POINT('Ctrl Pts',(47.5421889020365,-29.7940460484033,13.6437007873793));
#7632=CARTESIAN_POINT('Ctrl Pts',(47.5426948205369,-29.5810052143313,13.6437007873793));
#7633=CARTESIAN_POINT('Ctrl Pts',(47.483873856813,-29.3757912142736,13.6437007873793));
#7634=CARTESIAN_POINT('Ctrl Pts',(47.3774767307221,-29.1663036695545,13.6437007873793));
#7635=CARTESIAN_POINT('Ctrl Pts',(47.2339892171034,-28.9418037996949,13.6437007873793));
#7636=CARTESIAN_POINT('Ctrl Pts',(47.0607499649458,-28.6945744505863,13.6437007873793));
#7637=CARTESIAN_POINT('Ctrl Pts',(46.8628476520189,-28.4190895453529,13.6437007873793));
#7638=CARTESIAN_POINT('Ctrl Pts',(46.6434066677058,-28.1117518396192,13.6437007873793));
#7639=CARTESIAN_POINT('Ctrl Pts',(46.4519670020358,-27.8386999242531,13.6437007873793));
#7640=CARTESIAN_POINT('Ctrl Pts',(46.2997421256926,-27.618174836512,13.6437007873793));
#7641=CARTESIAN_POINT('Ctrl Pts',(46.1944260940271,-27.4641345636308,13.6437007873793));
#7642=CARTESIAN_POINT('Ctrl Pts',(46.140809865398,-27.3853585531496,13.6437007873793));
#7643=CARTESIAN_POINT('',(41.1512748918438,-27.7520942877507,13.6437007873793));
#7644=CARTESIAN_POINT('Origin',(42.5262748918438,-27.7520942877507,13.6437007873793));
#7645=CARTESIAN_POINT('',(37.1512748918438,-15.2520942877507,13.6437007873793));
#7646=CARTESIAN_POINT('Origin',(38.5262748918438,-15.2520942877507,13.6437007873793));
#7647=CARTESIAN_POINT('',(33.1512748918438,-22.7520942877507,13.6437007873793));
#7648=CARTESIAN_POINT('Origin',(34.5262748918438,-22.7520942877507,13.6437007873793));
#7649=CARTESIAN_POINT('',(37.1512748918438,-10.2520942877507,13.6437007873793));
#7650=CARTESIAN_POINT('Origin',(38.5262748918438,-10.2520942877507,13.6437007873793));
#7651=CARTESIAN_POINT('',(41.1512748918438,-12.7520942877507,13.6437007873793));
#7652=CARTESIAN_POINT('Origin',(42.5262748918438,-12.7520942877507,13.6437007873793));
#7653=CARTESIAN_POINT('',(37.1512748918438,-5.25209428775066,13.6437007873793));
#7654=CARTESIAN_POINT('Origin',(38.5262748918438,-5.25209428775066,13.6437007873793));
#7655=CARTESIAN_POINT('',(33.1512748918438,-17.7520942877507,13.6437007873793));
#7656=CARTESIAN_POINT('Origin',(34.5262748918438,-17.7520942877507,13.6437007873793));
#7657=CARTESIAN_POINT('',(33.1512748918438,-12.7520942877507,13.6437007873793));
#7658=CARTESIAN_POINT('Origin',(34.5262748918438,-12.7520942877507,13.6437007873793));
#7659=CARTESIAN_POINT('',(37.1512748918438,-25.2520942877506,13.6437007873793));
#7660=CARTESIAN_POINT('Origin',(38.5262748918438,-25.2520942877506,13.6437007873793));
#7661=CARTESIAN_POINT('',(41.1512748918438,-2.75209428775066,13.6437007873793));
#7662=CARTESIAN_POINT('Origin',(42.5262748918438,-2.75209428775066,13.6437007873793));
#7663=CARTESIAN_POINT('',(34.025,-31.525,13.6437007873793));
#7664=CARTESIAN_POINT('',(34.425,-31.125,13.6437007873793));
#7665=CARTESIAN_POINT('Origin',(34.425,-31.525,13.6437007873793));
#7666=CARTESIAN_POINT('',(34.025,-31.925,13.6437007873793));
#7667=CARTESIAN_POINT('',(34.025,-31.525,13.6437007873793));
#7668=CARTESIAN_POINT('',(34.425,-32.325,13.6437007873793));
#7669=CARTESIAN_POINT('Origin',(34.425,-31.925,13.6437007873793));
#7670=CARTESIAN_POINT('',(37.625,-32.325,13.6437007873793));
#7671=CARTESIAN_POINT('',(34.425,-32.325,13.6437007873793));
#7672=CARTESIAN_POINT('',(38.025,-31.925,13.6437007873793));
#7673=CARTESIAN_POINT('Origin',(37.625,-31.925,13.6437007873793));
#7674=CARTESIAN_POINT('',(38.025,-31.525,13.6437007873793));
#7675=CARTESIAN_POINT('',(38.025,-31.925,13.6437007873793));
#7676=CARTESIAN_POINT('',(37.625,-31.125,13.6437007873793));
#7677=CARTESIAN_POINT('Origin',(37.625,-31.525,13.6437007873793));
#7678=CARTESIAN_POINT('',(37.625,-31.125,13.6437007873793));
#7679=CARTESIAN_POINT('',(33.1512748918438,-7.75209428775065,13.6437007873793));
#7680=CARTESIAN_POINT('Origin',(34.5262748918438,-7.75209428775065,13.6437007873793));
#7681=CARTESIAN_POINT('',(33.1512748918438,-2.75209428775066,13.6437007873793));
#7682=CARTESIAN_POINT('Origin',(34.5262748918438,-2.75209428775066,13.6437007873793));
#7683=CARTESIAN_POINT('',(33.1512748918438,-27.7520942877507,13.6437007873793));
#7684=CARTESIAN_POINT('Origin',(34.5262748918438,-27.7520942877507,13.6437007873793));
#7685=CARTESIAN_POINT('',(41.1512748918438,-17.7520942877507,13.6437007873793));
#7686=CARTESIAN_POINT('Origin',(42.5262748918438,-17.7520942877507,13.6437007873793));
#7687=CARTESIAN_POINT('',(41.1512748918438,-22.7520942877507,13.6437007873793));
#7688=CARTESIAN_POINT('Origin',(42.5262748918438,-22.7520942877507,13.6437007873793));
#7689=CARTESIAN_POINT('',(41.1512748918438,-7.75209428775065,13.6437007873793));
#7690=CARTESIAN_POINT('Origin',(42.5262748918438,-7.75209428775065,13.6437007873793));
#7691=CARTESIAN_POINT('',(37.1512748918438,-20.2520942877506,13.6437007873793));
#7692=CARTESIAN_POINT('Origin',(38.5262748918438,-20.2520942877506,13.6437007873793));
#7693=CARTESIAN_POINT('Origin',(36.025,-11.825,13.6437007873793));
#7694=CARTESIAN_POINT('',(47.65,9.67500000000001,13.6437007873793));
#7695=CARTESIAN_POINT('',(24.4,9.67500000000001,13.6437007873793));
#7696=CARTESIAN_POINT('',(47.65,-33.325,13.6437007873793));
#7697=CARTESIAN_POINT('',(33.1512748918438,6.49790571224934,13.6437007873793));
#7698=CARTESIAN_POINT('Origin',(34.5262748918438,6.49790571224934,13.6437007873793));
#7699=CARTESIAN_POINT('',(37.1512748918438,3.99790571224934,13.6437007873793));
#7700=CARTESIAN_POINT('Origin',(38.5262748918438,3.99790571224934,13.6437007873793));
#7701=CARTESIAN_POINT('',(41.1512748918438,6.49790571224934,13.6437007873793));
#7702=CARTESIAN_POINT('Origin',(42.5262748918438,6.49790571224934,13.6437007873793));
#7703=CARTESIAN_POINT('Origin',(47.65,-12.1933369820601,13.6437007873793));
#7704=CARTESIAN_POINT('',(47.65,9.67500000000001,14.3937007873793));
#7705=CARTESIAN_POINT('',(47.65,9.67500000000001,13.6437007873793));
#7706=CARTESIAN_POINT('',(47.65,-12.1933369820601,14.3937007873793));
#7707=CARTESIAN_POINT('',(47.65,-33.325,14.3937007873793));
#7708=CARTESIAN_POINT('',(47.65,-12.1933369820601,13.6437007873793));
#7709=CARTESIAN_POINT('Origin',(42.5262748918438,-27.7520942877507,13.6437007873793));
#7710=CARTESIAN_POINT('',(41.1512748918438,-27.7520942877507,14.3937007873793));
#7711=CARTESIAN_POINT('Origin',(42.5262748918438,-27.7520942877507,14.3937007873793));
#7712=CARTESIAN_POINT('',(41.1512748918438,-27.7520942877507,13.6437007873793));
#7713=CARTESIAN_POINT('Origin',(38.5262748918438,-15.2520942877507,13.6437007873793));
#7714=CARTESIAN_POINT('',(37.1512748918438,-15.2520942877507,14.3937007873793));
#7715=CARTESIAN_POINT('Origin',(38.5262748918438,-15.2520942877507,14.3937007873793));
#7716=CARTESIAN_POINT('',(37.1512748918438,-15.2520942877507,13.6437007873793));
#7717=CARTESIAN_POINT('Origin',(27.5262748918438,-7.75209428775065,13.6437007873793));
#7718=CARTESIAN_POINT('',(26.1512748918438,-7.75209428775065,14.3937007873793));
#7719=CARTESIAN_POINT('Origin',(27.5262748918438,-7.75209428775065,14.3937007873793));
#7720=CARTESIAN_POINT('',(26.1512748918438,-7.75209428775065,13.6437007873793));
#7721=CARTESIAN_POINT('',(26.1512748918438,-7.75209428775065,13.6437007873793));
#7722=CARTESIAN_POINT('Origin',(27.5262748918438,-7.75209428775065,13.6437007873793));
#7723=CARTESIAN_POINT('Origin',(27.5262748918438,-27.7520942877506,13.6437007873793));
#7724=CARTESIAN_POINT('',(26.1512748918438,-27.7520942877506,14.3937007873793));
#7725=CARTESIAN_POINT('Origin',(27.5262748918438,-27.7520942877506,14.3937007873793));
#7726=CARTESIAN_POINT('',(26.1512748918438,-27.7520942877506,13.6437007873793));
#7727=CARTESIAN_POINT('',(26.1512748918438,-27.7520942877506,13.6437007873793));
#7728=CARTESIAN_POINT('Origin',(27.5262748918438,-27.7520942877506,13.6437007873793));
#7729=CARTESIAN_POINT('Origin',(34.5262748918438,-22.7520942877507,13.6437007873793));
#7730=CARTESIAN_POINT('',(33.1512748918438,-22.7520942877507,14.3937007873793));
#7731=CARTESIAN_POINT('Origin',(34.5262748918438,-22.7520942877507,14.3937007873793));
#7732=CARTESIAN_POINT('',(33.1512748918438,-22.7520942877507,13.6437007873793));
#7733=CARTESIAN_POINT('Origin',(38.5262748918438,-10.2520942877507,13.6437007873793));
#7734=CARTESIAN_POINT('',(37.1512748918438,-10.2520942877507,14.3937007873793));
#7735=CARTESIAN_POINT('Origin',(38.5262748918438,-10.2520942877507,14.3937007873793));
#7736=CARTESIAN_POINT('',(37.1512748918438,-10.2520942877507,13.6437007873793));
#7737=CARTESIAN_POINT('Origin',(27.5262748918438,-22.7520942877506,13.6437007873793));
#7738=CARTESIAN_POINT('',(26.1512748918438,-22.7520942877506,14.3937007873793));
#7739=CARTESIAN_POINT('Origin',(27.5262748918438,-22.7520942877506,14.3937007873793));
#7740=CARTESIAN_POINT('',(26.1512748918438,-22.7520942877506,13.6437007873793));
#7741=CARTESIAN_POINT('',(26.1512748918438,-22.7520942877506,13.6437007873793));
#7742=CARTESIAN_POINT('Origin',(27.5262748918438,-22.7520942877506,13.6437007873793));
#7743=CARTESIAN_POINT('Origin',(42.5262748918438,-12.7520942877507,13.6437007873793));
#7744=CARTESIAN_POINT('',(41.1512748918438,-12.7520942877507,14.3937007873793));
#7745=CARTESIAN_POINT('Origin',(42.5262748918438,-12.7520942877507,14.3937007873793));
#7746=CARTESIAN_POINT('',(41.1512748918438,-12.7520942877507,13.6437007873793));
#7747=CARTESIAN_POINT('Origin',(38.5262748918438,-5.25209428775066,13.6437007873793));
#7748=CARTESIAN_POINT('',(37.1512748918438,-5.25209428775066,14.3937007873793));
#7749=CARTESIAN_POINT('Origin',(38.5262748918438,-5.25209428775066,14.3937007873793));
#7750=CARTESIAN_POINT('',(37.1512748918438,-5.25209428775066,13.6437007873793));
#7751=CARTESIAN_POINT('Origin',(34.5262748918438,-17.7520942877507,13.6437007873793));
#7752=CARTESIAN_POINT('',(33.1512748918438,-17.7520942877507,14.3937007873793));
#7753=CARTESIAN_POINT('Origin',(34.5262748918438,-17.7520942877507,14.3937007873793));
#7754=CARTESIAN_POINT('',(33.1512748918438,-17.7520942877507,13.6437007873793));
#7755=CARTESIAN_POINT('Origin',(34.5262748918438,-12.7520942877507,13.6437007873793));
#7756=CARTESIAN_POINT('',(33.1512748918438,-12.7520942877507,14.3937007873793));
#7757=CARTESIAN_POINT('Origin',(34.5262748918438,-12.7520942877507,14.3937007873793));
#7758=CARTESIAN_POINT('',(33.1512748918438,-12.7520942877507,13.6437007873793));
#7759=CARTESIAN_POINT('Origin',(38.5262748918438,-25.2520942877506,13.6437007873793));
#7760=CARTESIAN_POINT('',(37.1512748918438,-25.2520942877506,14.3937007873793));
#7761=CARTESIAN_POINT('Origin',(38.5262748918438,-25.2520942877506,14.3937007873793));
#7762=CARTESIAN_POINT('',(37.1512748918438,-25.2520942877506,13.6437007873793));
#7763=CARTESIAN_POINT('Origin',(42.5262748918438,-2.75209428775066,13.6437007873793));
#7764=CARTESIAN_POINT('',(41.1512748918438,-2.75209428775066,14.3937007873793));
#7765=CARTESIAN_POINT('Origin',(42.5262748918438,-2.75209428775066,14.3937007873793));
#7766=CARTESIAN_POINT('',(41.1512748918438,-2.75209428775066,13.6437007873793));
#7767=CARTESIAN_POINT('Origin',(34.025,-31.925,13.6437007873793));
#7768=CARTESIAN_POINT('',(34.025,-31.525,14.3937007873793));
#7769=CARTESIAN_POINT('',(34.025,-31.525,13.6437007873793));
#7770=CARTESIAN_POINT('',(34.025,-31.925,14.3937007873793));
#7771=CARTESIAN_POINT('',(34.025,-31.525,14.3937007873793));
#7772=CARTESIAN_POINT('',(34.025,-31.925,13.6437007873793));
#7773=CARTESIAN_POINT('Origin',(34.425,-31.925,13.6437007873793));
#7774=CARTESIAN_POINT('',(34.425,-32.325,14.3937007873793));
#7775=CARTESIAN_POINT('Origin',(34.425,-31.925,14.3937007873793));
#7776=CARTESIAN_POINT('',(34.425,-32.325,13.6437007873793));
#7777=CARTESIAN_POINT('Origin',(37.625,-32.325,13.6437007873793));
#7778=CARTESIAN_POINT('',(37.625,-32.325,14.3937007873793));
#7779=CARTESIAN_POINT('',(34.425,-32.325,14.3937007873793));
#7780=CARTESIAN_POINT('',(37.625,-32.325,13.6437007873793));
#7781=CARTESIAN_POINT('Origin',(37.625,-31.925,13.6437007873793));
#7782=CARTESIAN_POINT('',(38.025,-31.925,14.3937007873793));
#7783=CARTESIAN_POINT('Origin',(37.625,-31.925,14.3937007873793));
#7784=CARTESIAN_POINT('',(38.025,-31.925,13.6437007873793));
#7785=CARTESIAN_POINT('Origin',(38.025,-31.525,13.6437007873793));
#7786=CARTESIAN_POINT('',(38.025,-31.525,14.3937007873793));
#7787=CARTESIAN_POINT('',(38.025,-31.925,14.3937007873793));
#7788=CARTESIAN_POINT('',(38.025,-31.525,13.6437007873793));
#7789=CARTESIAN_POINT('Origin',(37.625,-31.525,13.6437007873793));
#7790=CARTESIAN_POINT('',(37.625,-31.125,14.3937007873793));
#7791=CARTESIAN_POINT('Origin',(37.625,-31.525,14.3937007873793));
#7792=CARTESIAN_POINT('',(37.625,-31.125,13.6437007873793));
#7793=CARTESIAN_POINT('Origin',(34.425,-31.125,13.6437007873793));
#7794=CARTESIAN_POINT('',(34.425,-31.125,14.3937007873793));
#7795=CARTESIAN_POINT('',(37.625,-31.125,14.3937007873793));
#7796=CARTESIAN_POINT('',(34.425,-31.125,13.6437007873793));
#7797=CARTESIAN_POINT('Origin',(34.425,-31.525,13.6437007873793));
#7798=CARTESIAN_POINT('Origin',(34.425,-31.525,14.3937007873793));
#7799=CARTESIAN_POINT('Origin',(42.5262748918438,6.49790571224934,13.6437007873793));
#7800=CARTESIAN_POINT('',(41.1512748918438,6.49790571224934,14.3937007873793));
#7801=CARTESIAN_POINT('Origin',(42.5262748918438,6.49790571224934,14.3937007873793));
#7802=CARTESIAN_POINT('',(41.1512748918438,6.49790571224934,13.6437007873793));
#7803=CARTESIAN_POINT('Origin',(34.5262748918438,-7.75209428775065,13.6437007873793));
#7804=CARTESIAN_POINT('',(33.1512748918438,-7.75209428775065,14.3937007873793));
#7805=CARTESIAN_POINT('Origin',(34.5262748918438,-7.75209428775065,14.3937007873793));
#7806=CARTESIAN_POINT('',(33.1512748918438,-7.75209428775065,13.6437007873793));
#7807=CARTESIAN_POINT('Origin',(38.5262748918438,3.99790571224934,13.6437007873793));
#7808=CARTESIAN_POINT('',(37.1512748918438,3.99790571224934,14.3937007873793));
#7809=CARTESIAN_POINT('Origin',(38.5262748918438,3.99790571224934,14.3937007873793));
#7810=CARTESIAN_POINT('',(37.1512748918438,3.99790571224934,13.6437007873793));
#7811=CARTESIAN_POINT('Origin',(27.5262748918438,3.99790571224935,13.6437007873793));
#7812=CARTESIAN_POINT('',(26.1512748918438,3.99790571224935,14.3937007873793));
#7813=CARTESIAN_POINT('Origin',(27.5262748918438,3.99790571224935,14.3937007873793));
#7814=CARTESIAN_POINT('',(26.1512748918438,3.99790571224935,13.6437007873793));
#7815=CARTESIAN_POINT('',(26.1512748918438,3.99790571224935,13.6437007873793));
#7816=CARTESIAN_POINT('Origin',(27.5262748918438,3.99790571224935,13.6437007873793));
#7817=CARTESIAN_POINT('Origin',(34.5262748918438,-2.75209428775066,13.6437007873793));
#7818=CARTESIAN_POINT('',(33.1512748918438,-2.75209428775066,14.3937007873793));
#7819=CARTESIAN_POINT('Origin',(34.5262748918438,-2.75209428775066,14.3937007873793));
#7820=CARTESIAN_POINT('',(33.1512748918438,-2.75209428775066,13.6437007873793));
#7821=CARTESIAN_POINT('Origin',(27.5262748918438,-17.7520942877507,13.6437007873793));
#7822=CARTESIAN_POINT('',(26.1512748918438,-17.7520942877507,14.3937007873793));
#7823=CARTESIAN_POINT('Origin',(27.5262748918438,-17.7520942877507,14.3937007873793));
#7824=CARTESIAN_POINT('',(26.1512748918438,-17.7520942877507,13.6437007873793));
#7825=CARTESIAN_POINT('',(26.1512748918438,-17.7520942877507,13.6437007873793));
#7826=CARTESIAN_POINT('Origin',(27.5262748918438,-17.7520942877507,13.6437007873793));
#7827=CARTESIAN_POINT('Origin',(34.5262748918438,-27.7520942877507,13.6437007873793));
#7828=CARTESIAN_POINT('',(33.1512748918438,-27.7520942877507,14.3937007873793));
#7829=CARTESIAN_POINT('Origin',(34.5262748918438,-27.7520942877507,14.3937007873793));
#7830=CARTESIAN_POINT('',(33.1512748918438,-27.7520942877507,13.6437007873793));
#7831=CARTESIAN_POINT('Origin',(27.5262748918438,-2.75209428775065,13.6437007873793));
#7832=CARTESIAN_POINT('',(26.1512748918438,-2.75209428775065,14.3937007873793));
#7833=CARTESIAN_POINT('Origin',(27.5262748918438,-2.75209428775065,14.3937007873793));
#7834=CARTESIAN_POINT('',(26.1512748918438,-2.75209428775065,13.6437007873793));
#7835=CARTESIAN_POINT('',(26.1512748918438,-2.75209428775065,13.6437007873793));
#7836=CARTESIAN_POINT('Origin',(27.5262748918438,-2.75209428775065,13.6437007873793));
#7837=CARTESIAN_POINT('Origin',(42.5262748918438,-17.7520942877507,13.6437007873793));
#7838=CARTESIAN_POINT('',(41.1512748918438,-17.7520942877507,14.3937007873793));
#7839=CARTESIAN_POINT('Origin',(42.5262748918438,-17.7520942877507,14.3937007873793));
#7840=CARTESIAN_POINT('',(41.1512748918438,-17.7520942877507,13.6437007873793));
#7841=CARTESIAN_POINT('Origin',(42.5262748918438,-22.7520942877507,13.6437007873793));
#7842=CARTESIAN_POINT('',(41.1512748918438,-22.7520942877507,14.3937007873793));
#7843=CARTESIAN_POINT('Origin',(42.5262748918438,-22.7520942877507,14.3937007873793));
#7844=CARTESIAN_POINT('',(41.1512748918438,-22.7520942877507,13.6437007873793));
#7845=CARTESIAN_POINT('Origin',(34.5262748918438,6.49790571224934,13.6437007873793));
#7846=CARTESIAN_POINT('',(33.1512748918438,6.49790571224934,14.3937007873793));
#7847=CARTESIAN_POINT('Origin',(34.5262748918438,6.49790571224934,14.3937007873793));
#7848=CARTESIAN_POINT('',(33.1512748918438,6.49790571224934,13.6437007873793));
#7849=CARTESIAN_POINT('Origin',(42.5262748918438,-7.75209428775065,13.6437007873793));
#7850=CARTESIAN_POINT('',(41.1512748918438,-7.75209428775065,14.3937007873793));
#7851=CARTESIAN_POINT('Origin',(42.5262748918438,-7.75209428775065,14.3937007873793));
#7852=CARTESIAN_POINT('',(41.1512748918438,-7.75209428775065,13.6437007873793));
#7853=CARTESIAN_POINT('Origin',(38.5262748918438,-20.2520942877506,13.6437007873793));
#7854=CARTESIAN_POINT('',(37.1512748918438,-20.2520942877506,14.3937007873793));
#7855=CARTESIAN_POINT('Origin',(38.5262748918438,-20.2520942877506,14.3937007873793));
#7856=CARTESIAN_POINT('',(37.1512748918438,-20.2520942877506,13.6437007873793));
#7857=CARTESIAN_POINT('Origin',(27.5262748918438,-12.7520942877507,13.6437007873793));
#7858=CARTESIAN_POINT('',(26.1512748918438,-12.7520942877507,14.3937007873793));
#7859=CARTESIAN_POINT('Origin',(27.5262748918438,-12.7520942877507,14.3937007873793));
#7860=CARTESIAN_POINT('',(26.1512748918438,-12.7520942877507,13.6437007873793));
#7861=CARTESIAN_POINT('',(26.1512748918438,-12.7520942877507,13.6437007873793));
#7862=CARTESIAN_POINT('Origin',(27.5262748918438,-12.7520942877507,13.6437007873793));
#7863=CARTESIAN_POINT('Origin',(24.4,9.67500000000001,13.6437007873793));
#7864=CARTESIAN_POINT('',(24.4,9.67500000000001,13.6437007873793));
#7865=CARTESIAN_POINT('',(24.4,9.67500000000001,13.6437007873793));
#7866=CARTESIAN_POINT('',(24.4,9.67500000000001,14.3937007873793));
#7867=CARTESIAN_POINT('',(24.4,9.67500000000001,14.3937007873793));
#7868=CARTESIAN_POINT('',(24.4,9.67500000000001,13.6437007873793));
#7869=CARTESIAN_POINT('Origin',(47.65,9.67500000000001,13.6437007873793));
#7870=CARTESIAN_POINT('',(24.4,9.67500000000001,13.6437007873793));
#7871=CARTESIAN_POINT('',(24.4,9.67500000000001,14.3937007873793));
#7872=CARTESIAN_POINT('Ctrl Pts',(46.0020943368918,-15.2339344412284,13.6437007873793));
#7873=CARTESIAN_POINT('Ctrl Pts',(46.0020943368918,-15.2339344412284,14.3937007873793));
#7874=CARTESIAN_POINT('Ctrl Pts',(46.0024098763508,-15.1282471627495,13.6437007873793));
#7875=CARTESIAN_POINT('Ctrl Pts',(46.0024098763508,-15.1282471627495,14.3937007873793));
#7876=CARTESIAN_POINT('Ctrl Pts',(46.0078927663129,-14.9231274328868,13.6437007873793));
#7877=CARTESIAN_POINT('Ctrl Pts',(46.0078927663129,-14.9231274328868,14.3937007873793));
#7878=CARTESIAN_POINT('Ctrl Pts',(46.0306717149304,-14.6342112703083,13.6437007873793));
#7879=CARTESIAN_POINT('Ctrl Pts',(46.0306717149304,-14.6342112703083,14.3937007873793));
#7880=CARTESIAN_POINT('Ctrl Pts',(46.0891921276698,-14.2852061565394,13.6437007873793));
#7881=CARTESIAN_POINT('Ctrl Pts',(46.0891921276698,-14.2852061565394,14.3937007873793));
#7882=CARTESIAN_POINT('Ctrl Pts',(46.2043225326484,-13.9025295661669,13.6437007873793));
#7883=CARTESIAN_POINT('Ctrl Pts',(46.2043225326484,-13.9025295661669,14.3937007873793));
#7884=CARTESIAN_POINT('Ctrl Pts',(46.3555526928555,-13.565295728499,13.6437007873793));
#7885=CARTESIAN_POINT('Ctrl Pts',(46.3555526928555,-13.565295728499,14.3937007873793));
#7886=CARTESIAN_POINT('Ctrl Pts',(46.5370495862027,-13.2654067948712,13.6437007873793));
#7887=CARTESIAN_POINT('Ctrl Pts',(46.5370495862027,-13.2654067948712,14.3937007873793));
#7888=CARTESIAN_POINT('Ctrl Pts',(46.7436037162958,-12.9956496441166,13.6437007873793));
#7889=CARTESIAN_POINT('Ctrl Pts',(46.7436037162958,-12.9956496441166,14.3937007873793));
#7890=CARTESIAN_POINT('Ctrl Pts',(46.9707779507973,-12.7500773157041,13.6437007873793));
#7891=CARTESIAN_POINT('Ctrl Pts',(46.9707779507973,-12.7500773157041,14.3937007873793));
#7892=CARTESIAN_POINT('Ctrl Pts',(47.1974233578921,-12.5405348900591,13.6437007873793));
#7893=CARTESIAN_POINT('Ctrl Pts',(47.1974233578921,-12.5405348900591,14.3937007873793));
#7894=CARTESIAN_POINT('Ctrl Pts',(47.3849826902514,-12.3872684889168,13.6437007873793));
#7895=CARTESIAN_POINT('Ctrl Pts',(47.3849826902514,-12.3872684889168,14.3937007873793));
#7896=CARTESIAN_POINT('Ctrl Pts',(47.5257462421961,-12.2814965518213,13.6437007873793));
#7897=CARTESIAN_POINT('Ctrl Pts',(47.5257462421961,-12.2814965518213,14.3937007873793));
#7898=CARTESIAN_POINT('Ctrl Pts',(47.6149585609169,-12.2178397330592,13.6437007873793));
#7899=CARTESIAN_POINT('Ctrl Pts',(47.6149585609169,-12.2178397330592,14.3937007873793));
#7900=CARTESIAN_POINT('Ctrl Pts',(47.65,-12.1933369820601,13.6437007873793));
#7901=CARTESIAN_POINT('Ctrl Pts',(47.65,-12.1933369820601,14.3937007873793));
#7902=CARTESIAN_POINT('',(46.0020943368918,-15.2339344412284,14.3937007873793));
#7903=CARTESIAN_POINT('Ctrl Pts',(46.0020943368918,-15.2339344412284,14.3937007873793));
#7904=CARTESIAN_POINT('Ctrl Pts',(46.0024098763508,-15.1282471627495,14.3937007873793));
#7905=CARTESIAN_POINT('Ctrl Pts',(46.0078927663129,-14.9231274328868,14.3937007873793));
#7906=CARTESIAN_POINT('Ctrl Pts',(46.0306717149304,-14.6342112703083,14.3937007873793));
#7907=CARTESIAN_POINT('Ctrl Pts',(46.0891921276698,-14.2852061565394,14.3937007873793));
#7908=CARTESIAN_POINT('Ctrl Pts',(46.2043225326484,-13.9025295661669,14.3937007873793));
#7909=CARTESIAN_POINT('Ctrl Pts',(46.3555526928555,-13.565295728499,14.3937007873793));
#7910=CARTESIAN_POINT('Ctrl Pts',(46.5370495862027,-13.2654067948712,14.3937007873793));
#7911=CARTESIAN_POINT('Ctrl Pts',(46.7436037162958,-12.9956496441166,14.3937007873793));
#7912=CARTESIAN_POINT('Ctrl Pts',(46.9707779507973,-12.7500773157041,14.3937007873793));
#7913=CARTESIAN_POINT('Ctrl Pts',(47.1974233578921,-12.5405348900591,14.3937007873793));
#7914=CARTESIAN_POINT('Ctrl Pts',(47.3849826902514,-12.3872684889168,14.3937007873793));
#7915=CARTESIAN_POINT('Ctrl Pts',(47.5257462421961,-12.2814965518213,14.3937007873793));
#7916=CARTESIAN_POINT('Ctrl Pts',(47.6149585609169,-12.2178397330592,14.3937007873793));
#7917=CARTESIAN_POINT('Ctrl Pts',(47.65,-12.1933369820601,14.3937007873793));
#7918=CARTESIAN_POINT('',(46.0020943368918,-15.2339344412284,13.6437007873793));
#7919=CARTESIAN_POINT('Origin',(45.9675038840412,-26.8197146657764,13.6437007873793));
#7920=CARTESIAN_POINT('',(45.9675038840412,-26.8197146657764,14.3937007873793));
#7921=CARTESIAN_POINT('Ctrl Pts',(45.9675038840412,-26.8197146657764,14.3937007873793));
#7922=CARTESIAN_POINT('Ctrl Pts',(45.968887502152,-26.3562834567931,14.3937007873793));
#7923=CARTESIAN_POINT('Ctrl Pts',(45.9716547383748,-25.4294210388272,14.3937007873793));
#7924=CARTESIAN_POINT('Ctrl Pts',(45.9758055927127,-24.0391274118804,14.3937007873793));
#7925=CARTESIAN_POINT('Ctrl Pts',(45.9813400651683,-22.1854025759536,14.3937007873793));
#7926=CARTESIAN_POINT('Ctrl Pts',(45.9882581557426,-19.8682465310467,14.3937007873793));
#7927=CARTESIAN_POINT('Ctrl Pts',(45.9937926282029,-18.0145216951206,14.3937007873793));
#7928=CARTESIAN_POINT('Ctrl Pts',(45.9979434825477,-16.6242280681751,14.3937007873793));
#7929=CARTESIAN_POINT('Ctrl Pts',(46.0007107187771,-15.6973656502107,14.3937007873793));
#7930=CARTESIAN_POINT('Ctrl Pts',(46.0020943368918,-15.2339344412284,14.3937007873793));
#7931=CARTESIAN_POINT('',(45.9675038840412,-26.8197146657764,13.6437007873793));
#7932=CARTESIAN_POINT('Origin',(46.9674994271809,-26.822700247924,13.6437007873793));
#7933=CARTESIAN_POINT('',(46.140809865398,-27.3853585531496,14.3937007873793));
#7934=CARTESIAN_POINT('Origin',(46.9674994271809,-26.822700247924,14.3937007873793));
#7935=CARTESIAN_POINT('',(46.140809865398,-27.3853585531496,13.6437007873793));
#7936=CARTESIAN_POINT('Ctrl Pts',(45.0235952230828,-33.325,13.6437007873793));
#7937=CARTESIAN_POINT('Ctrl Pts',(45.0235952230828,-33.325,14.3937007873793));
#7938=CARTESIAN_POINT('Ctrl Pts',(45.0113950803751,-33.2618891385941,13.6437007873793));
#7939=CARTESIAN_POINT('Ctrl Pts',(45.0113950803751,-33.2618891385941,14.3937007873793));
#7940=CARTESIAN_POINT('Ctrl Pts',(44.9899407395812,-33.1410554781339,13.6437007873793));
#7941=CARTESIAN_POINT('Ctrl Pts',(44.9899407395812,-33.1410554781339,14.3937007873793));
#7942=CARTESIAN_POINT('Ctrl Pts',(44.9665970711137,-32.97596911514,13.6437007873793));
#7943=CARTESIAN_POINT('Ctrl Pts',(44.9665970711137,-32.97596911514,14.3937007873793));
#7944=CARTESIAN_POINT('Ctrl Pts',(44.9534869979361,-32.7872996687348,13.6437007873793));
#7945=CARTESIAN_POINT('Ctrl Pts',(44.9534869979361,-32.7872996687348,14.3937007873793));
#7946=CARTESIAN_POINT('Ctrl Pts',(44.9693985252736,-32.5975007920135,13.6437007873793));
#7947=CARTESIAN_POINT('Ctrl Pts',(44.9693985252736,-32.5975007920135,14.3937007873793));
#7948=CARTESIAN_POINT('Ctrl Pts',(45.0210412599183,-32.4434053767561,13.6437007873793));
#7949=CARTESIAN_POINT('Ctrl Pts',(45.0210412599183,-32.4434053767561,14.3937007873793));
#7950=CARTESIAN_POINT('Ctrl Pts',(45.1127371746673,-32.3108669748574,13.6437007873793));
#7951=CARTESIAN_POINT('Ctrl Pts',(45.1127371746673,-32.3108669748574,14.3937007873793));
#7952=CARTESIAN_POINT('Ctrl Pts',(45.2494189121987,-32.1820516115524,13.6437007873793));
#7953=CARTESIAN_POINT('Ctrl Pts',(45.2494189121987,-32.1820516115524,14.3937007873793));
#7954=CARTESIAN_POINT('Ctrl Pts',(45.4345029635963,-32.0388604067645,13.6437007873793));
#7955=CARTESIAN_POINT('Ctrl Pts',(45.4345029635963,-32.0388604067645,14.3937007873793));
#7956=CARTESIAN_POINT('Ctrl Pts',(45.6677645239211,-31.8663082379353,13.6437007873793));
#7957=CARTESIAN_POINT('Ctrl Pts',(45.6677645239211,-31.8663082379353,14.3937007873793));
#7958=CARTESIAN_POINT('Ctrl Pts',(45.9431233434186,-31.6559901497623,13.6437007873793));
#7959=CARTESIAN_POINT('Ctrl Pts',(45.9431233434186,-31.6559901497623,14.3937007873793));
#7960=CARTESIAN_POINT('Ctrl Pts',(46.2464819495094,-31.4094647260143,13.6437007873793));
#7961=CARTESIAN_POINT('Ctrl Pts',(46.2464819495094,-31.4094647260143,14.3937007873793));
#7962=CARTESIAN_POINT('Ctrl Pts',(46.5585174755087,-31.1353102626752,13.6437007873793));
#7963=CARTESIAN_POINT('Ctrl Pts',(46.5585174755087,-31.1353102626752,14.3937007873793));
#7964=CARTESIAN_POINT('Ctrl Pts',(46.8573499893379,-30.8463506625753,13.6437007873793));
#7965=CARTESIAN_POINT('Ctrl Pts',(46.8573499893379,-30.8463506625753,14.3937007873793));
#7966=CARTESIAN_POINT('Ctrl Pts',(47.1211621386,-30.5569344278708,13.6437007873793));
#7967=CARTESIAN_POINT('Ctrl Pts',(47.1211621386,-30.5569344278708,14.3937007873793));
#7968=CARTESIAN_POINT('Ctrl Pts',(47.3309559431482,-30.2801124398703,13.6437007873793));
#7969=CARTESIAN_POINT('Ctrl Pts',(47.3309559431482,-30.2801124398703,14.3937007873793));
#7970=CARTESIAN_POINT('Ctrl Pts',(47.4730033858968,-30.0251193187294,13.6437007873793));
#7971=CARTESIAN_POINT('Ctrl Pts',(47.4730033858968,-30.0251193187294,14.3937007873793));
#7972=CARTESIAN_POINT('Ctrl Pts',(47.5421889020365,-29.7940460484033,13.6437007873793));
#7973=CARTESIAN_POINT('Ctrl Pts',(47.5421889020365,-29.7940460484033,14.3937007873793));
#7974=CARTESIAN_POINT('Ctrl Pts',(47.5426948205369,-29.5810052143313,13.6437007873793));
#7975=CARTESIAN_POINT('Ctrl Pts',(47.5426948205369,-29.5810052143313,14.3937007873793));
#7976=CARTESIAN_POINT('Ctrl Pts',(47.483873856813,-29.3757912142736,13.6437007873793));
#7977=CARTESIAN_POINT('Ctrl Pts',(47.483873856813,-29.3757912142736,14.3937007873793));
#7978=CARTESIAN_POINT('Ctrl Pts',(47.3774767307221,-29.1663036695545,13.6437007873793));
#7979=CARTESIAN_POINT('Ctrl Pts',(47.3774767307221,-29.1663036695545,14.3937007873793));
#7980=CARTESIAN_POINT('Ctrl Pts',(47.2339892171034,-28.9418037996949,13.6437007873793));
#7981=CARTESIAN_POINT('Ctrl Pts',(47.2339892171034,-28.9418037996949,14.3937007873793));
#7982=CARTESIAN_POINT('Ctrl Pts',(47.0607499649458,-28.6945744505863,13.6437007873793));
#7983=CARTESIAN_POINT('Ctrl Pts',(47.0607499649458,-28.6945744505863,14.3937007873793));
#7984=CARTESIAN_POINT('Ctrl Pts',(46.8628476520189,-28.4190895453529,13.6437007873793));
#7985=CARTESIAN_POINT('Ctrl Pts',(46.8628476520189,-28.4190895453529,14.3937007873793));
#7986=CARTESIAN_POINT('Ctrl Pts',(46.6434066677058,-28.1117518396192,13.6437007873793));
#7987=CARTESIAN_POINT('Ctrl Pts',(46.6434066677058,-28.1117518396192,14.3937007873793));
#7988=CARTESIAN_POINT('Ctrl Pts',(46.4519670020358,-27.8386999242531,13.6437007873793));
#7989=CARTESIAN_POINT('Ctrl Pts',(46.4519670020358,-27.8386999242531,14.3937007873793));
#7990=CARTESIAN_POINT('Ctrl Pts',(46.2997421256926,-27.618174836512,13.6437007873793));
#7991=CARTESIAN_POINT('Ctrl Pts',(46.2997421256926,-27.618174836512,14.3937007873793));
#7992=CARTESIAN_POINT('Ctrl Pts',(46.1944260940271,-27.4641345636308,13.6437007873793));
#7993=CARTESIAN_POINT('Ctrl Pts',(46.1944260940271,-27.4641345636308,14.3937007873793));
#7994=CARTESIAN_POINT('Ctrl Pts',(46.140809865398,-27.3853585531496,13.6437007873793));
#7995=CARTESIAN_POINT('Ctrl Pts',(46.140809865398,-27.3853585531496,14.3937007873793));
#7996=CARTESIAN_POINT('Ctrl Pts',(45.0235952230828,-33.325,14.3937007873793));
#7997=CARTESIAN_POINT('Ctrl Pts',(45.0113950803751,-33.2618891385941,14.3937007873793));
#7998=CARTESIAN_POINT('Ctrl Pts',(44.9899407395812,-33.1410554781339,14.3937007873793));
#7999=CARTESIAN_POINT('Ctrl Pts',(44.9665970711137,-32.97596911514,14.3937007873793));
#8000=CARTESIAN_POINT('Ctrl Pts',(44.9534869979361,-32.7872996687348,14.3937007873793));
#8001=CARTESIAN_POINT('Ctrl Pts',(44.9693985252736,-32.5975007920135,14.3937007873793));
#8002=CARTESIAN_POINT('Ctrl Pts',(45.0210412599183,-32.4434053767561,14.3937007873793));
#8003=CARTESIAN_POINT('Ctrl Pts',(45.1127371746673,-32.3108669748574,14.3937007873793));
#8004=CARTESIAN_POINT('Ctrl Pts',(45.2494189121987,-32.1820516115524,14.3937007873793));
#8005=CARTESIAN_POINT('Ctrl Pts',(45.4345029635963,-32.0388604067645,14.3937007873793));
#8006=CARTESIAN_POINT('Ctrl Pts',(45.6677645239211,-31.8663082379353,14.3937007873793));
#8007=CARTESIAN_POINT('Ctrl Pts',(45.9431233434186,-31.6559901497623,14.3937007873793));
#8008=CARTESIAN_POINT('Ctrl Pts',(46.2464819495094,-31.4094647260143,14.3937007873793));
#8009=CARTESIAN_POINT('Ctrl Pts',(46.5585174755087,-31.1353102626752,14.3937007873793));
#8010=CARTESIAN_POINT('Ctrl Pts',(46.8573499893379,-30.8463506625753,14.3937007873793));
#8011=CARTESIAN_POINT('Ctrl Pts',(47.1211621386,-30.5569344278708,14.3937007873793));
#8012=CARTESIAN_POINT('Ctrl Pts',(47.3309559431482,-30.2801124398703,14.3937007873793));
#8013=CARTESIAN_POINT('Ctrl Pts',(47.4730033858968,-30.0251193187294,14.3937007873793));
#8014=CARTESIAN_POINT('Ctrl Pts',(47.5421889020365,-29.7940460484033,14.3937007873793));
#8015=CARTESIAN_POINT('Ctrl Pts',(47.5426948205369,-29.5810052143313,14.3937007873793));
#8016=CARTESIAN_POINT('Ctrl Pts',(47.483873856813,-29.3757912142736,14.3937007873793));
#8017=CARTESIAN_POINT('Ctrl Pts',(47.3774767307221,-29.1663036695545,14.3937007873793));
#8018=CARTESIAN_POINT('Ctrl Pts',(47.2339892171034,-28.9418037996949,14.3937007873793));
#8019=CARTESIAN_POINT('Ctrl Pts',(47.0607499649458,-28.6945744505863,14.3937007873793));
#8020=CARTESIAN_POINT('Ctrl Pts',(46.8628476520189,-28.4190895453529,14.3937007873793));
#8021=CARTESIAN_POINT('Ctrl Pts',(46.6434066677058,-28.1117518396192,14.3937007873793));
#8022=CARTESIAN_POINT('Ctrl Pts',(46.4519670020358,-27.8386999242531,14.3937007873793));
#8023=CARTESIAN_POINT('Ctrl Pts',(46.2997421256926,-27.618174836512,14.3937007873793));
#8024=CARTESIAN_POINT('Ctrl Pts',(46.1944260940271,-27.4641345636308,14.3937007873793));
#8025=CARTESIAN_POINT('Ctrl Pts',(46.140809865398,-27.3853585531496,14.3937007873793));
#8026=CARTESIAN_POINT('Origin',(36.025,-11.825,14.3937007873793));
#8027=CARTESIAN_POINT('Origin',(36.025,-11.825,13.6437007873793));
#8028=CARTESIAN_POINT('',(0.,0.,0.));
#8029=CARTESIAN_POINT('Origin',(18.1300000097512,-34.1437007975225,13.6437007776067));
#8030=CARTESIAN_POINT('',(18.1300000097512,-33.325,13.8937007776067));
#8031=CARTESIAN_POINT('',(18.1300000097512,-33.325,13.6437007776067));
#8032=CARTESIAN_POINT('',(18.1300000097512,-33.325,13.643700782493));
#8033=CARTESIAN_POINT('',(18.1300000213336,-0.393700797522492,13.8937007776067));
#8034=CARTESIAN_POINT('',(18.1300000097512,-34.1437007975225,13.8937007776067));
#8035=CARTESIAN_POINT('',(18.1300000213336,-0.393700797522492,13.6437007776067));
#8036=CARTESIAN_POINT('',(18.1300000213336,-0.393700797522492,13.6437007776067));
#8037=CARTESIAN_POINT('',(18.1300000097512,-22.9843503987612,13.6437007873793));
#8038=CARTESIAN_POINT('Origin',(17.3800000097512,25.4380077230973,13.6437007776067));
#8039=CARTESIAN_POINT('',(17.3800000097512,9.675,13.8937007776067));
#8040=CARTESIAN_POINT('',(17.3800000097512,9.675,13.6437007776067));
#8041=CARTESIAN_POINT('',(17.3800000097512,9.675,13.643700782493));
#8042=CARTESIAN_POINT('',(17.3800000097512,0.394553629799266,13.8937007776067));
#8043=CARTESIAN_POINT('',(17.3800000097512,25.4380077230973,13.8937007776067));
#8044=CARTESIAN_POINT('',(17.3800000097512,0.394553629799265,13.6437007776067));
#8045=CARTESIAN_POINT('',(17.3800000097512,0.394553629799265,13.6437007776067));
#8046=CARTESIAN_POINT('',(17.3800000097512,6.80650386154863,13.6437007873793));
#8047=CARTESIAN_POINT('Origin',(17.3700000213336,0.394553629799265,13.6437007776067));
#8048=CARTESIAN_POINT('',(17.3700000213336,0.394553629799265,13.6437007776067));
#8049=CARTESIAN_POINT('',(17.3700000213336,0.356299201219994,13.6437007776067));
#8050=CARTESIAN_POINT('',(17.3700000213335,-5.71522318510038,13.6437007873793));
#8051=CARTESIAN_POINT('',(17.3700000213336,0.394553629799265,13.8937007776067));
#8052=CARTESIAN_POINT('',(17.3700000213336,0.394553629799265,13.6437007776067));
#8053=CARTESIAN_POINT('',(17.3700000213336,0.356299201219994,13.8937007776067));
#8054=CARTESIAN_POINT('',(17.3700000213336,0.394553629799265,13.8937007776067));
#8055=CARTESIAN_POINT('',(17.3700000213336,0.356299201219994,13.6437007776067));
#8056=CARTESIAN_POINT('Origin',(17.3800000097512,0.394553629799265,13.6437007776067));
#8057=CARTESIAN_POINT('',(14.9275000048756,0.394553629799266,13.6437007873793));
#8058=CARTESIAN_POINT('',(17.3800000097512,0.394553629799265,13.8937007776067));
#8059=CARTESIAN_POINT('Origin',(18.1300000097512,0.356299202477511,13.6437007776067));
#8060=CARTESIAN_POINT('',(18.1300000097512,9.675,13.6437007776067));
#8061=CARTESIAN_POINT('',(18.1300000097512,9.675,13.8937007776067));
#8062=CARTESIAN_POINT('',(18.1300000097512,9.675,13.643700782493));
#8063=CARTESIAN_POINT('',(18.1300000200926,0.356299202477508,13.6437007776067));
#8064=CARTESIAN_POINT('',(18.1300000097512,-5.73435039876124,13.6437007873793));
#8065=CARTESIAN_POINT('',(18.1300000200926,0.356299202477508,13.8937007776067));
#8066=CARTESIAN_POINT('',(18.1300000200926,0.356299202477508,13.6437007776067));
#8067=CARTESIAN_POINT('',(18.1300000097512,-34.1437007975225,13.8937007776067));
#8068=CARTESIAN_POINT('Origin',(21.1254348944051,0.356299207433824,13.6437007776067));
#8069=CARTESIAN_POINT('',(21.1254348944051,0.356299207433824,13.6437007776067));
#8070=CARTESIAN_POINT('',(16.8002174371248,0.356299200277218,13.6437007873793));
#8071=CARTESIAN_POINT('',(21.1254348944051,0.356299207433824,13.8937007776067));
#8072=CARTESIAN_POINT('',(21.1254348944051,0.356299207433824,13.6437007776067));
#8073=CARTESIAN_POINT('',(21.1254348944051,0.356299207433824,13.8937007776067));
#8074=CARTESIAN_POINT('Origin',(21.1254348956212,-0.393700792566176,13.6437007776067));
#8075=CARTESIAN_POINT('',(21.1254348956212,-0.393700792566176,13.6437007776067));
#8076=CARTESIAN_POINT('',(21.1254349048883,-6.10935038927031,13.6437007873793));
#8077=CARTESIAN_POINT('',(21.1254348956212,-0.393700792566176,13.8937007776067));
#8078=CARTESIAN_POINT('',(21.1254348956212,-0.393700792566176,13.6437007776067));
#8079=CARTESIAN_POINT('',(21.1254348956212,-0.393700792566176,13.8937007776067));
#8080=CARTESIAN_POINT('Origin',(18.1300000213336,-0.393700797522492,13.6437007776067));
#8081=CARTESIAN_POINT('',(15.3025000012095,-0.393700802200939,13.6437007873793));
#8082=CARTESIAN_POINT('',(18.1300000213336,-0.393700797522492,13.8937007776067));
#8083=CARTESIAN_POINT('Origin',(17.3800000097512,-0.393700798780005,13.6437007776067));
#8084=CARTESIAN_POINT('',(17.3800000097512,-33.325,13.6437007776067));
#8085=CARTESIAN_POINT('',(17.3800000097512,-33.325,13.8937007776067));
#8086=CARTESIAN_POINT('',(17.3800000097512,-33.325,13.643700782493));
#8087=CARTESIAN_POINT('',(17.3800000097512,-0.393700798780006,13.6437007776067));
#8088=CARTESIAN_POINT('',(17.3800000097512,-6.10935039939,13.6437007873793));
#8089=CARTESIAN_POINT('',(17.3800000097512,-0.393700798780006,13.8937007776067));
#8090=CARTESIAN_POINT('',(17.3800000097512,-0.393700798780006,13.6437007776067));
#8091=CARTESIAN_POINT('',(17.3800000097512,25.4380077230973,13.8937007776067));
#8092=CARTESIAN_POINT('Origin',(17.3700000213336,-0.393700798723649,13.6437007776067));
#8093=CARTESIAN_POINT('',(17.3700000213336,-0.393700798723649,13.6437007776067));
#8094=CARTESIAN_POINT('',(14.9225000428787,-0.393700784930188,13.6437007873793));
#8095=CARTESIAN_POINT('',(17.3700000213336,-0.393700798723649,13.8937007776067));
#8096=CARTESIAN_POINT('',(17.3700000213336,-0.393700798723649,13.6437007776067));
#8097=CARTESIAN_POINT('',(17.3700000213336,-0.393700798723649,13.8937007776067));
#8098=CARTESIAN_POINT('Origin',(0.124549685778562,-0.393700827314729,13.6437007776068));
#8099=CARTESIAN_POINT('',(0.849999999999991,-0.393700826114382,13.8937007776068));
#8100=CARTESIAN_POINT('',(0.849999999999991,-0.393700826114382,13.6437007776068));
#8101=CARTESIAN_POINT('',(0.849999999999991,-0.393700826114383,13.643700782493));
#8102=CARTESIAN_POINT('',(0.858074037681012,-0.393700826101022,13.8937007776068));
#8103=CARTESIAN_POINT('',(6.29977483343203,-0.393700817097059,13.6437007873793));
#8104=CARTESIAN_POINT('Origin',(17.3700000200926,0.356299201219995,13.6437007776067));
#8105=CARTESIAN_POINT('',(0.849999999999991,0.356299173885618,13.6437007776068));
#8106=CARTESIAN_POINT('',(0.849999999999991,0.356299173885618,13.8937007776068));
#8107=CARTESIAN_POINT('',(0.84999999999999,0.356299173885618,13.643700782493));
#8108=CARTESIAN_POINT('',(14.9224999999686,0.356299197170305,13.6437007873793));
#8109=CARTESIAN_POINT('',(0.479245558152992,0.356299173272159,13.8937007776068));
#8110=CARTESIAN_POINT('Origin',(0.301897621965778,-0.018700827021285,13.8937007776067));
#8111=CARTESIAN_POINT('',(1.88915119944147,-33.325,13.8937007776067));
#8112=CARTESIAN_POINT('',(0.849999999999991,4.82814958648936,13.8937007776067));
#8113=CARTESIAN_POINT('',(12.2009488109829,9.675,13.8937007776067));
#8114=CARTESIAN_POINT('Origin',(24.1,9.675,13.6437007873793));
#8115=CARTESIAN_POINT('',(0.849999999999991,9.675,13.6437007873793));
#8116=CARTESIAN_POINT('',(24.1,9.675,13.6437007873793));
#8117=CARTESIAN_POINT('',(0.849999999999991,9.675,14.3937007873793));
#8118=CARTESIAN_POINT('',(0.849999999999991,9.675,13.6437007873793));
#8119=CARTESIAN_POINT('',(24.1,9.675,14.3937007873793));
#8120=CARTESIAN_POINT('',(24.1,9.675,14.3937007873793));
#8121=CARTESIAN_POINT('',(24.1,9.675,13.6437007873793));
#8122=CARTESIAN_POINT('',(24.1,9.675,13.6437007873793));
#8123=CARTESIAN_POINT('',(24.1,9.675,13.6437007873793));
#8124=CARTESIAN_POINT('Origin',(12.475,-11.825,13.6437007873793));
#8125=CARTESIAN_POINT('',(0.849999999999994,-33.325,13.6437007873793));
#8126=CARTESIAN_POINT('',(4.59872510815619,6.49790571224934,13.6437007873793));
#8127=CARTESIAN_POINT('Origin',(5.97372510815619,6.49790571224934,13.6437007873793));
#8128=CARTESIAN_POINT('',(8.59872510815619,3.99790571224934,13.6437007873793));
#8129=CARTESIAN_POINT('Origin',(9.97372510815619,3.99790571224934,13.6437007873793));
#8130=CARTESIAN_POINT('',(12.5987251081562,6.49790571224934,13.6437007873793));
#8131=CARTESIAN_POINT('Origin',(13.9737251081562,6.49790571224934,13.6437007873793));
#8132=CARTESIAN_POINT('Origin',(12.475,-11.825,13.6437007873793));
#8133=CARTESIAN_POINT('',(3.47640477691718,-33.325,13.6437007873793));
#8134=CARTESIAN_POINT('',(24.1,-33.325,13.6437007873793));
#8135=CARTESIAN_POINT('',(2.35919013460196,-27.3853585531496,13.6437007873793));
#8136=CARTESIAN_POINT('Ctrl Pts',(3.47640477691718,-33.325,13.6437007873793));
#8137=CARTESIAN_POINT('Ctrl Pts',(3.48860491962488,-33.2618891385941,13.6437007873793));
#8138=CARTESIAN_POINT('Ctrl Pts',(3.51005926041904,-33.1410554781339,13.6437007873793));
#8139=CARTESIAN_POINT('Ctrl Pts',(3.53340292888787,-32.97596911514,13.6437007873793));
#8140=CARTESIAN_POINT('Ctrl Pts',(3.54651300206666,-32.7872996687349,13.6437007873793));
#8141=CARTESIAN_POINT('Ctrl Pts',(3.53060147472833,-32.5975007920136,13.6437007873793));
#8142=CARTESIAN_POINT('Ctrl Pts',(3.47895874008156,-32.4434053767562,13.6437007873793));
#8143=CARTESIAN_POINT('Ctrl Pts',(3.387262825331,-32.3108669748573,13.6437007873793));
#8144=CARTESIAN_POINT('Ctrl Pts',(3.25058108779936,-32.1820516115522,13.6437007873793));
#8145=CARTESIAN_POINT('Ctrl Pts',(3.06549703640252,-32.0388604067643,13.6437007873793));
#8146=CARTESIAN_POINT('Ctrl Pts',(2.83223547607898,-31.8663082379352,13.6437007873793));
#8147=CARTESIAN_POINT('Ctrl Pts',(2.55687665658248,-31.6559901497626,13.6437007873793));
#8148=CARTESIAN_POINT('Ctrl Pts',(2.25351805049227,-31.4094647260149,13.6437007873793));
#8149=CARTESIAN_POINT('Ctrl Pts',(1.94148252449295,-31.1353102626759,13.6437007873793));
#8150=CARTESIAN_POINT('Ctrl Pts',(1.64265001066337,-30.846350662576,13.6437007873793));
#8151=CARTESIAN_POINT('Ctrl Pts',(1.37883786140072,-30.5569344278712,13.6437007873793));
#8152=CARTESIAN_POINT('Ctrl Pts',(1.169044056852,-30.2801124398704,13.6437007873793));
#8153=CARTESIAN_POINT('Ctrl Pts',(1.02699661410306,-30.0251193187293,13.6437007873793));
#8154=CARTESIAN_POINT('Ctrl Pts',(0.957811097963459,-29.7940460484032,13.6437007873793));
#8155=CARTESIAN_POINT('Ctrl Pts',(0.957305179463201,-29.5810052143312,13.6437007873793));
#8156=CARTESIAN_POINT('Ctrl Pts',(1.01612614318712,-29.3757912142735,13.6437007873793));
#8157=CARTESIAN_POINT('Ctrl Pts',(1.12252326927789,-29.1663036695545,13.6437007873793));
#8158=CARTESIAN_POINT('Ctrl Pts',(1.26601078289613,-28.9418037996951,13.6437007873793));
#8159=CARTESIAN_POINT('Ctrl Pts',(1.43925003505346,-28.6945744505865,13.6437007873793));
#8160=CARTESIAN_POINT('Ctrl Pts',(1.63715234798028,-28.4190895453532,13.6437007873793));
#8161=CARTESIAN_POINT('Ctrl Pts',(1.85659333229369,-28.1117518396195,13.6437007873793));
#8162=CARTESIAN_POINT('Ctrl Pts',(2.04803299796406,-27.8386999242532,13.6437007873793));
#8163=CARTESIAN_POINT('Ctrl Pts',(2.20025787430736,-27.618174836512,13.6437007873793));
#8164=CARTESIAN_POINT('Ctrl Pts',(2.30557390597294,-27.4641345636308,13.6437007873793));
#8165=CARTESIAN_POINT('Ctrl Pts',(2.35919013460196,-27.3853585531496,13.6437007873793));
#8166=CARTESIAN_POINT('',(2.5324961159588,-26.8197146657764,13.6437007873793));
#8167=CARTESIAN_POINT('Origin',(1.53250057281907,-26.822700247924,13.6437007873793));
#8168=CARTESIAN_POINT('',(2.49907431090248,-15.6253631558638,13.6437007873793));
#8169=CARTESIAN_POINT('Ctrl Pts',(2.53249611595879,-26.8197146657764,13.6437007873793));
#8170=CARTESIAN_POINT('Ctrl Pts',(2.53111249784799,-26.3562834567931,13.6437007873793));
#8171=CARTESIAN_POINT('Ctrl Pts',(2.52834526162523,-25.4294210388273,13.6437007873793));
#8172=CARTESIAN_POINT('Ctrl Pts',(2.52419440728728,-24.0391274118804,13.6437007873793));
#8173=CARTESIAN_POINT('Ctrl Pts',(2.51865993483171,-22.1854025759536,13.6437007873793));
#8174=CARTESIAN_POINT('Ctrl Pts',(2.51197557381631,-19.9465322739736,13.6437007873793));
#8175=CARTESIAN_POINT('Ctrl Pts',(2.50667483091496,-18.1710931809745,13.6437007873793));
#8176=CARTESIAN_POINT('Ctrl Pts',(2.50275770612903,-16.859085296956,13.6437007873793));
#8177=CARTESIAN_POINT('Ctrl Pts',(2.50022419945834,-16.0105086219189,13.6437007873793));
#8178=CARTESIAN_POINT('Ctrl Pts',(2.4990743109025,-15.6253631558637,13.6437007873793));
#8179=CARTESIAN_POINT('',(2.49790566310825,-15.2339344412285,13.6437007873793));
#8180=CARTESIAN_POINT('',(2.49907431090248,-15.6253631558638,13.6437007873793));
#8181=CARTESIAN_POINT('',(0.849999999999992,-12.1933369820601,13.6437007873793));
#8182=CARTESIAN_POINT('Ctrl Pts',(2.49790566310824,-15.2339344412285,13.6437007873793));
#8183=CARTESIAN_POINT('Ctrl Pts',(2.49759012364919,-15.1282471627495,13.6437007873793));
#8184=CARTESIAN_POINT('Ctrl Pts',(2.49210723368706,-14.9231274328868,13.6437007873793));
#8185=CARTESIAN_POINT('Ctrl Pts',(2.46932828506955,-14.6342112703083,13.6437007873793));
#8186=CARTESIAN_POINT('Ctrl Pts',(2.41080787233014,-14.2852061565394,13.6437007873793));
#8187=CARTESIAN_POINT('Ctrl Pts',(2.29567746735157,-13.9025295661669,13.6437007873793));
#8188=CARTESIAN_POINT('Ctrl Pts',(2.14444730714451,-13.565295728499,13.6437007873793));
#8189=CARTESIAN_POINT('Ctrl Pts',(1.96295041379727,-13.2654067948712,13.6437007873793));
#8190=CARTESIAN_POINT('Ctrl Pts',(1.75639628370416,-12.9956496441166,13.6437007873793));
#8191=CARTESIAN_POINT('Ctrl Pts',(1.52922204920265,-12.7500773157041,13.6437007873793));
#8192=CARTESIAN_POINT('Ctrl Pts',(1.30257664210784,-12.5405348900591,13.6437007873793));
#8193=CARTESIAN_POINT('Ctrl Pts',(1.11501730974856,-12.3872684889168,13.6437007873793));
#8194=CARTESIAN_POINT('Ctrl Pts',(0.974253757803836,-12.2814965518213,13.6437007873793));
#8195=CARTESIAN_POINT('Ctrl Pts',(0.885041439083116,-12.2178397330592,13.6437007873793));
#8196=CARTESIAN_POINT('Ctrl Pts',(0.849999999999992,-12.1933369820601,13.6437007873793));
#8197=CARTESIAN_POINT('',(0.849999999999994,-33.325,13.6437007873793));
#8198=CARTESIAN_POINT('',(4.5987251081562,-22.7520942877507,13.6437007873793));
#8199=CARTESIAN_POINT('Origin',(5.97372510815619,-22.7520942877507,13.6437007873793));
#8200=CARTESIAN_POINT('',(4.59872510815619,-7.75209428775066,13.6437007873793));
#8201=CARTESIAN_POINT('Origin',(5.97372510815619,-7.75209428775066,13.6437007873793));
#8202=CARTESIAN_POINT('',(12.5987251081562,-17.7520942877507,13.6437007873793));
#8203=CARTESIAN_POINT('Origin',(13.9737251081562,-17.7520942877507,13.6437007873793));
#8204=CARTESIAN_POINT('',(8.59872510815619,-5.25209428775066,13.6437007873793));
#8205=CARTESIAN_POINT('Origin',(9.97372510815619,-5.25209428775066,13.6437007873793));
#8206=CARTESIAN_POINT('',(12.5987251081562,-22.7520942877507,13.6437007873793));
#8207=CARTESIAN_POINT('Origin',(13.9737251081562,-22.7520942877507,13.6437007873793));
#8208=CARTESIAN_POINT('',(4.5987251081562,-27.7520942877507,13.6437007873793));
#8209=CARTESIAN_POINT('Origin',(5.97372510815619,-27.7520942877507,13.6437007873793));
#8210=CARTESIAN_POINT('',(12.5987251081562,-2.75209428775066,13.6437007873793));
#8211=CARTESIAN_POINT('Origin',(13.9737251081562,-2.75209428775066,13.6437007873793));
#8212=CARTESIAN_POINT('',(8.59872510815619,-25.2520942877506,13.6437007873793));
#8213=CARTESIAN_POINT('Origin',(9.97372510815619,-25.2520942877506,13.6437007873793));
#8214=CARTESIAN_POINT('',(4.5987251081562,-17.7520942877507,13.6437007873793));
#8215=CARTESIAN_POINT('Origin',(5.97372510815619,-17.7520942877507,13.6437007873793));
#8216=CARTESIAN_POINT('',(12.5987251081562,-7.75209428775066,13.6437007873793));
#8217=CARTESIAN_POINT('Origin',(13.9737251081562,-7.75209428775066,13.6437007873793));
#8218=CARTESIAN_POINT('',(12.5987251081562,-27.7520942877507,13.6437007873793));
#8219=CARTESIAN_POINT('Origin',(13.9737251081562,-27.7520942877507,13.6437007873793));
#8220=CARTESIAN_POINT('',(4.5987251081562,-12.7520942877507,13.6437007873793));
#8221=CARTESIAN_POINT('Origin',(5.97372510815619,-12.7520942877507,13.6437007873793));
#8222=CARTESIAN_POINT('',(4.59872510815619,-2.75209428775066,13.6437007873793));
#8223=CARTESIAN_POINT('Origin',(5.97372510815619,-2.75209428775066,13.6437007873793));
#8224=CARTESIAN_POINT('',(10.475,-31.525,13.6437007873793));
#8225=CARTESIAN_POINT('',(10.875,-31.125,13.6437007873793));
#8226=CARTESIAN_POINT('Origin',(10.875,-31.525,13.6437007873793));
#8227=CARTESIAN_POINT('',(10.475,-31.925,13.6437007873793));
#8228=CARTESIAN_POINT('',(10.475,-31.925,13.6437007873793));
#8229=CARTESIAN_POINT('',(10.875,-32.325,13.6437007873793));
#8230=CARTESIAN_POINT('Origin',(10.875,-31.925,13.6437007873793));
#8231=CARTESIAN_POINT('',(14.075,-32.325,13.6437007873793));
#8232=CARTESIAN_POINT('',(14.075,-32.325,13.6437007873793));
#8233=CARTESIAN_POINT('',(14.475,-31.925,13.6437007873793));
#8234=CARTESIAN_POINT('Origin',(14.075,-31.925,13.6437007873793));
#8235=CARTESIAN_POINT('',(14.475,-31.525,13.6437007873793));
#8236=CARTESIAN_POINT('',(14.475,-31.525,13.6437007873793));
#8237=CARTESIAN_POINT('',(14.075,-31.125,13.6437007873793));
#8238=CARTESIAN_POINT('Origin',(14.075,-31.525,13.6437007873793));
#8239=CARTESIAN_POINT('',(10.875,-31.125,13.6437007873793));
#8240=CARTESIAN_POINT('',(8.59872510815619,-15.2520942877507,13.6437007873793));
#8241=CARTESIAN_POINT('Origin',(9.97372510815619,-15.2520942877507,13.6437007873793));
#8242=CARTESIAN_POINT('',(8.59872510815619,-20.2520942877506,13.6437007873793));
#8243=CARTESIAN_POINT('Origin',(9.97372510815619,-20.2520942877506,13.6437007873793));
#8244=CARTESIAN_POINT('',(8.59872510815619,-10.2520942877507,13.6437007873793));
#8245=CARTESIAN_POINT('Origin',(9.97372510815619,-10.2520942877507,13.6437007873793));
#8246=CARTESIAN_POINT('',(12.5987251081562,-12.7520942877507,13.6437007873793));
#8247=CARTESIAN_POINT('Origin',(13.9737251081562,-12.7520942877507,13.6437007873793));
#8248=CARTESIAN_POINT('Origin',(12.475,-11.825,13.6437007873793));
#8249=CARTESIAN_POINT('',(24.1,-33.325,13.6437007873793));
#8250=CARTESIAN_POINT('',(24.1,9.67500000000001,13.6437007873793));
#8251=CARTESIAN_POINT('',(24.1,-33.325,13.6437007873793));
#8252=CARTESIAN_POINT('',(19.5987251081562,-2.75209428775065,13.6437007873793));
#8253=CARTESIAN_POINT('Origin',(20.9737251081562,-2.75209428775065,13.6437007873793));
#8254=CARTESIAN_POINT('',(19.5987251081562,3.99790571224935,13.6437007873793));
#8255=CARTESIAN_POINT('Origin',(20.9737251081562,3.99790571224935,13.6437007873793));
#8256=CARTESIAN_POINT('',(19.5987251081562,-17.7520942877507,13.6437007873793));
#8257=CARTESIAN_POINT('Origin',(20.9737251081562,-17.7520942877507,13.6437007873793));
#8258=CARTESIAN_POINT('',(19.5987251081562,-12.7520942877507,13.6437007873793));
#8259=CARTESIAN_POINT('Origin',(20.9737251081562,-12.7520942877507,13.6437007873793));
#8260=CARTESIAN_POINT('',(19.5987251081562,-27.7520942877506,13.6437007873793));
#8261=CARTESIAN_POINT('Origin',(20.9737251081562,-27.7520942877506,13.6437007873793));
#8262=CARTESIAN_POINT('',(19.5987251081562,-22.7520942877506,13.6437007873793));
#8263=CARTESIAN_POINT('Origin',(20.9737251081562,-22.7520942877506,13.6437007873793));
#8264=CARTESIAN_POINT('',(19.5987251081562,-7.75209428775065,13.6437007873793));
#8265=CARTESIAN_POINT('Origin',(20.9737251081562,-7.75209428775065,13.6437007873793));
#8266=CARTESIAN_POINT('Origin',(13.9737251081562,-12.7520942877507,13.6437007873793));
#8267=CARTESIAN_POINT('',(12.5987251081562,-12.7520942877507,14.3937007873793));
#8268=CARTESIAN_POINT('Origin',(13.9737251081562,-12.7520942877507,14.3937007873793));
#8269=CARTESIAN_POINT('',(12.5987251081562,-12.7520942877507,13.6437007873793));
#8270=CARTESIAN_POINT('Origin',(9.97372510815619,-10.2520942877507,13.6437007873793));
#8271=CARTESIAN_POINT('',(8.59872510815619,-10.2520942877507,14.3937007873793));
#8272=CARTESIAN_POINT('Origin',(9.97372510815619,-10.2520942877507,14.3937007873793));
#8273=CARTESIAN_POINT('',(8.59872510815619,-10.2520942877507,13.6437007873793));
#8274=CARTESIAN_POINT('Origin',(5.97372510815619,6.49790571224934,13.6437007873793));
#8275=CARTESIAN_POINT('',(4.59872510815619,6.49790571224934,14.3937007873793));
#8276=CARTESIAN_POINT('Origin',(5.97372510815619,6.49790571224934,14.3937007873793));
#8277=CARTESIAN_POINT('',(4.59872510815619,6.49790571224934,13.6437007873793));
#8278=CARTESIAN_POINT('Origin',(20.9737251081562,-2.75209428775065,13.6437007873793));
#8279=CARTESIAN_POINT('',(19.5987251081562,-2.75209428775065,14.3937007873793));
#8280=CARTESIAN_POINT('Origin',(20.9737251081562,-2.75209428775065,14.3937007873793));
#8281=CARTESIAN_POINT('',(19.5987251081562,-2.75209428775065,13.6437007873793));
#8282=CARTESIAN_POINT('Origin',(9.97372510815619,-20.2520942877506,13.6437007873793));
#8283=CARTESIAN_POINT('',(8.59872510815619,-20.2520942877506,14.3937007873793));
#8284=CARTESIAN_POINT('Origin',(9.97372510815619,-20.2520942877506,14.3937007873793));
#8285=CARTESIAN_POINT('',(8.59872510815619,-20.2520942877506,13.6437007873793));
#8286=CARTESIAN_POINT('Origin',(20.9737251081562,3.99790571224935,13.6437007873793));
#8287=CARTESIAN_POINT('',(19.5987251081562,3.99790571224935,14.3937007873793));
#8288=CARTESIAN_POINT('Origin',(20.9737251081562,3.99790571224935,14.3937007873793));
#8289=CARTESIAN_POINT('',(19.5987251081562,3.99790571224935,13.6437007873793));
#8290=CARTESIAN_POINT('Origin',(9.97372510815619,-15.2520942877507,13.6437007873793));
#8291=CARTESIAN_POINT('',(8.59872510815619,-15.2520942877507,14.3937007873793));
#8292=CARTESIAN_POINT('Origin',(9.97372510815619,-15.2520942877507,14.3937007873793));
#8293=CARTESIAN_POINT('',(8.59872510815619,-15.2520942877507,13.6437007873793));
#8294=CARTESIAN_POINT('Origin',(9.97372510815619,3.99790571224934,13.6437007873793));
#8295=CARTESIAN_POINT('',(8.59872510815619,3.99790571224934,14.3937007873793));
#8296=CARTESIAN_POINT('Origin',(9.97372510815619,3.99790571224934,14.3937007873793));
#8297=CARTESIAN_POINT('',(8.59872510815619,3.99790571224934,13.6437007873793));
#8298=CARTESIAN_POINT('Origin',(10.475,-31.925,13.6437007873793));
#8299=CARTESIAN_POINT('',(10.475,-31.525,14.3937007873793));
#8300=CARTESIAN_POINT('',(10.475,-31.525,13.6437007873793));
#8301=CARTESIAN_POINT('',(10.475,-31.925,14.3937007873793));
#8302=CARTESIAN_POINT('',(10.475,-31.925,14.3937007873793));
#8303=CARTESIAN_POINT('',(10.475,-31.925,13.6437007873793));
#8304=CARTESIAN_POINT('Origin',(10.875,-31.925,13.6437007873793));
#8305=CARTESIAN_POINT('',(10.875,-32.325,14.3937007873793));
#8306=CARTESIAN_POINT('Origin',(10.875,-31.925,14.3937007873793));
#8307=CARTESIAN_POINT('',(10.875,-32.325,13.6437007873793));
#8308=CARTESIAN_POINT('Origin',(14.075,-32.325,13.6437007873793));
#8309=CARTESIAN_POINT('',(14.075,-32.325,14.3937007873793));
#8310=CARTESIAN_POINT('',(14.075,-32.325,14.3937007873793));
#8311=CARTESIAN_POINT('',(14.075,-32.325,13.6437007873793));
#8312=CARTESIAN_POINT('Origin',(14.075,-31.925,13.6437007873793));
#8313=CARTESIAN_POINT('',(14.475,-31.925,14.3937007873793));
#8314=CARTESIAN_POINT('Origin',(14.075,-31.925,14.3937007873793));
#8315=CARTESIAN_POINT('',(14.475,-31.925,13.6437007873793));
#8316=CARTESIAN_POINT('Origin',(14.475,-31.525,13.6437007873793));
#8317=CARTESIAN_POINT('',(14.475,-31.525,14.3937007873793));
#8318=CARTESIAN_POINT('',(14.475,-31.525,14.3937007873793));
#8319=CARTESIAN_POINT('',(14.475,-31.525,13.6437007873793));
#8320=CARTESIAN_POINT('Origin',(14.075,-31.525,13.6437007873793));
#8321=CARTESIAN_POINT('',(14.075,-31.125,14.3937007873793));
#8322=CARTESIAN_POINT('Origin',(14.075,-31.525,14.3937007873793));
#8323=CARTESIAN_POINT('',(14.075,-31.125,13.6437007873793));
#8324=CARTESIAN_POINT('Origin',(10.875,-31.125,13.6437007873793));
#8325=CARTESIAN_POINT('',(10.875,-31.125,14.3937007873793));
#8326=CARTESIAN_POINT('',(10.875,-31.125,14.3937007873793));
#8327=CARTESIAN_POINT('',(10.875,-31.125,13.6437007873793));
#8328=CARTESIAN_POINT('Origin',(10.875,-31.525,13.6437007873793));
#8329=CARTESIAN_POINT('Origin',(10.875,-31.525,14.3937007873793));
#8330=CARTESIAN_POINT('Origin',(13.9737251081562,6.49790571224934,13.6437007873793));
#8331=CARTESIAN_POINT('',(12.5987251081562,6.49790571224934,14.3937007873793));
#8332=CARTESIAN_POINT('Origin',(13.9737251081562,6.49790571224934,14.3937007873793));
#8333=CARTESIAN_POINT('',(12.5987251081562,6.49790571224934,13.6437007873793));
#8334=CARTESIAN_POINT('Origin',(20.9737251081562,-17.7520942877507,13.6437007873793));
#8335=CARTESIAN_POINT('',(19.5987251081562,-17.7520942877507,14.3937007873793));
#8336=CARTESIAN_POINT('Origin',(20.9737251081562,-17.7520942877507,14.3937007873793));
#8337=CARTESIAN_POINT('',(19.5987251081562,-17.7520942877507,13.6437007873793));
#8338=CARTESIAN_POINT('Origin',(5.97372510815619,-2.75209428775066,13.6437007873793));
#8339=CARTESIAN_POINT('',(4.59872510815619,-2.75209428775066,14.3937007873793));
#8340=CARTESIAN_POINT('Origin',(5.97372510815619,-2.75209428775066,14.3937007873793));
#8341=CARTESIAN_POINT('',(4.59872510815619,-2.75209428775066,13.6437007873793));
#8342=CARTESIAN_POINT('Origin',(5.97372510815619,-12.7520942877507,13.6437007873793));
#8343=CARTESIAN_POINT('',(4.5987251081562,-12.7520942877507,14.3937007873793));
#8344=CARTESIAN_POINT('Origin',(5.97372510815619,-12.7520942877507,14.3937007873793));
#8345=CARTESIAN_POINT('',(4.5987251081562,-12.7520942877507,13.6437007873793));
#8346=CARTESIAN_POINT('Origin',(13.9737251081562,-27.7520942877507,13.6437007873793));
#8347=CARTESIAN_POINT('',(12.5987251081562,-27.7520942877507,14.3937007873793));
#8348=CARTESIAN_POINT('Origin',(13.9737251081562,-27.7520942877507,14.3937007873793));
#8349=CARTESIAN_POINT('',(12.5987251081562,-27.7520942877507,13.6437007873793));
#8350=CARTESIAN_POINT('Origin',(13.9737251081562,-7.75209428775066,13.6437007873793));
#8351=CARTESIAN_POINT('',(12.5987251081562,-7.75209428775066,14.3937007873793));
#8352=CARTESIAN_POINT('Origin',(13.9737251081562,-7.75209428775066,14.3937007873793));
#8353=CARTESIAN_POINT('',(12.5987251081562,-7.75209428775066,13.6437007873793));
#8354=CARTESIAN_POINT('Origin',(20.9737251081562,-12.7520942877507,13.6437007873793));
#8355=CARTESIAN_POINT('',(19.5987251081562,-12.7520942877507,14.3937007873793));
#8356=CARTESIAN_POINT('Origin',(20.9737251081562,-12.7520942877507,14.3937007873793));
#8357=CARTESIAN_POINT('',(19.5987251081562,-12.7520942877507,13.6437007873793));
#8358=CARTESIAN_POINT('Origin',(5.97372510815619,-17.7520942877507,13.6437007873793));
#8359=CARTESIAN_POINT('',(4.5987251081562,-17.7520942877507,14.3937007873793));
#8360=CARTESIAN_POINT('Origin',(5.97372510815619,-17.7520942877507,14.3937007873793));
#8361=CARTESIAN_POINT('',(4.5987251081562,-17.7520942877507,13.6437007873793));
#8362=CARTESIAN_POINT('Origin',(20.9737251081562,-27.7520942877506,13.6437007873793));
#8363=CARTESIAN_POINT('',(19.5987251081562,-27.7520942877506,14.3937007873793));
#8364=CARTESIAN_POINT('Origin',(20.9737251081562,-27.7520942877506,14.3937007873793));
#8365=CARTESIAN_POINT('',(19.5987251081562,-27.7520942877506,13.6437007873793));
#8366=CARTESIAN_POINT('Origin',(9.97372510815619,-25.2520942877506,13.6437007873793));
#8367=CARTESIAN_POINT('',(8.59872510815619,-25.2520942877506,14.3937007873793));
#8368=CARTESIAN_POINT('Origin',(9.97372510815619,-25.2520942877506,14.3937007873793));
#8369=CARTESIAN_POINT('',(8.59872510815619,-25.2520942877506,13.6437007873793));
#8370=CARTESIAN_POINT('Origin',(13.9737251081562,-2.75209428775066,13.6437007873793));
#8371=CARTESIAN_POINT('',(12.5987251081562,-2.75209428775066,14.3937007873793));
#8372=CARTESIAN_POINT('Origin',(13.9737251081562,-2.75209428775066,14.3937007873793));
#8373=CARTESIAN_POINT('',(12.5987251081562,-2.75209428775066,13.6437007873793));
#8374=CARTESIAN_POINT('Origin',(5.97372510815619,-27.7520942877507,13.6437007873793));
#8375=CARTESIAN_POINT('',(4.5987251081562,-27.7520942877507,14.3937007873793));
#8376=CARTESIAN_POINT('Origin',(5.97372510815619,-27.7520942877507,14.3937007873793));
#8377=CARTESIAN_POINT('',(4.5987251081562,-27.7520942877507,13.6437007873793));
#8378=CARTESIAN_POINT('Origin',(13.9737251081562,-22.7520942877507,13.6437007873793));
#8379=CARTESIAN_POINT('',(12.5987251081562,-22.7520942877507,14.3937007873793));
#8380=CARTESIAN_POINT('Origin',(13.9737251081562,-22.7520942877507,14.3937007873793));
#8381=CARTESIAN_POINT('',(12.5987251081562,-22.7520942877507,13.6437007873793));
#8382=CARTESIAN_POINT('Origin',(9.97372510815619,-5.25209428775066,13.6437007873793));
#8383=CARTESIAN_POINT('',(8.59872510815619,-5.25209428775066,14.3937007873793));
#8384=CARTESIAN_POINT('Origin',(9.97372510815619,-5.25209428775066,14.3937007873793));
#8385=CARTESIAN_POINT('',(8.59872510815619,-5.25209428775066,13.6437007873793));
#8386=CARTESIAN_POINT('Origin',(13.9737251081562,-17.7520942877507,13.6437007873793));
#8387=CARTESIAN_POINT('',(12.5987251081562,-17.7520942877507,14.3937007873793));
#8388=CARTESIAN_POINT('Origin',(13.9737251081562,-17.7520942877507,14.3937007873793));
#8389=CARTESIAN_POINT('',(12.5987251081562,-17.7520942877507,13.6437007873793));
#8390=CARTESIAN_POINT('Origin',(5.97372510815619,-7.75209428775066,13.6437007873793));
#8391=CARTESIAN_POINT('',(4.59872510815619,-7.75209428775066,14.3937007873793));
#8392=CARTESIAN_POINT('Origin',(5.97372510815619,-7.75209428775066,14.3937007873793));
#8393=CARTESIAN_POINT('',(4.59872510815619,-7.75209428775066,13.6437007873793));
#8394=CARTESIAN_POINT('Origin',(20.9737251081562,-22.7520942877506,13.6437007873793));
#8395=CARTESIAN_POINT('',(19.5987251081562,-22.7520942877506,14.3937007873793));
#8396=CARTESIAN_POINT('Origin',(20.9737251081562,-22.7520942877506,14.3937007873793));
#8397=CARTESIAN_POINT('',(19.5987251081562,-22.7520942877506,13.6437007873793));
#8398=CARTESIAN_POINT('Origin',(5.97372510815619,-22.7520942877507,13.6437007873793));
#8399=CARTESIAN_POINT('',(4.5987251081562,-22.7520942877507,14.3937007873793));
#8400=CARTESIAN_POINT('Origin',(5.97372510815619,-22.7520942877507,14.3937007873793));
#8401=CARTESIAN_POINT('',(4.5987251081562,-22.7520942877507,13.6437007873793));
#8402=CARTESIAN_POINT('Origin',(20.9737251081562,-7.75209428775065,13.6437007873793));
#8403=CARTESIAN_POINT('',(19.5987251081562,-7.75209428775065,14.3937007873793));
#8404=CARTESIAN_POINT('Origin',(20.9737251081562,-7.75209428775065,14.3937007873793));
#8405=CARTESIAN_POINT('',(19.5987251081562,-7.75209428775065,13.6437007873793));
#8406=CARTESIAN_POINT('Origin',(24.1,-33.325,13.6437007873793));
#8407=CARTESIAN_POINT('',(24.1,-33.325,14.3937007873793));
#8408=CARTESIAN_POINT('',(24.1,9.67500000000001,14.3937007873793));
#8409=CARTESIAN_POINT('',(24.1,-33.325,13.6437007873793));
#8410=CARTESIAN_POINT('Origin',(3.47640477691718,-33.325,13.6437007873793));
#8411=CARTESIAN_POINT('',(3.47640477691718,-33.325,14.3937007873793));
#8412=CARTESIAN_POINT('',(24.1,-33.325,14.3937007873793));
#8413=CARTESIAN_POINT('',(3.47640477691718,-33.325,13.6437007873793));
#8414=CARTESIAN_POINT('Ctrl Pts',(2.35919013460196,-27.3853585531496,13.6437007873793));
#8415=CARTESIAN_POINT('Ctrl Pts',(2.35919013460196,-27.3853585531496,14.3937007873793));
#8416=CARTESIAN_POINT('Ctrl Pts',(2.30557390597294,-27.4641345636308,13.6437007873793));
#8417=CARTESIAN_POINT('Ctrl Pts',(2.30557390597294,-27.4641345636308,14.3937007873793));
#8418=CARTESIAN_POINT('Ctrl Pts',(2.20025787430736,-27.618174836512,13.6437007873793));
#8419=CARTESIAN_POINT('Ctrl Pts',(2.20025787430736,-27.618174836512,14.3937007873793));
#8420=CARTESIAN_POINT('Ctrl Pts',(2.04803299796406,-27.8386999242532,13.6437007873793));
#8421=CARTESIAN_POINT('Ctrl Pts',(2.04803299796406,-27.8386999242532,14.3937007873793));
#8422=CARTESIAN_POINT('Ctrl Pts',(1.85659333229369,-28.1117518396195,13.6437007873793));
#8423=CARTESIAN_POINT('Ctrl Pts',(1.85659333229369,-28.1117518396195,14.3937007873793));
#8424=CARTESIAN_POINT('Ctrl Pts',(1.63715234798028,-28.4190895453532,13.6437007873793));
#8425=CARTESIAN_POINT('Ctrl Pts',(1.63715234798028,-28.4190895453532,14.3937007873793));
#8426=CARTESIAN_POINT('Ctrl Pts',(1.43925003505346,-28.6945744505865,13.6437007873793));
#8427=CARTESIAN_POINT('Ctrl Pts',(1.43925003505346,-28.6945744505865,14.3937007873793));
#8428=CARTESIAN_POINT('Ctrl Pts',(1.26601078289613,-28.9418037996951,13.6437007873793));
#8429=CARTESIAN_POINT('Ctrl Pts',(1.26601078289613,-28.9418037996951,14.3937007873793));
#8430=CARTESIAN_POINT('Ctrl Pts',(1.12252326927789,-29.1663036695545,13.6437007873793));
#8431=CARTESIAN_POINT('Ctrl Pts',(1.12252326927789,-29.1663036695545,14.3937007873793));
#8432=CARTESIAN_POINT('Ctrl Pts',(1.01612614318712,-29.3757912142735,13.6437007873793));
#8433=CARTESIAN_POINT('Ctrl Pts',(1.01612614318712,-29.3757912142735,14.3937007873793));
#8434=CARTESIAN_POINT('Ctrl Pts',(0.957305179463201,-29.5810052143312,13.6437007873793));
#8435=CARTESIAN_POINT('Ctrl Pts',(0.957305179463201,-29.5810052143312,14.3937007873793));
#8436=CARTESIAN_POINT('Ctrl Pts',(0.957811097963459,-29.7940460484032,13.6437007873793));
#8437=CARTESIAN_POINT('Ctrl Pts',(0.957811097963459,-29.7940460484032,14.3937007873793));
#8438=CARTESIAN_POINT('Ctrl Pts',(1.02699661410306,-30.0251193187293,13.6437007873793));
#8439=CARTESIAN_POINT('Ctrl Pts',(1.02699661410306,-30.0251193187293,14.3937007873793));
#8440=CARTESIAN_POINT('Ctrl Pts',(1.169044056852,-30.2801124398704,13.6437007873793));
#8441=CARTESIAN_POINT('Ctrl Pts',(1.169044056852,-30.2801124398704,14.3937007873793));
#8442=CARTESIAN_POINT('Ctrl Pts',(1.37883786140072,-30.5569344278712,13.6437007873793));
#8443=CARTESIAN_POINT('Ctrl Pts',(1.37883786140072,-30.5569344278712,14.3937007873793));
#8444=CARTESIAN_POINT('Ctrl Pts',(1.64265001066337,-30.846350662576,13.6437007873793));
#8445=CARTESIAN_POINT('Ctrl Pts',(1.64265001066337,-30.846350662576,14.3937007873793));
#8446=CARTESIAN_POINT('Ctrl Pts',(1.94148252449295,-31.1353102626759,13.6437007873793));
#8447=CARTESIAN_POINT('Ctrl Pts',(1.94148252449295,-31.1353102626759,14.3937007873793));
#8448=CARTESIAN_POINT('Ctrl Pts',(2.25351805049227,-31.4094647260149,13.6437007873793));
#8449=CARTESIAN_POINT('Ctrl Pts',(2.25351805049227,-31.4094647260149,14.3937007873793));
#8450=CARTESIAN_POINT('Ctrl Pts',(2.55687665658248,-31.6559901497626,13.6437007873793));
#8451=CARTESIAN_POINT('Ctrl Pts',(2.55687665658248,-31.6559901497626,14.3937007873793));
#8452=CARTESIAN_POINT('Ctrl Pts',(2.83223547607898,-31.8663082379352,13.6437007873793));
#8453=CARTESIAN_POINT('Ctrl Pts',(2.83223547607898,-31.8663082379352,14.3937007873793));
#8454=CARTESIAN_POINT('Ctrl Pts',(3.06549703640252,-32.0388604067643,13.6437007873793));
#8455=CARTESIAN_POINT('Ctrl Pts',(3.06549703640252,-32.0388604067643,14.3937007873793));
#8456=CARTESIAN_POINT('Ctrl Pts',(3.25058108779936,-32.1820516115522,13.6437007873793));
#8457=CARTESIAN_POINT('Ctrl Pts',(3.25058108779936,-32.1820516115522,14.3937007873793));
#8458=CARTESIAN_POINT('Ctrl Pts',(3.387262825331,-32.3108669748573,13.6437007873793));
#8459=CARTESIAN_POINT('Ctrl Pts',(3.387262825331,-32.3108669748573,14.3937007873793));
#8460=CARTESIAN_POINT('Ctrl Pts',(3.47895874008156,-32.4434053767562,13.6437007873793));
#8461=CARTESIAN_POINT('Ctrl Pts',(3.47895874008156,-32.4434053767562,14.3937007873793));
#8462=CARTESIAN_POINT('Ctrl Pts',(3.53060147472833,-32.5975007920136,13.6437007873793));
#8463=CARTESIAN_POINT('Ctrl Pts',(3.53060147472833,-32.5975007920136,14.3937007873793));
#8464=CARTESIAN_POINT('Ctrl Pts',(3.54651300206666,-32.7872996687349,13.6437007873793));
#8465=CARTESIAN_POINT('Ctrl Pts',(3.54651300206666,-32.7872996687349,14.3937007873793));
#8466=CARTESIAN_POINT('Ctrl Pts',(3.53340292888787,-32.97596911514,13.6437007873793));
#8467=CARTESIAN_POINT('Ctrl Pts',(3.53340292888787,-32.97596911514,14.3937007873793));
#8468=CARTESIAN_POINT('Ctrl Pts',(3.51005926041904,-33.1410554781339,13.6437007873793));
#8469=CARTESIAN_POINT('Ctrl Pts',(3.51005926041904,-33.1410554781339,14.3937007873793));
#8470=CARTESIAN_POINT('Ctrl Pts',(3.48860491962488,-33.2618891385941,13.6437007873793));
#8471=CARTESIAN_POINT('Ctrl Pts',(3.48860491962488,-33.2618891385941,14.3937007873793));
#8472=CARTESIAN_POINT('Ctrl Pts',(3.47640477691718,-33.325,13.6437007873793));
#8473=CARTESIAN_POINT('Ctrl Pts',(3.47640477691718,-33.325,14.3937007873793));
#8474=CARTESIAN_POINT('',(2.35919013460196,-27.3853585531496,14.3937007873793));
#8475=CARTESIAN_POINT('Ctrl Pts',(2.35919013460196,-27.3853585531496,14.3937007873793));
#8476=CARTESIAN_POINT('Ctrl Pts',(2.30557390597294,-27.4641345636308,14.3937007873793));
#8477=CARTESIAN_POINT('Ctrl Pts',(2.20025787430736,-27.618174836512,14.3937007873793));
#8478=CARTESIAN_POINT('Ctrl Pts',(2.04803299796406,-27.8386999242532,14.3937007873793));
#8479=CARTESIAN_POINT('Ctrl Pts',(1.85659333229369,-28.1117518396195,14.3937007873793));
#8480=CARTESIAN_POINT('Ctrl Pts',(1.63715234798028,-28.4190895453532,14.3937007873793));
#8481=CARTESIAN_POINT('Ctrl Pts',(1.43925003505346,-28.6945744505865,14.3937007873793));
#8482=CARTESIAN_POINT('Ctrl Pts',(1.26601078289613,-28.9418037996951,14.3937007873793));
#8483=CARTESIAN_POINT('Ctrl Pts',(1.12252326927789,-29.1663036695545,14.3937007873793));
#8484=CARTESIAN_POINT('Ctrl Pts',(1.01612614318712,-29.3757912142735,14.3937007873793));
#8485=CARTESIAN_POINT('Ctrl Pts',(0.957305179463201,-29.5810052143312,14.3937007873793));
#8486=CARTESIAN_POINT('Ctrl Pts',(0.957811097963459,-29.7940460484032,14.3937007873793));
#8487=CARTESIAN_POINT('Ctrl Pts',(1.02699661410306,-30.0251193187293,14.3937007873793));
#8488=CARTESIAN_POINT('Ctrl Pts',(1.169044056852,-30.2801124398704,14.3937007873793));
#8489=CARTESIAN_POINT('Ctrl Pts',(1.37883786140072,-30.5569344278712,14.3937007873793));
#8490=CARTESIAN_POINT('Ctrl Pts',(1.64265001066337,-30.846350662576,14.3937007873793));
#8491=CARTESIAN_POINT('Ctrl Pts',(1.94148252449295,-31.1353102626759,14.3937007873793));
#8492=CARTESIAN_POINT('Ctrl Pts',(2.25351805049227,-31.4094647260149,14.3937007873793));
#8493=CARTESIAN_POINT('Ctrl Pts',(2.55687665658248,-31.6559901497626,14.3937007873793));
#8494=CARTESIAN_POINT('Ctrl Pts',(2.83223547607898,-31.8663082379352,14.3937007873793));
#8495=CARTESIAN_POINT('Ctrl Pts',(3.06549703640252,-32.0388604067643,14.3937007873793));
#8496=CARTESIAN_POINT('Ctrl Pts',(3.25058108779936,-32.1820516115522,14.3937007873793));
#8497=CARTESIAN_POINT('Ctrl Pts',(3.387262825331,-32.3108669748573,14.3937007873793));
#8498=CARTESIAN_POINT('Ctrl Pts',(3.47895874008156,-32.4434053767562,14.3937007873793));
#8499=CARTESIAN_POINT('Ctrl Pts',(3.53060147472833,-32.5975007920136,14.3937007873793));
#8500=CARTESIAN_POINT('Ctrl Pts',(3.54651300206666,-32.7872996687349,14.3937007873793));
#8501=CARTESIAN_POINT('Ctrl Pts',(3.53340292888787,-32.97596911514,14.3937007873793));
#8502=CARTESIAN_POINT('Ctrl Pts',(3.51005926041904,-33.1410554781339,14.3937007873793));
#8503=CARTESIAN_POINT('Ctrl Pts',(3.48860491962488,-33.2618891385941,14.3937007873793));
#8504=CARTESIAN_POINT('Ctrl Pts',(3.47640477691718,-33.325,14.3937007873793));
#8505=CARTESIAN_POINT('',(2.35919013460196,-27.3853585531496,13.6437007873793));
#8506=CARTESIAN_POINT('Origin',(1.53250057281907,-26.822700247924,13.6437007873793));
#8507=CARTESIAN_POINT('',(2.5324961159588,-26.8197146657764,14.3937007873793));
#8508=CARTESIAN_POINT('Origin',(1.53250057281907,-26.822700247924,14.3937007873793));
#8509=CARTESIAN_POINT('',(2.5324961159588,-26.8197146657764,13.6437007873793));
#8510=CARTESIAN_POINT('Origin',(2.49790566310825,-15.2339344412285,13.6437007873793));
#8511=CARTESIAN_POINT('',(2.49907431090248,-15.6253631558638,14.3937007873793));
#8512=CARTESIAN_POINT('Ctrl Pts',(2.4990743109025,-15.6253631558637,14.3937007873793));
#8513=CARTESIAN_POINT('Ctrl Pts',(2.50022419945834,-16.0105086219189,14.3937007873793));
#8514=CARTESIAN_POINT('Ctrl Pts',(2.50275770612903,-16.859085296956,14.3937007873793));
#8515=CARTESIAN_POINT('Ctrl Pts',(2.50667483091496,-18.1710931809745,14.3937007873793));
#8516=CARTESIAN_POINT('Ctrl Pts',(2.51197557381631,-19.9465322739736,14.3937007873793));
#8517=CARTESIAN_POINT('Ctrl Pts',(2.51865993483171,-22.1854025759536,14.3937007873793));
#8518=CARTESIAN_POINT('Ctrl Pts',(2.52419440728728,-24.0391274118804,14.3937007873793));
#8519=CARTESIAN_POINT('Ctrl Pts',(2.52834526162523,-25.4294210388273,14.3937007873793));
#8520=CARTESIAN_POINT('Ctrl Pts',(2.53111249784799,-26.3562834567931,14.3937007873793));
#8521=CARTESIAN_POINT('Ctrl Pts',(2.53249611595879,-26.8197146657764,14.3937007873793));
#8522=CARTESIAN_POINT('',(2.49790566310825,-15.2339344412285,14.3937007873793));
#8523=CARTESIAN_POINT('',(2.49907431090248,-15.6253631558638,14.3937007873793));
#8524=CARTESIAN_POINT('',(2.49790566310825,-15.2339344412285,13.6437007873793));
#8525=CARTESIAN_POINT('Ctrl Pts',(0.849999999999992,-12.1933369820601,13.6437007873793));
#8526=CARTESIAN_POINT('Ctrl Pts',(0.849999999999992,-12.1933369820601,14.3937007873793));
#8527=CARTESIAN_POINT('Ctrl Pts',(0.885041439083116,-12.2178397330592,13.6437007873793));
#8528=CARTESIAN_POINT('Ctrl Pts',(0.885041439083116,-12.2178397330592,14.3937007873793));
#8529=CARTESIAN_POINT('Ctrl Pts',(0.974253757803836,-12.2814965518213,13.6437007873793));
#8530=CARTESIAN_POINT('Ctrl Pts',(0.974253757803836,-12.2814965518213,14.3937007873793));
#8531=CARTESIAN_POINT('Ctrl Pts',(1.11501730974856,-12.3872684889168,13.6437007873793));
#8532=CARTESIAN_POINT('Ctrl Pts',(1.11501730974856,-12.3872684889168,14.3937007873793));
#8533=CARTESIAN_POINT('Ctrl Pts',(1.30257664210784,-12.5405348900591,13.6437007873793));
#8534=CARTESIAN_POINT('Ctrl Pts',(1.30257664210784,-12.5405348900591,14.3937007873793));
#8535=CARTESIAN_POINT('Ctrl Pts',(1.52922204920265,-12.7500773157041,13.6437007873793));
#8536=CARTESIAN_POINT('Ctrl Pts',(1.52922204920265,-12.7500773157041,14.3937007873793));
#8537=CARTESIAN_POINT('Ctrl Pts',(1.75639628370416,-12.9956496441166,13.6437007873793));
#8538=CARTESIAN_POINT('Ctrl Pts',(1.75639628370416,-12.9956496441166,14.3937007873793));
#8539=CARTESIAN_POINT('Ctrl Pts',(1.96295041379727,-13.2654067948712,13.6437007873793));
#8540=CARTESIAN_POINT('Ctrl Pts',(1.96295041379727,-13.2654067948712,14.3937007873793));
#8541=CARTESIAN_POINT('Ctrl Pts',(2.14444730714451,-13.565295728499,13.6437007873793));
#8542=CARTESIAN_POINT('Ctrl Pts',(2.14444730714451,-13.565295728499,14.3937007873793));
#8543=CARTESIAN_POINT('Ctrl Pts',(2.29567746735157,-13.9025295661669,13.6437007873793));
#8544=CARTESIAN_POINT('Ctrl Pts',(2.29567746735157,-13.9025295661669,14.3937007873793));
#8545=CARTESIAN_POINT('Ctrl Pts',(2.41080787233014,-14.2852061565394,13.6437007873793));
#8546=CARTESIAN_POINT('Ctrl Pts',(2.41080787233014,-14.2852061565394,14.3937007873793));
#8547=CARTESIAN_POINT('Ctrl Pts',(2.46932828506955,-14.6342112703083,13.6437007873793));
#8548=CARTESIAN_POINT('Ctrl Pts',(2.46932828506955,-14.6342112703083,14.3937007873793));
#8549=CARTESIAN_POINT('Ctrl Pts',(2.49210723368706,-14.9231274328868,13.6437007873793));
#8550=CARTESIAN_POINT('Ctrl Pts',(2.49210723368706,-14.9231274328868,14.3937007873793));
#8551=CARTESIAN_POINT('Ctrl Pts',(2.49759012364919,-15.1282471627495,13.6437007873793));
#8552=CARTESIAN_POINT('Ctrl Pts',(2.49759012364919,-15.1282471627495,14.3937007873793));
#8553=CARTESIAN_POINT('Ctrl Pts',(2.49790566310824,-15.2339344412285,13.6437007873793));
#8554=CARTESIAN_POINT('Ctrl Pts',(2.49790566310824,-15.2339344412285,14.3937007873793));
#8555=CARTESIAN_POINT('',(0.849999999999991,-12.1933369820601,14.3937007873793));
#8556=CARTESIAN_POINT('Ctrl Pts',(0.849999999999992,-12.1933369820601,14.3937007873793));
#8557=CARTESIAN_POINT('Ctrl Pts',(0.885041439083116,-12.2178397330592,14.3937007873793));
#8558=CARTESIAN_POINT('Ctrl Pts',(0.974253757803836,-12.2814965518213,14.3937007873793));
#8559=CARTESIAN_POINT('Ctrl Pts',(1.11501730974856,-12.3872684889168,14.3937007873793));
#8560=CARTESIAN_POINT('Ctrl Pts',(1.30257664210784,-12.5405348900591,14.3937007873793));
#8561=CARTESIAN_POINT('Ctrl Pts',(1.52922204920265,-12.7500773157041,14.3937007873793));
#8562=CARTESIAN_POINT('Ctrl Pts',(1.75639628370416,-12.9956496441166,14.3937007873793));
#8563=CARTESIAN_POINT('Ctrl Pts',(1.96295041379727,-13.2654067948712,14.3937007873793));
#8564=CARTESIAN_POINT('Ctrl Pts',(2.14444730714451,-13.565295728499,14.3937007873793));
#8565=CARTESIAN_POINT('Ctrl Pts',(2.29567746735157,-13.9025295661669,14.3937007873793));
#8566=CARTESIAN_POINT('Ctrl Pts',(2.41080787233014,-14.2852061565394,14.3937007873793));
#8567=CARTESIAN_POINT('Ctrl Pts',(2.46932828506955,-14.6342112703083,14.3937007873793));
#8568=CARTESIAN_POINT('Ctrl Pts',(2.49210723368706,-14.9231274328868,14.3937007873793));
#8569=CARTESIAN_POINT('Ctrl Pts',(2.49759012364919,-15.1282471627495,14.3937007873793));
#8570=CARTESIAN_POINT('Ctrl Pts',(2.49790566310824,-15.2339344412285,14.3937007873793));
#8571=CARTESIAN_POINT('',(0.849999999999992,-12.1933369820601,13.6437007873793));
#8572=CARTESIAN_POINT('Origin',(0.84999999999999,9.675,13.6437007873793));
#8573=CARTESIAN_POINT('',(0.849999999999994,-33.325,14.3937007873793));
#8574=CARTESIAN_POINT('Origin',(12.475,-11.825,14.3937007873793));
#8575=CARTESIAN_POINT('',(0.,0.,0.));
#8576=CARTESIAN_POINT('Origin',(17.3800000097512,25.4380077230973,13.6437007776067));
#8577=CARTESIAN_POINT('',(17.3800000097512,9.675,13.6437007776067));
#8578=CARTESIAN_POINT('',(17.3800000097512,9.675,13.8937007776067));
#8579=CARTESIAN_POINT('',(17.3800000097512,9.675,13.643700782493));
#8580=CARTESIAN_POINT('',(17.3800000097512,25.4380077230973,13.6437007776067));
#8581=CARTESIAN_POINT('',(17.3800000097512,13.3065038615486,13.6437007873793));
#8582=CARTESIAN_POINT('',(17.3800000097512,25.4380077230973,13.8937007776067));
#8583=CARTESIAN_POINT('',(17.3800000097512,25.4380077230973,13.6437007776067));
#8584=CARTESIAN_POINT('',(17.3800000097512,25.4380077230973,13.8937007776067));
#8585=CARTESIAN_POINT('Origin',(0.301897621965778,-0.018700827021285,13.8937007776067));
#8586=CARTESIAN_POINT('',(18.1300000097512,9.675,13.8937007776067));
#8587=CARTESIAN_POINT('',(0.575948810982884,9.675,13.8937007776067));
#8588=CARTESIAN_POINT('',(18.1300000097512,25.4380077230973,13.8937007776067));
#8589=CARTESIAN_POINT('',(18.1300000097512,25.4380077230973,13.8937007776067));
#8590=CARTESIAN_POINT('',(18.1300000097512,-34.1437007975225,13.8937007776067));
#8591=CARTESIAN_POINT('Origin',(18.1300000097512,25.4380077230973,13.6437007776067));
#8592=CARTESIAN_POINT('',(18.1300000097512,25.4380077230973,13.6437007776067));
#8593=CARTESIAN_POINT('',(15.3025000048756,25.4380077230973,13.6437007873793));
#8594=CARTESIAN_POINT('',(18.1300000097512,25.4380077230973,13.6437007776067));
#8595=CARTESIAN_POINT('Origin',(18.1300000097512,0.356299202477511,13.6437007776067));
#8596=CARTESIAN_POINT('',(18.1300000097512,9.675,13.6437007776067));
#8597=CARTESIAN_POINT('',(18.1300000097512,9.675,13.643700782493));
#8598=CARTESIAN_POINT('',(18.1300000097512,0.765649601238757,13.6437007873793));
#8599=CARTESIAN_POINT('Origin',(0.849999999999991,9.675,13.6437007873793));
#8600=CARTESIAN_POINT('',(24.1,9.675,13.6437007873793));
#8601=CARTESIAN_POINT('',(24.1,9.675,13.6437007873793));
#8602=CARTESIAN_POINT('',(24.1,9.675,14.3937007873793));
#8603=CARTESIAN_POINT('',(24.1,9.675,13.6437007873793));
#8604=CARTESIAN_POINT('',(0.84999999999999,9.675,14.3937007873793));
#8605=CARTESIAN_POINT('',(24.1,9.675,14.3937007873793));
#8606=CARTESIAN_POINT('',(0.84999999999999,9.675,13.6437007873793));
#8607=CARTESIAN_POINT('',(0.84999999999999,9.675,13.6437007873793));
#8608=CARTESIAN_POINT('',(24.1,9.675,13.6437007873793));
#8609=CARTESIAN_POINT('Origin',(5.97372510815619,12.2479057122493,13.6437007873793));
#8610=CARTESIAN_POINT('',(4.59872510815619,12.2479057122493,14.3937007873793));
#8611=CARTESIAN_POINT('Origin',(5.97372510815619,12.2479057122493,14.3937007873793));
#8612=CARTESIAN_POINT('',(4.59872510815619,12.2479057122493,13.6437007873793));
#8613=CARTESIAN_POINT('',(4.59872510815619,12.2479057122493,13.6437007873793));
#8614=CARTESIAN_POINT('Origin',(5.97372510815619,12.2479057122493,13.6437007873793));
#8615=CARTESIAN_POINT('Origin',(13.9737251081562,22.2479057122493,13.6437007873793));
#8616=CARTESIAN_POINT('',(12.5987251081562,22.2479057122493,14.3937007873793));
#8617=CARTESIAN_POINT('Origin',(13.9737251081562,22.2479057122493,14.3937007873793));
#8618=CARTESIAN_POINT('',(12.5987251081562,22.2479057122493,13.6437007873793));
#8619=CARTESIAN_POINT('',(12.5987251081562,22.2479057122493,13.6437007873793));
#8620=CARTESIAN_POINT('Origin',(13.9737251081562,22.2479057122493,13.6437007873793));
#8621=CARTESIAN_POINT('Origin',(9.97372510815618,29.7479057122493,13.6437007873793));
#8622=CARTESIAN_POINT('',(8.59872510815618,29.7479057122493,14.3937007873793));
#8623=CARTESIAN_POINT('Origin',(9.97372510815618,29.7479057122493,14.3937007873793));
#8624=CARTESIAN_POINT('',(8.59872510815618,29.7479057122493,13.6437007873793));
#8625=CARTESIAN_POINT('',(8.59872510815618,29.7479057122493,13.6437007873793));
#8626=CARTESIAN_POINT('Origin',(9.97372510815618,29.7479057122493,13.6437007873793));
#8627=CARTESIAN_POINT('Origin',(20.9737251081562,27.2479057122493,13.6437007873793));
#8628=CARTESIAN_POINT('',(19.5987251081562,27.2479057122493,14.3937007873793));
#8629=CARTESIAN_POINT('Origin',(20.9737251081562,27.2479057122493,14.3937007873793));
#8630=CARTESIAN_POINT('',(19.5987251081562,27.2479057122493,13.6437007873793));
#8631=CARTESIAN_POINT('',(19.5987251081562,27.2479057122493,13.6437007873793));
#8632=CARTESIAN_POINT('Origin',(20.9737251081562,27.2479057122493,13.6437007873793));
#8633=CARTESIAN_POINT('Origin',(20.9737251081562,12.2479057122493,13.6437007873793));
#8634=CARTESIAN_POINT('',(19.5987251081562,12.2479057122493,14.3937007873793));
#8635=CARTESIAN_POINT('Origin',(20.9737251081562,12.2479057122493,14.3937007873793));
#8636=CARTESIAN_POINT('',(19.5987251081562,12.2479057122493,13.6437007873793));
#8637=CARTESIAN_POINT('',(19.5987251081562,12.2479057122493,13.6437007873793));
#8638=CARTESIAN_POINT('Origin',(20.9737251081562,12.2479057122493,13.6437007873793));
#8639=CARTESIAN_POINT('Origin',(9.97372510815619,19.7479057122493,13.6437007873793));
#8640=CARTESIAN_POINT('',(8.59872510815619,19.7479057122493,14.3937007873793));
#8641=CARTESIAN_POINT('Origin',(9.97372510815619,19.7479057122493,14.3937007873793));
#8642=CARTESIAN_POINT('',(8.59872510815619,19.7479057122493,13.6437007873793));
#8643=CARTESIAN_POINT('',(8.59872510815619,19.7479057122493,13.6437007873793));
#8644=CARTESIAN_POINT('Origin',(9.97372510815619,19.7479057122493,13.6437007873793));
#8645=CARTESIAN_POINT('Origin',(5.97372510815619,22.2479057122493,13.6437007873793));
#8646=CARTESIAN_POINT('',(4.59872510815619,22.2479057122493,14.3937007873793));
#8647=CARTESIAN_POINT('Origin',(5.97372510815619,22.2479057122493,14.3937007873793));
#8648=CARTESIAN_POINT('',(4.59872510815619,22.2479057122493,13.6437007873793));
#8649=CARTESIAN_POINT('',(4.59872510815619,22.2479057122493,13.6437007873793));
#8650=CARTESIAN_POINT('Origin',(5.97372510815619,22.2479057122493,13.6437007873793));
#8651=CARTESIAN_POINT('Origin',(13.9737251081562,17.2479057122493,13.6437007873793));
#8652=CARTESIAN_POINT('',(12.5987251081562,17.2479057122493,14.3937007873793));
#8653=CARTESIAN_POINT('Origin',(13.9737251081562,17.2479057122493,14.3937007873793));
#8654=CARTESIAN_POINT('',(12.5987251081562,17.2479057122493,13.6437007873793));
#8655=CARTESIAN_POINT('',(12.5987251081562,17.2479057122493,13.6437007873793));
#8656=CARTESIAN_POINT('Origin',(13.9737251081562,17.2479057122493,13.6437007873793));
#8657=CARTESIAN_POINT('Origin',(20.9737251081562,32.2479057122493,13.6437007873793));
#8658=CARTESIAN_POINT('',(19.5987251081562,32.2479057122493,14.3937007873793));
#8659=CARTESIAN_POINT('Origin',(20.9737251081562,32.2479057122493,14.3937007873793));
#8660=CARTESIAN_POINT('',(19.5987251081562,32.2479057122493,13.6437007873793));
#8661=CARTESIAN_POINT('',(19.5987251081562,32.2479057122493,13.6437007873793));
#8662=CARTESIAN_POINT('Origin',(20.9737251081562,32.2479057122493,13.6437007873793));
#8663=CARTESIAN_POINT('Origin',(5.97372510815619,17.2479057122493,13.6437007873793));
#8664=CARTESIAN_POINT('',(4.59872510815619,17.2479057122493,14.3937007873793));
#8665=CARTESIAN_POINT('Origin',(5.97372510815619,17.2479057122493,14.3937007873793));
#8666=CARTESIAN_POINT('',(4.59872510815619,17.2479057122493,13.6437007873793));
#8667=CARTESIAN_POINT('',(4.59872510815619,17.2479057122493,13.6437007873793));
#8668=CARTESIAN_POINT('Origin',(5.97372510815619,17.2479057122493,13.6437007873793));
#8669=CARTESIAN_POINT('Origin',(20.9737251081562,22.2479057122493,13.6437007873793));
#8670=CARTESIAN_POINT('',(19.5987251081562,22.2479057122493,14.3937007873793));
#8671=CARTESIAN_POINT('Origin',(20.9737251081562,22.2479057122493,14.3937007873793));
#8672=CARTESIAN_POINT('',(19.5987251081562,22.2479057122493,13.6437007873793));
#8673=CARTESIAN_POINT('',(19.5987251081562,22.2479057122493,13.6437007873793));
#8674=CARTESIAN_POINT('Origin',(20.9737251081562,22.2479057122493,13.6437007873793));
#8675=CARTESIAN_POINT('Origin',(13.9737251081562,27.2479057122493,13.6437007873793));
#8676=CARTESIAN_POINT('',(12.5987251081562,27.2479057122493,14.3937007873793));
#8677=CARTESIAN_POINT('Origin',(13.9737251081562,27.2479057122493,14.3937007873793));
#8678=CARTESIAN_POINT('',(12.5987251081562,27.2479057122493,13.6437007873793));
#8679=CARTESIAN_POINT('',(12.5987251081562,27.2479057122493,13.6437007873793));
#8680=CARTESIAN_POINT('Origin',(13.9737251081562,27.2479057122493,13.6437007873793));
#8681=CARTESIAN_POINT('Origin',(9.97372510815619,14.7479057122493,13.6437007873793));
#8682=CARTESIAN_POINT('',(8.59872510815619,14.7479057122493,14.3937007873793));
#8683=CARTESIAN_POINT('Origin',(9.97372510815619,14.7479057122493,14.3937007873793));
#8684=CARTESIAN_POINT('',(8.59872510815619,14.7479057122493,13.6437007873793));
#8685=CARTESIAN_POINT('',(8.59872510815619,14.7479057122493,13.6437007873793));
#8686=CARTESIAN_POINT('Origin',(9.97372510815619,14.7479057122493,13.6437007873793));
#8687=CARTESIAN_POINT('Origin',(13.9737251081562,32.2479057122493,13.6437007873793));
#8688=CARTESIAN_POINT('',(12.5987251081562,32.2479057122493,14.3937007873793));
#8689=CARTESIAN_POINT('Origin',(13.9737251081562,32.2479057122493,14.3937007873793));
#8690=CARTESIAN_POINT('',(12.5987251081562,32.2479057122493,13.6437007873793));
#8691=CARTESIAN_POINT('',(12.5987251081562,32.2479057122493,13.6437007873793));
#8692=CARTESIAN_POINT('Origin',(13.9737251081562,32.2479057122493,13.6437007873793));
#8693=CARTESIAN_POINT('Origin',(20.9737251081562,17.2479057122493,13.6437007873793));
#8694=CARTESIAN_POINT('',(19.5987251081562,17.2479057122493,14.3937007873793));
#8695=CARTESIAN_POINT('Origin',(20.9737251081562,17.2479057122493,14.3937007873793));
#8696=CARTESIAN_POINT('',(19.5987251081562,17.2479057122493,13.6437007873793));
#8697=CARTESIAN_POINT('',(19.5987251081562,17.2479057122493,13.6437007873793));
#8698=CARTESIAN_POINT('Origin',(20.9737251081562,17.2479057122493,13.6437007873793));
#8699=CARTESIAN_POINT('Origin',(5.97372510815619,27.2479057122493,13.6437007873793));
#8700=CARTESIAN_POINT('',(4.59872510815619,27.2479057122493,14.3937007873793));
#8701=CARTESIAN_POINT('Origin',(5.97372510815619,27.2479057122493,14.3937007873793));
#8702=CARTESIAN_POINT('',(4.59872510815619,27.2479057122493,13.6437007873793));
#8703=CARTESIAN_POINT('',(4.59872510815619,27.2479057122493,13.6437007873793));
#8704=CARTESIAN_POINT('Origin',(5.97372510815619,27.2479057122493,13.6437007873793));
#8705=CARTESIAN_POINT('Origin',(9.97372510815619,24.7479057122493,13.6437007873793));
#8706=CARTESIAN_POINT('',(8.59872510815619,24.7479057122493,14.3937007873793));
#8707=CARTESIAN_POINT('Origin',(9.97372510815619,24.7479057122493,14.3937007873793));
#8708=CARTESIAN_POINT('',(8.59872510815619,24.7479057122493,13.6437007873793));
#8709=CARTESIAN_POINT('',(8.59872510815619,24.7479057122493,13.6437007873793));
#8710=CARTESIAN_POINT('Origin',(9.97372510815619,24.7479057122493,13.6437007873793));
#8711=CARTESIAN_POINT('Origin',(13.9737251081562,12.2479057122493,13.6437007873793));
#8712=CARTESIAN_POINT('',(12.5987251081562,12.2479057122493,14.3937007873793));
#8713=CARTESIAN_POINT('Origin',(13.9737251081562,12.2479057122493,14.3937007873793));
#8714=CARTESIAN_POINT('',(12.5987251081562,12.2479057122493,13.6437007873793));
#8715=CARTESIAN_POINT('',(12.5987251081562,12.2479057122493,13.6437007873793));
#8716=CARTESIAN_POINT('Origin',(13.9737251081562,12.2479057122493,13.6437007873793));
#8717=CARTESIAN_POINT('Origin',(5.97372510815618,32.2479057122493,13.6437007873793));
#8718=CARTESIAN_POINT('',(4.59872510815618,32.2479057122493,14.3937007873793));
#8719=CARTESIAN_POINT('Origin',(5.97372510815618,32.2479057122493,14.3937007873793));
#8720=CARTESIAN_POINT('',(4.59872510815618,32.2479057122493,13.6437007873793));
#8721=CARTESIAN_POINT('',(4.59872510815618,32.2479057122493,13.6437007873793));
#8722=CARTESIAN_POINT('Origin',(5.97372510815618,32.2479057122493,13.6437007873793));
#8723=CARTESIAN_POINT('Origin',(24.1,9.675,13.6437007873793));
#8724=CARTESIAN_POINT('',(24.1,35.675,13.6437007873793));
#8725=CARTESIAN_POINT('',(24.1,35.675,13.6437007873793));
#8726=CARTESIAN_POINT('',(24.1,35.675,14.3937007873793));
#8727=CARTESIAN_POINT('',(24.1,35.675,13.6437007873793));
#8728=CARTESIAN_POINT('',(24.1,35.675,14.3937007873793));
#8729=CARTESIAN_POINT('Origin',(0.849999999999989,35.675,13.6437007873793));
#8730=CARTESIAN_POINT('',(0.849999999999989,35.675,13.6437007873793));
#8731=CARTESIAN_POINT('',(0.84999999999999,9.675,13.6437007873793));
#8732=CARTESIAN_POINT('',(0.849999999999988,35.675,14.3937007873793));
#8733=CARTESIAN_POINT('',(0.84999999999999,9.675,14.3937007873793));
#8734=CARTESIAN_POINT('',(0.849999999999989,35.675,13.6437007873793));
#8735=CARTESIAN_POINT('Origin',(24.1,35.675,13.6437007873793));
#8736=CARTESIAN_POINT('',(0.849999999999989,35.675,13.6437007873793));
#8737=CARTESIAN_POINT('',(0.849999999999989,35.675,14.3937007873793));
#8738=CARTESIAN_POINT('Origin',(12.475,1.175,14.3937007873793));
#8739=CARTESIAN_POINT('Origin',(12.475,1.175,13.6437007873793));
#8740=CARTESIAN_POINT('',(-23.3999975009227,10.675000528651,14.3937007873793));
#8741=CARTESIAN_POINT('',(49.3470603161909,34.3250001922367,14.3937007873793));
#8742=CARTESIAN_POINT('',(48.6471504752091,53.6749998077633,14.3937007873793));
#8743=CARTESIAN_POINT('',(0.,0.,0.));
#8744=CARTESIAN_POINT('',(0.,0.,0.));
#8745=CARTESIAN_POINT('Origin',(31.1253977689058,-17.7694661309285,7.35073576167237));
#8746=CARTESIAN_POINT('',(30.3753977689058,-13.5194661309285,7.35073576167237));
#8747=CARTESIAN_POINT('Origin',(30.3753977689058,-17.7694661309285,7.35073576167237));
#8748=CARTESIAN_POINT('',(31.1253977689058,-13.5194661309285,7.35073576167237));
#8749=CARTESIAN_POINT('',(31.1253977689058,-13.5194661309285,7.35073576167237));
#8750=CARTESIAN_POINT('Origin',(31.1253977689058,-17.7694661309285,7.35073576167237));
#8751=CARTESIAN_POINT('Origin',(31.1253977689058,19.7965573497857,6.87948139867532));
#8752=CARTESIAN_POINT('',(30.3753977689058,24.7965573497857,6.87948139867532));
#8753=CARTESIAN_POINT('Origin',(30.3753977689058,19.7965573497857,6.87948139867532));
#8754=CARTESIAN_POINT('',(31.1253977689058,24.7965573497857,6.87948139867532));
#8755=CARTESIAN_POINT('',(31.1253977689058,24.7965573497857,6.87948139867532));
#8756=CARTESIAN_POINT('Origin',(31.1253977689058,19.7965573497857,6.87948139867532));
#8757=CARTESIAN_POINT('Origin',(31.1253977689058,8.00975586800584,7.18282610054676));
#8758=CARTESIAN_POINT('',(30.3753977689058,12.5097558680058,7.18282610054676));
#8759=CARTESIAN_POINT('Origin',(30.3753977689058,8.00975586800584,7.18282610054676));
#8760=CARTESIAN_POINT('',(31.1253977689058,12.5097558680058,7.18282610054676));
#8761=CARTESIAN_POINT('',(31.1253977689058,12.5097558680058,7.18282610054676));
#8762=CARTESIAN_POINT('Origin',(31.1253977689058,8.00975586800584,7.18282610054676));
#8763=CARTESIAN_POINT('Origin',(31.1253977689058,-7.07728471817805,7.41795414227545));
#8764=CARTESIAN_POINT('',(30.3753977689058,-2.82728471817805,7.41795414227544));
#8765=CARTESIAN_POINT('Origin',(30.3753977689058,-7.07728471817805,7.41795414227545));
#8766=CARTESIAN_POINT('',(31.1253977689058,-2.82728471817805,7.41795414227544));
#8767=CARTESIAN_POINT('',(31.1253977689058,-2.82728471817805,7.41795414227544));
#8768=CARTESIAN_POINT('Origin',(31.1253977689058,-7.07728471817805,7.41795414227545));
#8769=CARTESIAN_POINT('Origin',(31.1253977689058,-28.2155843927317,7.56502496463812));
#8770=CARTESIAN_POINT('',(30.3753977689058,-23.9655843927317,7.56502496463812));
#8771=CARTESIAN_POINT('Origin',(30.3753977689058,-28.2155843927317,7.56502496463812));
#8772=CARTESIAN_POINT('',(31.1253977689058,-23.9655843927317,7.56502496463812));
#8773=CARTESIAN_POINT('',(31.1253977689058,-23.9655843927317,7.56502496463812));
#8774=CARTESIAN_POINT('Origin',(31.1253977689058,-28.2155843927317,7.56502496463812));
#8775=CARTESIAN_POINT('Origin',(31.1253977689058,28.85629922398,-0.356299212620692));
#8776=CARTESIAN_POINT('',(31.1253977689058,0.356299223979994,1.14370078737931));
#8777=CARTESIAN_POINT('',(31.1253977689058,28.85629922398,-0.356299212620692));
#8778=CARTESIAN_POINT('',(31.1253977689058,0.356299223979994,1.14370078737931));
#8779=CARTESIAN_POINT('',(30.3753977689058,0.356299223979994,1.14370078737931));
#8780=CARTESIAN_POINT('',(31.1253977689058,0.356299223979994,1.14370078737931));
#8781=CARTESIAN_POINT('',(30.3753977689058,28.85629922398,-0.356299212620692));
#8782=CARTESIAN_POINT('',(30.3753977689058,0.356299223979994,1.14370078737931));
#8783=CARTESIAN_POINT('',(31.1253977689058,28.85629922398,-0.356299212620692));
#8784=CARTESIAN_POINT('Origin',(31.1253977689058,28.85629922398,3.66463630115871));
#8785=CARTESIAN_POINT('',(31.1253977689058,28.85629922398,3.66463630115871));
#8786=CARTESIAN_POINT('',(31.1253977689058,28.85629922398,13.6437007873793));
#8787=CARTESIAN_POINT('',(30.3753977689058,28.85629922398,3.66463630115871));
#8788=CARTESIAN_POINT('',(30.3753977689058,28.85629922398,13.6437007873793));
#8789=CARTESIAN_POINT('',(31.1253977689058,28.85629922398,3.66463630115871));
#8790=CARTESIAN_POINT('Origin',(31.1253977689058,25.4380077445998,13.6437007873793));
#8791=CARTESIAN_POINT('',(31.1253977689058,25.4380077445998,13.6437007873793));
#8792=CARTESIAN_POINT('',(31.1253977689058,28.85629922398,3.66463630115871));
#8793=CARTESIAN_POINT('',(30.3753977689058,25.4380077445998,13.6437007873793));
#8794=CARTESIAN_POINT('',(30.3753977689058,28.85629922398,3.66463630115871));
#8795=CARTESIAN_POINT('',(31.1253977689058,25.4380077445998,13.6437007873793));
#8796=CARTESIAN_POINT('Origin',(31.1253977689058,-34.14370077602,13.6437007873793));
#8797=CARTESIAN_POINT('',(31.1253977689058,-34.14370077602,13.6437007873793));
#8798=CARTESIAN_POINT('',(31.1253977689058,-35.14370077602,13.6437007873793));
#8799=CARTESIAN_POINT('',(30.3753977689058,-34.14370077602,13.6437007873793));
#8800=CARTESIAN_POINT('',(30.3753977689058,-35.14370077602,13.6437007873793));
#8801=CARTESIAN_POINT('',(31.1253977689058,-34.14370077602,13.6437007873793));
#8802=CARTESIAN_POINT('Origin',(31.1253977689058,-34.983721339627,1.88341289688083));
#8803=CARTESIAN_POINT('',(31.1253977689058,-34.983721339627,1.88341289688083));
#8804=CARTESIAN_POINT('',(31.1253977689058,-34.14370077602,13.6437007873793));
#8805=CARTESIAN_POINT('',(30.3753977689058,-34.983721339627,1.88341289688083));
#8806=CARTESIAN_POINT('',(30.3753977689058,-34.14370077602,13.6437007873793));
#8807=CARTESIAN_POINT('',(31.1253977689058,-34.983721339627,1.88341289688083));
#8808=CARTESIAN_POINT('Ctrl Pts',(31.1253977689058,-0.403700776020008,1.14370078737932));
#8809=CARTESIAN_POINT('Ctrl Pts',(30.3753977689058,-0.403700776020008,1.14370078737932));
#8810=CARTESIAN_POINT('Ctrl Pts',(31.1253977689058,-1.11321460714151,1.13005392744637));
#8811=CARTESIAN_POINT('Ctrl Pts',(30.3753977689058,-1.11321460714151,1.13005392744637));
#8812=CARTESIAN_POINT('Ctrl Pts',(31.1253977689058,-2.53096368196917,1.10524953305529));
#8813=CARTESIAN_POINT('Ctrl Pts',(30.3753977689058,-2.53096368196917,1.10524953305529));
#8814=CARTESIAN_POINT('Ctrl Pts',(31.1253977689058,-4.65375167984291,1.07551062998403));
#8815=CARTESIAN_POINT('Ctrl Pts',(30.3753977689058,-4.65375167984291,1.07551062998403));
#8816=CARTESIAN_POINT('Ctrl Pts',(31.1253977689058,-7.4763369632951,1.05104234110356));
#8817=CARTESIAN_POINT('Ctrl Pts',(30.3753977689058,-7.4763369632951,1.05104234110356));
#8818=CARTESIAN_POINT('Ctrl Pts',(31.1253977689058,-10.990683048435,1.04749117115679));
#8819=CARTESIAN_POINT('Ctrl Pts',(30.3753977689058,-10.990683048435,1.04749117115679));
#8820=CARTESIAN_POINT('Ctrl Pts',(31.1253977689058,-14.4898813631115,1.07343171246061));
#8821=CARTESIAN_POINT('Ctrl Pts',(30.3753977689058,-14.4898813631115,1.07343171246061));
#8822=CARTESIAN_POINT('Ctrl Pts',(31.1253977689058,-17.9726620290225,1.1313363344052));
#8823=CARTESIAN_POINT('Ctrl Pts',(30.3753977689058,-17.9726620290225,1.1313363344052));
#8824=CARTESIAN_POINT('Ctrl Pts',(31.1253977689058,-21.4382712643642,1.22267260049638));
#8825=CARTESIAN_POINT('Ctrl Pts',(30.3753977689058,-21.4382712643642,1.22267260049638));
#8826=CARTESIAN_POINT('Ctrl Pts',(31.1253977689058,-24.8873108196245,1.34626894216306));
#8827=CARTESIAN_POINT('Ctrl Pts',(30.3753977689058,-24.8873108196245,1.34626894216306));
#8828=CARTESIAN_POINT('Ctrl Pts',(31.1253977689058,-28.2886881834054,1.49830896796413));
#8829=CARTESIAN_POINT('Ctrl Pts',(30.3753977689058,-28.2886881834054,1.49830896796413));
#8830=CARTESIAN_POINT('Ctrl Pts',(31.1253977689058,-30.9923021650115,1.64111850361858));
#8831=CARTESIAN_POINT('Ctrl Pts',(30.3753977689058,-30.9923021650115,1.64111850361858));
#8832=CARTESIAN_POINT('Ctrl Pts',(31.1253977689058,-33.0061975234884,1.7590349332295));
#8833=CARTESIAN_POINT('Ctrl Pts',(30.3753977689058,-33.0061975234884,1.7590349332295));
#8834=CARTESIAN_POINT('Ctrl Pts',(31.1253977689058,-34.3356164167994,1.84185212058582));
#8835=CARTESIAN_POINT('Ctrl Pts',(30.3753977689058,-34.3356164167994,1.84185212058582));
#8836=CARTESIAN_POINT('Ctrl Pts',(31.1253977689058,-34.983721339627,1.88341289688083));
#8837=CARTESIAN_POINT('Ctrl Pts',(30.3753977689058,-34.983721339627,1.88341289688083));
#8838=CARTESIAN_POINT('',(31.1253977689058,-0.403700776020008,1.14370078737932));
#8839=CARTESIAN_POINT('Ctrl Pts',(31.1253977689058,-0.403700776020008,1.14370078737932));
#8840=CARTESIAN_POINT('Ctrl Pts',(31.1253977689058,-1.11321460714151,1.13005392744637));
#8841=CARTESIAN_POINT('Ctrl Pts',(31.1253977689058,-2.53096368196917,1.10524953305529));
#8842=CARTESIAN_POINT('Ctrl Pts',(31.1253977689058,-4.65375167984291,1.07551062998403));
#8843=CARTESIAN_POINT('Ctrl Pts',(31.1253977689058,-7.4763369632951,1.05104234110356));
#8844=CARTESIAN_POINT('Ctrl Pts',(31.1253977689058,-10.990683048435,1.04749117115679));
#8845=CARTESIAN_POINT('Ctrl Pts',(31.1253977689058,-14.4898813631115,1.07343171246061));
#8846=CARTESIAN_POINT('Ctrl Pts',(31.1253977689058,-17.9726620290225,1.1313363344052));
#8847=CARTESIAN_POINT('Ctrl Pts',(31.1253977689058,-21.4382712643642,1.22267260049638));
#8848=CARTESIAN_POINT('Ctrl Pts',(31.1253977689058,-24.8873108196245,1.34626894216306));
#8849=CARTESIAN_POINT('Ctrl Pts',(31.1253977689058,-28.2886881834054,1.49830896796413));
#8850=CARTESIAN_POINT('Ctrl Pts',(31.1253977689058,-30.9923021650115,1.64111850361858));
#8851=CARTESIAN_POINT('Ctrl Pts',(31.1253977689058,-33.0061975234884,1.7590349332295));
#8852=CARTESIAN_POINT('Ctrl Pts',(31.1253977689058,-34.3356164167994,1.84185212058582));
#8853=CARTESIAN_POINT('Ctrl Pts',(31.1253977689058,-34.983721339627,1.88341289688083));
#8854=CARTESIAN_POINT('',(30.3753977689058,-0.403700776020008,1.14370078737932));
#8855=CARTESIAN_POINT('Ctrl Pts',(30.3753977689058,-0.403700776020008,1.14370078737932));
#8856=CARTESIAN_POINT('Ctrl Pts',(30.3753977689058,-1.11321460714151,1.13005392744637));
#8857=CARTESIAN_POINT('Ctrl Pts',(30.3753977689058,-2.53096368196917,1.10524953305529));
#8858=CARTESIAN_POINT('Ctrl Pts',(30.3753977689058,-4.65375167984291,1.07551062998403));
#8859=CARTESIAN_POINT('Ctrl Pts',(30.3753977689058,-7.4763369632951,1.05104234110356));
#8860=CARTESIAN_POINT('Ctrl Pts',(30.3753977689058,-10.990683048435,1.04749117115679));
#8861=CARTESIAN_POINT('Ctrl Pts',(30.3753977689058,-14.4898813631115,1.07343171246061));
#8862=CARTESIAN_POINT('Ctrl Pts',(30.3753977689058,-17.9726620290225,1.1313363344052));
#8863=CARTESIAN_POINT('Ctrl Pts',(30.3753977689058,-21.4382712643642,1.22267260049638));
#8864=CARTESIAN_POINT('Ctrl Pts',(30.3753977689058,-24.8873108196245,1.34626894216306));
#8865=CARTESIAN_POINT('Ctrl Pts',(30.3753977689058,-28.2886881834054,1.49830896796413));
#8866=CARTESIAN_POINT('Ctrl Pts',(30.3753977689058,-30.9923021650115,1.64111850361858));
#8867=CARTESIAN_POINT('Ctrl Pts',(30.3753977689058,-33.0061975234884,1.7590349332295));
#8868=CARTESIAN_POINT('Ctrl Pts',(30.3753977689058,-34.3356164167994,1.84185212058582));
#8869=CARTESIAN_POINT('Ctrl Pts',(30.3753977689058,-34.983721339627,1.88341289688083));
#8870=CARTESIAN_POINT('',(31.1253977689058,-0.403700776020008,1.14370078737932));
#8871=CARTESIAN_POINT('Origin',(31.1253977689058,-0.403700776020008,7.39370078737932));
#8872=CARTESIAN_POINT('',(31.1253977689058,-0.403700776020008,7.39370078737932));
#8873=CARTESIAN_POINT('',(31.1253977689058,-0.403700776020008,7.39370078737932));
#8874=CARTESIAN_POINT('',(30.3753977689058,-0.403700776020008,7.39370078737932));
#8875=CARTESIAN_POINT('',(30.3753977689058,-0.403700776020008,7.39370078737932));
#8876=CARTESIAN_POINT('',(31.1253977689058,-0.403700776020008,7.39370078737932));
#8877=CARTESIAN_POINT('Origin',(31.1253977689058,0.356299223979994,7.39370078737932));
#8878=CARTESIAN_POINT('',(31.1253977689058,0.356299223979994,7.39370078737932));
#8879=CARTESIAN_POINT('',(31.1253977689058,0.356299223979994,7.39370078737932));
#8880=CARTESIAN_POINT('',(30.3753977689058,0.356299223979994,7.39370078737932));
#8881=CARTESIAN_POINT('',(30.3753977689058,0.356299223979994,7.39370078737932));
#8882=CARTESIAN_POINT('',(31.1253977689058,0.356299223979994,7.39370078737932));
#8883=CARTESIAN_POINT('Origin',(31.1253977689058,0.356299223979994,1.14370078737931));
#8884=CARTESIAN_POINT('',(31.1253977689058,0.356299223979994,1.14370078737931));
#8885=CARTESIAN_POINT('',(30.3753977689058,0.356299223979994,1.14370078737931));
#8886=CARTESIAN_POINT('Origin',(30.3753977689058,-3.06371105782352,6.64370078737932));
#8887=CARTESIAN_POINT('Origin',(31.1253977689058,-3.06371105782352,6.64370078737932));
#8888=CARTESIAN_POINT('',(0.,0.,0.));
#8889=CARTESIAN_POINT('Origin',(9.50000000980515,0.356299188198108,7.39370852070001));
#8890=CARTESIAN_POINT('',(5.25000001104612,-0.393700818834041,7.39370852773215));
#8891=CARTESIAN_POINT('Origin',(9.50000001104612,-0.393700811801892,7.39370852070001));
#8892=CARTESIAN_POINT('',(5.25000000980515,0.356299181165959,7.39370852773215));
#8893=CARTESIAN_POINT('',(5.25000000980515,0.356299181165959,7.39370852773215));
#8894=CARTESIAN_POINT('Origin',(9.50000000980515,0.356299188198108,7.39370852070001));
#8895=CARTESIAN_POINT('Origin',(38.9953977688519,0.356299237001879,7.39370849629812));
#8896=CARTESIAN_POINT('',(34.7453977700928,-0.39370077003027,7.39370850333027));
#8897=CARTESIAN_POINT('Origin',(38.9953977700928,-0.393700762998121,7.39370849629812));
#8898=CARTESIAN_POINT('',(34.7453977688519,0.35629922996973,7.39370850333027));
#8899=CARTESIAN_POINT('',(34.7453977688519,0.35629922996973,7.39370850333027));
#8900=CARTESIAN_POINT('Origin',(38.9953977688519,0.356299237001879,7.39370849629812));
#8901=CARTESIAN_POINT('Origin',(26.36996288301,0.35629921611154,6.64375668592294));
#8902=CARTESIAN_POINT('',(26.369962883011,0.35629921611154,5.64375668592202));
#8903=CARTESIAN_POINT('',(27.3699628830109,0.356299217766164,6.64375668426848));
#8904=CARTESIAN_POINT('Origin',(26.36996288301,0.35629921611154,6.64375668592294));
#8905=CARTESIAN_POINT('',(26.369962884252,-0.39370078388846,5.64375668592202));
#8906=CARTESIAN_POINT('',(26.369962883011,0.35629921611154,5.64375668592202));
#8907=CARTESIAN_POINT('',(27.3699628842519,-0.393700782233836,6.64375668426848));
#8908=CARTESIAN_POINT('Origin',(26.369962884251,-0.39370078388846,6.64375668592294));
#8909=CARTESIAN_POINT('',(27.3699628830109,0.356299217766164,6.64375668426848));
#8910=CARTESIAN_POINT('Origin',(27.3699628945933,0.356299217766165,13.6437007912594));
#8911=CARTESIAN_POINT('',(27.3699628945933,0.356299217766165,13.6437007912594));
#8912=CARTESIAN_POINT('',(27.369962883011,0.356299217766164,6.64375668426848));
#8913=CARTESIAN_POINT('',(27.3699628958342,-0.393700782233835,13.6437007912594));
#8914=CARTESIAN_POINT('',(27.3699628842519,-0.393700782233836,6.64375668426848));
#8915=CARTESIAN_POINT('',(27.3699628945933,0.356299217766165,13.6437007912594));
#8916=CARTESIAN_POINT('Origin',(30.3653977689058,0.356299222722481,13.6437007927535));
#8917=CARTESIAN_POINT('',(30.3653977689058,0.356299222722481,13.6437007874207));
#8918=CARTESIAN_POINT('',(47.6373237525334,0.356299251301012,13.6437008013691));
#8919=CARTESIAN_POINT('',(30.3653977701467,-0.393700777277519,13.6437007874207));
#8920=CARTESIAN_POINT('',(47.6373237537744,-0.393700748698988,13.6437008013691));
#8921=CARTESIAN_POINT('',(30.3653977689058,0.356299222722481,13.6437007874207));
#8922=CARTESIAN_POINT('Origin',(30.3653977689058,0.35629922272248,7.39370078742068));
#8923=CARTESIAN_POINT('',(30.3653977689058,0.35629922272248,7.39370078742068));
#8924=CARTESIAN_POINT('',(30.3653977689058,0.356299222722481,13.6437007874207));
#8925=CARTESIAN_POINT('',(30.3653977701467,-0.39370077727752,7.39370078742068));
#8926=CARTESIAN_POINT('',(30.3653977701467,-0.393700777277519,13.6437007874207));
#8927=CARTESIAN_POINT('',(30.3653977689058,0.35629922272248,7.39370078742068));
#8928=CARTESIAN_POINT('Origin',(31.1253977689058,0.356299223979994,7.39370078737932));
#8929=CARTESIAN_POINT('',(31.1253977689058,0.356299223979994,7.39370078737932));
#8930=CARTESIAN_POINT('',(30.3653977689058,0.35629922272248,7.39370078742068));
#8931=CARTESIAN_POINT('',(31.1253977701467,-0.393700776020006,7.39370078737932));
#8932=CARTESIAN_POINT('',(30.3653977701467,-0.39370077727752,7.39370078742068));
#8933=CARTESIAN_POINT('',(31.1253977689058,0.356299223979994,7.39370078737932));
#8934=CARTESIAN_POINT('Origin',(31.1253977689058,0.356299223979995,13.6437007873793));
#8935=CARTESIAN_POINT('',(31.1253977689058,0.356299223979995,13.6437007873793));
#8936=CARTESIAN_POINT('',(31.1253977689058,0.356299223979994,7.39370078737932));
#8937=CARTESIAN_POINT('',(31.1253977701467,-0.393700776020005,13.6437007873793));
#8938=CARTESIAN_POINT('',(31.1253977701467,-0.393700776020006,7.39370078737932));
#8939=CARTESIAN_POINT('',(31.1253977689058,0.356299223979995,13.6437007873793));
#8940=CARTESIAN_POINT('Origin',(47.6373237525334,0.356299251301012,13.6437008013691));
#8941=CARTESIAN_POINT('',(47.6373237525334,0.356299251301012,13.6437008013691));
#8942=CARTESIAN_POINT('',(47.6373237525334,0.356299251301012,13.6437008013691));
#8943=CARTESIAN_POINT('',(47.6373237537744,-0.393700748698988,13.6437008013691));
#8944=CARTESIAN_POINT('',(47.6373237537744,-0.393700748698988,13.6437008013691));
#8945=CARTESIAN_POINT('',(47.6373237525334,0.356299251301012,13.6437008013691));
#8946=CARTESIAN_POINT('Origin',(47.6373237525253,0.356299251301012,13.1437008013703));
#8947=CARTESIAN_POINT('',(48.0161522305592,0.35629925192783,13.4700273007906));
#8948=CARTESIAN_POINT('Origin',(47.6373237525253,0.356299251301012,13.1437008013703));
#8949=CARTESIAN_POINT('',(48.0161522318002,-0.39370074807217,13.4700273007906));
#8950=CARTESIAN_POINT('Origin',(47.6373237537662,-0.393700748698988,13.1437008013703));
#8951=CARTESIAN_POINT('',(48.0161522305592,0.35629925192783,13.4700273007906));
#8952=CARTESIAN_POINT('Origin',(48.3708481034672,0.356299252514718,13.0582651609083));
#8953=CARTESIAN_POINT('',(48.3708481034672,0.356299252514718,13.0582651609083));
#8954=CARTESIAN_POINT('',(48.3708481034672,0.356299252514718,13.0582651609083));
#8955=CARTESIAN_POINT('',(48.3708481047081,-0.393700747485282,13.0582651609083));
#8956=CARTESIAN_POINT('',(48.3708481047081,-0.393700747485282,13.0582651609083));
#8957=CARTESIAN_POINT('',(48.3708481034672,0.356299252514718,13.0582651609083));
#8958=CARTESIAN_POINT('Origin',(47.9920196254276,0.3562992518879,12.7319386614868));
#8959=CARTESIAN_POINT('',(48.491678875101,0.356299252714648,12.7134823830578));
#8960=CARTESIAN_POINT('Origin',(47.9920196254276,0.3562992518879,12.7319386614868));
#8961=CARTESIAN_POINT('',(48.4916788763419,-0.393700747285352,12.7134823830578));
#8962=CARTESIAN_POINT('Origin',(47.9920196266686,-0.3937007481121,12.7319386614868));
#8963=CARTESIAN_POINT('',(48.491678875101,0.356299252714648,12.7134823830578));
#8964=CARTESIAN_POINT('Ctrl Pts',(45.4115317021633,0.356299247618162,1.1437007874));
#8965=CARTESIAN_POINT('Ctrl Pts',(45.4115317034043,-0.393700752381838,1.1437007874));
#8966=CARTESIAN_POINT('Ctrl Pts',(45.4162325280834,0.35629924762594,1.2581382184664));
#8967=CARTESIAN_POINT('Ctrl Pts',(45.4162325293243,-0.39370075237406,1.2581382184664));
#8968=CARTESIAN_POINT('Ctrl Pts',(45.4269688147625,0.356299247643705,1.48293007791362));
#8969=CARTESIAN_POINT('Ctrl Pts',(45.4269688160034,-0.393700752356295,1.48293007791362));
#8970=CARTESIAN_POINT('Ctrl Pts',(45.4470767952497,0.356299247676976,1.80786887295081));
#8971=CARTESIAN_POINT('Ctrl Pts',(45.4470767964906,-0.393700752323024,1.80786887295081));
#8972=CARTESIAN_POINT('Ctrl Pts',(45.4818949895103,0.356299247734587,2.21761720720745));
#8973=CARTESIAN_POINT('Ctrl Pts',(45.4818949907512,-0.393700752265413,2.21761720720745));
#8974=CARTESIAN_POINT('Ctrl Pts',(45.5391986304044,0.356299247829403,2.69720601386921));
#8975=CARTESIAN_POINT('Ctrl Pts',(45.5391986316453,-0.393700752170597,2.69720601386921));
#8976=CARTESIAN_POINT('Ctrl Pts',(45.6116640727707,0.356299247949306,3.15407580140616));
#8977=CARTESIAN_POINT('Ctrl Pts',(45.6116640740117,-0.393700752050694,3.15407580140616));
#8978=CARTESIAN_POINT('Ctrl Pts',(45.7019689709008,0.356299248098727,3.60065080783196));
#8979=CARTESIAN_POINT('Ctrl Pts',(45.7019689721418,-0.393700751901273,3.60065080783196));
#8980=CARTESIAN_POINT('Ctrl Pts',(45.8148233723806,0.356299248285458,4.05127499509514));
#8981=CARTESIAN_POINT('Ctrl Pts',(45.8148233736216,-0.393700751714542,4.05127499509514));
#8982=CARTESIAN_POINT('Ctrl Pts',(45.9561585111718,0.356299248519315,4.52130182044822));
#8983=CARTESIAN_POINT('Ctrl Pts',(45.9561585124127,-0.393700751480685,4.52130182044822));
#8984=CARTESIAN_POINT('Ctrl Pts',(46.1312172515003,0.356299248808971,5.02602172567109));
#8985=CARTESIAN_POINT('Ctrl Pts',(46.1312172527413,-0.393700751191029,5.02602172567109));
#8986=CARTESIAN_POINT('Ctrl Pts',(46.3429504266694,0.35629924915931,5.57954885004703));
#8987=CARTESIAN_POINT('Ctrl Pts',(46.3429504279103,-0.39370075084069,5.57954885004703));
#8988=CARTESIAN_POINT('Ctrl Pts',(46.5901906651853,0.356299249568399,6.19384218319128));
#8989=CARTESIAN_POINT('Ctrl Pts',(46.5901906664262,-0.3937007504316,6.19384218319128));
#8990=CARTESIAN_POINT('Ctrl Pts',(46.8659114899333,0.356299250024614,6.8771930309105));
#8991=CARTESIAN_POINT('Ctrl Pts',(46.8659114911742,-0.393700749975386,6.8771930309105));
#8992=CARTESIAN_POINT('Ctrl Pts',(47.1588264365013,0.356299250509278,7.63165577936676));
#8993=CARTESIAN_POINT('Ctrl Pts',(47.1588264377423,-0.393700749490722,7.63165577936676));
#8994=CARTESIAN_POINT('Ctrl Pts',(47.4545266072512,0.35629925099855,8.44830692434988));
#8995=CARTESIAN_POINT('Ctrl Pts',(47.4545266084922,-0.39370074900145,8.44830692434988));
#8996=CARTESIAN_POINT('Ctrl Pts',(47.7372173347677,0.356299251466297,9.30721235065849));
#8997=CARTESIAN_POINT('Ctrl Pts',(47.7372173360086,-0.393700748533703,9.30721235065849));
#8998=CARTESIAN_POINT('Ctrl Pts',(47.9900163349598,0.356299251884584,10.165785646608));
#8999=CARTESIAN_POINT('Ctrl Pts',(47.9900163362008,-0.393700748115416,10.165785646608));
#9000=CARTESIAN_POINT('Ctrl Pts',(48.1985114855681,0.356299252229566,10.9734349409047));
#9001=CARTESIAN_POINT('Ctrl Pts',(48.1985114868091,-0.393700747770434,10.9734349409047));
#9002=CARTESIAN_POINT('Ctrl Pts',(48.3466984343898,0.356299252474759,11.6234158165127));
#9003=CARTESIAN_POINT('Ctrl Pts',(48.3466984356307,-0.393700747525241,11.6234158165127));
#9004=CARTESIAN_POINT('Ctrl Pts',(48.4334091056775,0.356299252618233,12.0714150090978));
#9005=CARTESIAN_POINT('Ctrl Pts',(48.4334091069185,-0.393700747381767,12.0714150090978));
#9006=CARTESIAN_POINT('Ctrl Pts',(48.4679365156476,0.356299252675363,12.334938317783));
#9007=CARTESIAN_POINT('Ctrl Pts',(48.4679365168886,-0.393700747324637,12.334938317783));
#9008=CARTESIAN_POINT('Ctrl Pts',(48.4828139321231,0.356299252699979,12.5215934574046));
#9009=CARTESIAN_POINT('Ctrl Pts',(48.4828139333641,-0.393700747300021,12.5215934574046));
#9010=CARTESIAN_POINT('Ctrl Pts',(48.4892982230141,0.356299252710708,12.649035011067));
#9011=CARTESIAN_POINT('Ctrl Pts',(48.489298224255,-0.393700747289292,12.649035011067));
#9012=CARTESIAN_POINT('Ctrl Pts',(48.491678875101,0.356299252714648,12.7134823830578));
#9013=CARTESIAN_POINT('Ctrl Pts',(48.4916788763419,-0.393700747285352,12.7134823830578));
#9014=CARTESIAN_POINT('',(45.4115317021633,0.356299247618162,1.1437007874));
#9015=CARTESIAN_POINT('Ctrl Pts',(48.491678875101,0.356299252714648,12.7134823830578));
#9016=CARTESIAN_POINT('Ctrl Pts',(48.4892982230141,0.356299252710708,12.649035011067));
#9017=CARTESIAN_POINT('Ctrl Pts',(48.4828139321231,0.356299252699979,12.5215934574046));
#9018=CARTESIAN_POINT('Ctrl Pts',(48.4679365156476,0.356299252675363,12.334938317783));
#9019=CARTESIAN_POINT('Ctrl Pts',(48.4334091056775,0.356299252618233,12.0714150090978));
#9020=CARTESIAN_POINT('Ctrl Pts',(48.3466984343898,0.356299252474759,11.6234158165127));
#9021=CARTESIAN_POINT('Ctrl Pts',(48.1985114855681,0.356299252229566,10.9734349409047));
#9022=CARTESIAN_POINT('Ctrl Pts',(47.9900163349598,0.356299251884584,10.165785646608));
#9023=CARTESIAN_POINT('Ctrl Pts',(47.7372173347677,0.356299251466297,9.30721235065849));
#9024=CARTESIAN_POINT('Ctrl Pts',(47.4545266072512,0.35629925099855,8.44830692434988));
#9025=CARTESIAN_POINT('Ctrl Pts',(47.1588264365013,0.356299250509278,7.63165577936676));
#9026=CARTESIAN_POINT('Ctrl Pts',(46.8659114899333,0.356299250024614,6.8771930309105));
#9027=CARTESIAN_POINT('Ctrl Pts',(46.5901906651853,0.356299249568399,6.19384218319128));
#9028=CARTESIAN_POINT('Ctrl Pts',(46.3429504266694,0.35629924915931,5.57954885004703));
#9029=CARTESIAN_POINT('Ctrl Pts',(46.1312172515003,0.356299248808971,5.02602172567109));
#9030=CARTESIAN_POINT('Ctrl Pts',(45.9561585111718,0.356299248519315,4.52130182044822));
#9031=CARTESIAN_POINT('Ctrl Pts',(45.8148233723806,0.356299248285458,4.05127499509514));
#9032=CARTESIAN_POINT('Ctrl Pts',(45.7019689709008,0.356299248098727,3.60065080783196));
#9033=CARTESIAN_POINT('Ctrl Pts',(45.6116640727707,0.356299247949306,3.15407580140616));
#9034=CARTESIAN_POINT('Ctrl Pts',(45.5391986304044,0.356299247829403,2.69720601386921));
#9035=CARTESIAN_POINT('Ctrl Pts',(45.4818949895103,0.356299247734587,2.21761720720745));
#9036=CARTESIAN_POINT('Ctrl Pts',(45.4470767952497,0.356299247676976,1.80786887295081));
#9037=CARTESIAN_POINT('Ctrl Pts',(45.4269688147625,0.356299247643705,1.48293007791362));
#9038=CARTESIAN_POINT('Ctrl Pts',(45.4162325280834,0.35629924762594,1.2581382184664));
#9039=CARTESIAN_POINT('Ctrl Pts',(45.4115317021633,0.356299247618162,1.1437007874));
#9040=CARTESIAN_POINT('',(45.4115317034043,-0.393700752381838,1.1437007874));
#9041=CARTESIAN_POINT('Ctrl Pts',(45.4115317034043,-0.393700752381838,1.1437007874));
#9042=CARTESIAN_POINT('Ctrl Pts',(45.4162325293243,-0.39370075237406,1.2581382184664));
#9043=CARTESIAN_POINT('Ctrl Pts',(45.4269688160034,-0.393700752356295,1.48293007791362));
#9044=CARTESIAN_POINT('Ctrl Pts',(45.4470767964906,-0.393700752323024,1.80786887295081));
#9045=CARTESIAN_POINT('Ctrl Pts',(45.4818949907512,-0.393700752265413,2.21761720720745));
#9046=CARTESIAN_POINT('Ctrl Pts',(45.5391986316453,-0.393700752170597,2.69720601386921));
#9047=CARTESIAN_POINT('Ctrl Pts',(45.6116640740117,-0.393700752050694,3.15407580140616));
#9048=CARTESIAN_POINT('Ctrl Pts',(45.7019689721418,-0.393700751901273,3.60065080783196));
#9049=CARTESIAN_POINT('Ctrl Pts',(45.8148233736216,-0.393700751714542,4.05127499509514));
#9050=CARTESIAN_POINT('Ctrl Pts',(45.9561585124127,-0.393700751480685,4.52130182044822));
#9051=CARTESIAN_POINT('Ctrl Pts',(46.1312172527413,-0.393700751191029,5.02602172567109));
#9052=CARTESIAN_POINT('Ctrl Pts',(46.3429504279103,-0.39370075084069,5.57954885004703));
#9053=CARTESIAN_POINT('Ctrl Pts',(46.5901906664262,-0.393700750431601,6.19384218319128));
#9054=CARTESIAN_POINT('Ctrl Pts',(46.8659114911742,-0.393700749975386,6.8771930309105));
#9055=CARTESIAN_POINT('Ctrl Pts',(47.1588264377423,-0.393700749490722,7.63165577936676));
#9056=CARTESIAN_POINT('Ctrl Pts',(47.4545266084922,-0.39370074900145,8.44830692434988));
#9057=CARTESIAN_POINT('Ctrl Pts',(47.7372173360086,-0.393700748533703,9.30721235065849));
#9058=CARTESIAN_POINT('Ctrl Pts',(47.9900163362008,-0.393700748115415,10.165785646608));
#9059=CARTESIAN_POINT('Ctrl Pts',(48.1985114868091,-0.393700747770434,10.9734349409047));
#9060=CARTESIAN_POINT('Ctrl Pts',(48.3466984356307,-0.393700747525241,11.6234158165127));
#9061=CARTESIAN_POINT('Ctrl Pts',(48.4334091069185,-0.393700747381767,12.0714150090978));
#9062=CARTESIAN_POINT('Ctrl Pts',(48.4679365168886,-0.393700747324637,12.334938317783));
#9063=CARTESIAN_POINT('Ctrl Pts',(48.4828139333641,-0.393700747300021,12.5215934574046));
#9064=CARTESIAN_POINT('Ctrl Pts',(48.489298224255,-0.393700747289292,12.649035011067));
#9065=CARTESIAN_POINT('Ctrl Pts',(48.4916788763419,-0.393700747285352,12.7134823830578));
#9066=CARTESIAN_POINT('',(45.4115317021633,0.356299247618162,1.1437007874));
#9067=CARTESIAN_POINT('Origin',(45.4115317021633,0.356299247618162,0.75));
#9068=CARTESIAN_POINT('',(45.4115317021633,0.356299247618162,0.75));
#9069=CARTESIAN_POINT('',(45.4115317021633,0.356299247618162,0.75));
#9070=CARTESIAN_POINT('',(45.4115317034043,-0.393700752381838,0.75));
#9071=CARTESIAN_POINT('',(45.4115317034043,-0.393700752381838,0.75));
#9072=CARTESIAN_POINT('',(45.4115317021633,0.356299247618162,0.75));
#9073=CARTESIAN_POINT('Origin',(24.2476988838321,0.356299212599992,0.75));
#9074=CARTESIAN_POINT('',(24.2476988838321,0.356299212599992,0.75));
#9075=CARTESIAN_POINT('',(24.2476988838321,0.356299212599992,0.75));
#9076=CARTESIAN_POINT('',(24.2476988850731,-0.393700787400008,0.75));
#9077=CARTESIAN_POINT('',(24.2476988850731,-0.393700787400008,0.75));
#9078=CARTESIAN_POINT('',(24.2476988838321,0.356299212599992,0.75));
#9079=CARTESIAN_POINT('Origin',(3.08386606550083,0.356299177581822,0.750000035018178));
#9080=CARTESIAN_POINT('',(3.08386606550083,0.356299177581822,0.750000035018178));
#9081=CARTESIAN_POINT('',(24.2476988838321,0.356299212599992,0.750000000000008));
#9082=CARTESIAN_POINT('',(3.0838660667418,-0.393700822418178,0.750000035018178));
#9083=CARTESIAN_POINT('',(24.2476988850731,-0.393700787400008,0.750000000000008));
#9084=CARTESIAN_POINT('',(3.08386606550083,0.356299177581822,0.750000035018178));
#9085=CARTESIAN_POINT('Origin',(3.08386606615226,0.356299177581822,1.14370082241818));
#9086=CARTESIAN_POINT('',(3.08386606615226,0.356299177581822,1.14370082241818));
#9087=CARTESIAN_POINT('',(3.08386606550083,0.356299177581822,0.750000035018178));
#9088=CARTESIAN_POINT('',(3.08386606739322,-0.393700822418178,1.14370082241818));
#9089=CARTESIAN_POINT('',(3.0838660667418,-0.393700822418178,0.750000035018178));
#9090=CARTESIAN_POINT('',(3.08386606615226,0.356299177581822,1.14370082241818));
#9091=CARTESIAN_POINT('Ctrl Pts',(0.00371891235827803,0.356299172485341,
12.7134824231724));
#9092=CARTESIAN_POINT('Ctrl Pts',(0.00371891359924548,-0.393700827514659,
12.7134824231724));
#9093=CARTESIAN_POINT('Ctrl Pts',(0.00609956433852095,0.35629917248928,
12.6490350511777));
#9094=CARTESIAN_POINT('Ctrl Pts',(0.0060995655794884,-0.39370082751072,
12.6490350511777));
#9095=CARTESIAN_POINT('Ctrl Pts',(0.0125838550185924,0.356299172500009,
12.5215934975046));
#9096=CARTESIAN_POINT('Ctrl Pts',(0.0125838562595598,-0.393700827499991,
12.5215934975046));
#9097=CARTESIAN_POINT('Ctrl Pts',(0.0274612711851504,0.356299172524626,
12.3349383578584));
#9098=CARTESIAN_POINT('Ctrl Pts',(0.0274612724261178,-0.393700827475374,
12.3349383578584));
#9099=CARTESIAN_POINT('Ctrl Pts',(0.0619886807193728,0.356299172581756,
12.071415049116));
#9100=CARTESIAN_POINT('Ctrl Pts',(0.0619886819603403,-0.393700827418244,
12.071415049116));
#9101=CARTESIAN_POINT('Ctrl Pts',(0.148699351265833,0.356299172725229,11.6234158563874));
#9102=CARTESIAN_POINT('Ctrl Pts',(0.148699352506801,-0.393700827274771,
11.6234158563874));
#9103=CARTESIAN_POINT('Ctrl Pts',(0.296886299012017,0.356299172970422,10.9734349805342));
#9104=CARTESIAN_POINT('Ctrl Pts',(0.296886300252985,-0.393700827029577,
10.9734349805342));
#9105=CARTESIAN_POINT('Ctrl Pts',(0.505381448283938,0.356299173315403,10.1657856858926));
#9106=CARTESIAN_POINT('Ctrl Pts',(0.505381449524905,-0.393700826684597,
10.1657856858926));
#9107=CARTESIAN_POINT('Ctrl Pts',(0.758180447055741,0.35629917373369,9.30721238952475));
#9108=CARTESIAN_POINT('Ctrl Pts',(0.758180448296709,-0.39370082626631,9.30721238952475));
#9109=CARTESIAN_POINT('Ctrl Pts',(1.04087117315134,0.356299174201437,8.44830696274833));
#9110=CARTESIAN_POINT('Ctrl Pts',(1.04087117439231,-0.393700825798563,8.44830696274833));
#9111=CARTESIAN_POINT('Ctrl Pts',(1.33657134255019,0.356299174690709,7.63165581727587));
#9112=CARTESIAN_POINT('Ctrl Pts',(1.33657134379115,-0.393700825309291,7.63165581727587));
#9113=CARTESIAN_POINT('Ctrl Pts',(1.62948628786977,0.356299175175372,6.87719306833494));
#9114=CARTESIAN_POINT('Ctrl Pts',(1.62948628911073,-0.393700824824628,6.87719306833494));
#9115=CARTESIAN_POINT('Ctrl Pts',(1.90520711148674,0.356299175631586,6.19384222015959));
#9116=CARTESIAN_POINT('Ctrl Pts',(1.90520711272771,-0.393700824368414,6.19384222015959));
#9117=CARTESIAN_POINT('Ctrl Pts',(2.15244734898585,0.356299176040676,5.57954888660635));
#9118=CARTESIAN_POINT('Ctrl Pts',(2.15244735022682,-0.393700823959324,5.57954888660635));
#9119=CARTESIAN_POINT('Ctrl Pts',(2.36418052323888,0.356299176391014,5.02602176188013));
#9120=CARTESIAN_POINT('Ctrl Pts',(2.36418052447985,-0.393700823608986,5.02602176188013));
#9121=CARTESIAN_POINT('Ctrl Pts',(2.5392392627321,0.35629917668067,4.52130185636761));
#9122=CARTESIAN_POINT('Ctrl Pts',(2.53923926397306,-0.39370082331933,4.52130185636761));
#9123=CARTESIAN_POINT('Ctrl Pts',(2.68057440074545,0.356299176914527,4.05127503078065));
#9124=CARTESIAN_POINT('Ctrl Pts',(2.68057440198642,-0.393700823085473,4.05127503078065));
#9125=CARTESIAN_POINT('Ctrl Pts',(2.79342880147983,0.356299177101258,3.6006508433307));
#9126=CARTESIAN_POINT('Ctrl Pts',(2.79342880272079,-0.393700822898742,3.6006508433307));
#9127=CARTESIAN_POINT('Ctrl Pts',(2.88373369887151,0.356299177250679,3.15407583675546));
#9128=CARTESIAN_POINT('Ctrl Pts',(2.88373370011248,-0.393700822749321,3.15407583675546));
#9129=CARTESIAN_POINT('Ctrl Pts',(2.95619914048243,0.356299177370582,2.69720604909861));
#9130=CARTESIAN_POINT('Ctrl Pts',(2.9561991417234,-0.393700822629418,2.69720604909861));
#9131=CARTESIAN_POINT('Ctrl Pts',(3.01350278058314,0.356299177465397,2.21761724234204));
#9132=CARTESIAN_POINT('Ctrl Pts',(3.0135027818241,-0.393700822534603,2.21761724234204));
#9133=CARTESIAN_POINT('Ctrl Pts',(3.04832097416529,0.356299177523008,1.80786890802779));
#9134=CARTESIAN_POINT('Ctrl Pts',(3.04832097540626,-0.393700822476992,1.80786890802779));
#9135=CARTESIAN_POINT('Ctrl Pts',(3.06842895411453,0.356299177556279,1.48293011295734));
#9136=CARTESIAN_POINT('Ctrl Pts',(3.06842895535549,-0.393700822443721,1.48293011295734));
#9137=CARTESIAN_POINT('Ctrl Pts',(3.07916524042158,0.356299177574044,1.25813825349236));
#9138=CARTESIAN_POINT('Ctrl Pts',(3.07916524166254,-0.393700822425956,1.25813825349236));
#9139=CARTESIAN_POINT('Ctrl Pts',(3.08386606615226,0.356299177581822,1.14370082241818));
#9140=CARTESIAN_POINT('Ctrl Pts',(3.08386606739322,-0.393700822418178,1.14370082241818));
#9141=CARTESIAN_POINT('',(0.00371891235824088,0.356299172485341,12.7134824231724));
#9142=CARTESIAN_POINT('Ctrl Pts',(0.00371891235827803,0.356299172485341,
12.7134824231724));
#9143=CARTESIAN_POINT('Ctrl Pts',(0.00609956433852095,0.35629917248928,
12.6490350511777));
#9144=CARTESIAN_POINT('Ctrl Pts',(0.0125838550185924,0.356299172500009,
12.5215934975046));
#9145=CARTESIAN_POINT('Ctrl Pts',(0.0274612711851504,0.356299172524626,
12.3349383578584));
#9146=CARTESIAN_POINT('Ctrl Pts',(0.0619886807193728,0.356299172581756,
12.071415049116));
#9147=CARTESIAN_POINT('Ctrl Pts',(0.148699351265833,0.356299172725229,11.6234158563874));
#9148=CARTESIAN_POINT('Ctrl Pts',(0.296886299012017,0.356299172970422,10.9734349805342));
#9149=CARTESIAN_POINT('Ctrl Pts',(0.505381448283938,0.356299173315403,10.1657856858926));
#9150=CARTESIAN_POINT('Ctrl Pts',(0.758180447055741,0.35629917373369,9.30721238952475));
#9151=CARTESIAN_POINT('Ctrl Pts',(1.04087117315134,0.356299174201437,8.44830696274833));
#9152=CARTESIAN_POINT('Ctrl Pts',(1.33657134255019,0.356299174690709,7.63165581727587));
#9153=CARTESIAN_POINT('Ctrl Pts',(1.62948628786977,0.356299175175372,6.87719306833494));
#9154=CARTESIAN_POINT('Ctrl Pts',(1.90520711148674,0.356299175631586,6.19384222015959));
#9155=CARTESIAN_POINT('Ctrl Pts',(2.15244734898585,0.356299176040676,5.57954888660635));
#9156=CARTESIAN_POINT('Ctrl Pts',(2.36418052323888,0.356299176391014,5.02602176188013));
#9157=CARTESIAN_POINT('Ctrl Pts',(2.5392392627321,0.35629917668067,4.52130185636761));
#9158=CARTESIAN_POINT('Ctrl Pts',(2.68057440074545,0.356299176914527,4.05127503078065));
#9159=CARTESIAN_POINT('Ctrl Pts',(2.79342880147983,0.356299177101258,3.6006508433307));
#9160=CARTESIAN_POINT('Ctrl Pts',(2.88373369887151,0.356299177250679,3.15407583675546));
#9161=CARTESIAN_POINT('Ctrl Pts',(2.95619914048243,0.356299177370582,2.69720604909861));
#9162=CARTESIAN_POINT('Ctrl Pts',(3.01350278058314,0.356299177465397,2.21761724234204));
#9163=CARTESIAN_POINT('Ctrl Pts',(3.04832097416529,0.356299177523008,1.80786890802779));
#9164=CARTESIAN_POINT('Ctrl Pts',(3.06842895411453,0.356299177556279,1.48293011295734));
#9165=CARTESIAN_POINT('Ctrl Pts',(3.07916524042158,0.356299177574044,1.25813825349236));
#9166=CARTESIAN_POINT('Ctrl Pts',(3.08386606615226,0.356299177581822,1.14370082241818));
#9167=CARTESIAN_POINT('',(0.00371891359920955,-0.393700827514659,12.7134824231724));
#9168=CARTESIAN_POINT('Ctrl Pts',(0.00371891359924548,-0.393700827514659,
12.7134824231724));
#9169=CARTESIAN_POINT('Ctrl Pts',(0.0060995655794884,-0.39370082751072,
12.6490350511777));
#9170=CARTESIAN_POINT('Ctrl Pts',(0.0125838562595598,-0.393700827499991,
12.5215934975046));
#9171=CARTESIAN_POINT('Ctrl Pts',(0.0274612724261178,-0.393700827475374,
12.3349383578584));
#9172=CARTESIAN_POINT('Ctrl Pts',(0.0619886819603403,-0.393700827418244,
12.071415049116));
#9173=CARTESIAN_POINT('Ctrl Pts',(0.148699352506801,-0.393700827274771,
11.6234158563874));
#9174=CARTESIAN_POINT('Ctrl Pts',(0.296886300252985,-0.393700827029577,
10.9734349805342));
#9175=CARTESIAN_POINT('Ctrl Pts',(0.505381449524905,-0.393700826684597,
10.1657856858926));
#9176=CARTESIAN_POINT('Ctrl Pts',(0.758180448296709,-0.39370082626631,9.30721238952475));
#9177=CARTESIAN_POINT('Ctrl Pts',(1.04087117439231,-0.393700825798563,8.44830696274833));
#9178=CARTESIAN_POINT('Ctrl Pts',(1.33657134379115,-0.393700825309291,7.63165581727587));
#9179=CARTESIAN_POINT('Ctrl Pts',(1.62948628911073,-0.393700824824627,6.87719306833494));
#9180=CARTESIAN_POINT('Ctrl Pts',(1.90520711272771,-0.393700824368414,6.19384222015959));
#9181=CARTESIAN_POINT('Ctrl Pts',(2.15244735022682,-0.393700823959324,5.57954888660635));
#9182=CARTESIAN_POINT('Ctrl Pts',(2.36418052447985,-0.393700823608986,5.02602176188013));
#9183=CARTESIAN_POINT('Ctrl Pts',(2.53923926397306,-0.39370082331933,4.52130185636761));
#9184=CARTESIAN_POINT('Ctrl Pts',(2.68057440198642,-0.393700823085473,4.05127503078065));
#9185=CARTESIAN_POINT('Ctrl Pts',(2.79342880272079,-0.393700822898742,3.6006508433307));
#9186=CARTESIAN_POINT('Ctrl Pts',(2.88373370011248,-0.393700822749321,3.15407583675546));
#9187=CARTESIAN_POINT('Ctrl Pts',(2.9561991417234,-0.393700822629418,2.69720604909861));
#9188=CARTESIAN_POINT('Ctrl Pts',(3.0135027818241,-0.393700822534603,2.21761724234204));
#9189=CARTESIAN_POINT('Ctrl Pts',(3.04832097540626,-0.393700822476992,1.80786890802779));
#9190=CARTESIAN_POINT('Ctrl Pts',(3.06842895535549,-0.393700822443721,1.48293011295734));
#9191=CARTESIAN_POINT('Ctrl Pts',(3.07916524166254,-0.393700822425956,1.25813825349236));
#9192=CARTESIAN_POINT('Ctrl Pts',(3.08386606739322,-0.393700822418178,1.14370082241818));
#9193=CARTESIAN_POINT('',(0.00371891235824088,0.356299172485341,12.7134824231724));
#9194=CARTESIAN_POINT('Origin',(0.503378162064488,0.356299173312089,12.7319387007751));
#9195=CARTESIAN_POINT('',(0.124549684562532,0.356299172685271,13.058265200823));
#9196=CARTESIAN_POINT('Origin',(0.503378162064488,0.356299173312089,12.7319387007751));
#9197=CARTESIAN_POINT('',(0.1245496858035,-0.393700827314729,13.058265200823));
#9198=CARTESIAN_POINT('Origin',(0.503378163305455,-0.393700826687911,12.7319387007751));
#9199=CARTESIAN_POINT('',(0.124549684562532,0.356299172685271,13.058265200823));
#9200=CARTESIAN_POINT('Origin',(0.479245558151818,0.356299173272159,13.4700273401191));
#9201=CARTESIAN_POINT('',(0.479245558152992,0.356299173272159,13.4700273401181));
#9202=CARTESIAN_POINT('',(0.124549684562532,0.356299172685271,13.058265200823));
#9203=CARTESIAN_POINT('',(0.479245559393958,-0.393700826727841,13.4700273401181));
#9204=CARTESIAN_POINT('',(0.124549685803499,-0.393700827314729,13.058265200823));
#9205=CARTESIAN_POINT('',(0.479245558152992,0.356299173272159,13.4700273401181));
#9206=CARTESIAN_POINT('Origin',(0.858074035653882,0.356299173898977,13.1437008400723));
#9207=CARTESIAN_POINT('',(0.858074036464984,0.356299173898977,13.6437008400701));
#9208=CARTESIAN_POINT('Origin',(0.858074035653882,0.356299173898977,13.1437008400723));
#9209=CARTESIAN_POINT('',(0.858074037705954,-0.393700826101023,13.6437008400701));
#9210=CARTESIAN_POINT('Origin',(0.85807403689485,-0.393700826101023,13.1437008400723));
#9211=CARTESIAN_POINT('',(0.858074036464984,0.356299173898977,13.6437008400701));
#9212=CARTESIAN_POINT('Origin',(17.3700000200926,0.356299201219994,13.6437008013684));
#9213=CARTESIAN_POINT('',(17.3700000200926,0.356299201219994,13.6437008013684));
#9214=CARTESIAN_POINT('',(0.858074036464984,0.356299173898977,13.6437008400701));
#9215=CARTESIAN_POINT('',(17.3700000213336,-0.393700798780006,13.6437008013684));
#9216=CARTESIAN_POINT('',(0.858074037705951,-0.393700826101023,13.6437008400701));
#9217=CARTESIAN_POINT('',(17.3700000200926,0.356299201219994,13.6437008013684));
#9218=CARTESIAN_POINT('Origin',(17.3700000097512,0.356299201219993,7.39370079878));
#9219=CARTESIAN_POINT('',(17.3700000097512,0.356299201219993,7.39370079878));
#9220=CARTESIAN_POINT('',(17.3700000097512,0.356299201219993,7.39370079878));
#9221=CARTESIAN_POINT('',(17.3700000109922,-0.393700798780007,7.39370079878));
#9222=CARTESIAN_POINT('',(17.3700000109922,-0.393700798780007,7.39370079878));
#9223=CARTESIAN_POINT('',(17.3700000097512,0.356299201219993,7.39370079878));
#9224=CARTESIAN_POINT('Origin',(18.1300000097512,0.356299202477506,7.39370079754317));
#9225=CARTESIAN_POINT('',(18.1300000097512,0.356299202477506,7.39370079754317));
#9226=CARTESIAN_POINT('',(18.1300000097512,0.356299202477506,7.39370079754317));
#9227=CARTESIAN_POINT('',(18.1300000109922,-0.393700797522494,7.39370079754317));
#9228=CARTESIAN_POINT('',(18.1300000109922,-0.393700797522494,7.39370079754317));
#9229=CARTESIAN_POINT('',(18.1300000097512,0.356299202477506,7.39370079754317));
#9230=CARTESIAN_POINT('Origin',(18.1300000200926,0.356299202477508,13.6437007975225));
#9231=CARTESIAN_POINT('',(18.1300000200926,0.356299202477508,13.6437007995871));
#9232=CARTESIAN_POINT('',(18.1300000200926,0.356299202477508,13.6437007975225));
#9233=CARTESIAN_POINT('',(18.1300000213336,-0.393700797522492,13.6437007995871));
#9234=CARTESIAN_POINT('',(18.1300000213336,-0.393700797522492,13.6437007975225));
#9235=CARTESIAN_POINT('',(18.1300000200926,0.356299202477508,13.6437007995871));
#9236=CARTESIAN_POINT('Origin',(21.1254348944051,0.356299207433824,13.6437007925662));
#9237=CARTESIAN_POINT('',(21.1254348944051,0.356299207433824,13.6437007925662));
#9238=CARTESIAN_POINT('',(0.858074036464984,0.356299173898977,13.6437008400701));
#9239=CARTESIAN_POINT('',(21.1254348956461,-0.393700792566176,13.6437007925662));
#9240=CARTESIAN_POINT('',(0.858074037705951,-0.393700826101023,13.6437008400701));
#9241=CARTESIAN_POINT('',(21.1254348944051,0.356299207433824,13.6437007925662));
#9242=CARTESIAN_POINT('Origin',(21.1254348944051,0.356299207433822,6.64375668943465));
#9243=CARTESIAN_POINT('',(21.1254348944051,0.356299207433822,6.64375668943465));
#9244=CARTESIAN_POINT('',(21.1254348944051,0.356299207433822,6.64375668943465));
#9245=CARTESIAN_POINT('',(21.1254348956461,-0.393700792566178,6.64375668943465));
#9246=CARTESIAN_POINT('',(21.1254348956461,-0.393700792566178,6.64375668943465));
#9247=CARTESIAN_POINT('',(21.1254348944051,0.356299207433822,6.64375668943465));
#9248=CARTESIAN_POINT('Origin',(22.1254348944051,0.356299209088446,6.64375668943479));
#9249=CARTESIAN_POINT('',(22.1254348927505,0.356299209088445,5.64375668943424));
#9250=CARTESIAN_POINT('Origin',(22.1254348944051,0.356299209088446,6.64375668943479));
#9251=CARTESIAN_POINT('',(22.1254348939915,-0.393700790911554,5.64375668943424));
#9252=CARTESIAN_POINT('Origin',(22.1254348956461,-0.393700790911554,6.64375668943479));
#9253=CARTESIAN_POINT('',(22.1254348927505,0.356299209088445,5.64375668943424));
#9254=CARTESIAN_POINT('Origin',(24.2476988878808,0.356299212599993,5.64375668592298));
#9255=CARTESIAN_POINT('',(24.2476988878808,0.356299212599993,5.64375668592298));
#9256=CARTESIAN_POINT('',(22.1254348927505,0.356299209088445,5.64375668943424));
#9257=CARTESIAN_POINT('',(24.2476988891217,-0.393700787400007,5.64375668592298));
#9258=CARTESIAN_POINT('',(22.1254348939915,-0.393700790911554,5.64375668943424));
#9259=CARTESIAN_POINT('',(24.2476988878808,0.356299212599993,5.64375668592298));
#9260=CARTESIAN_POINT('Origin',(26.369962883011,0.35629921611154,5.64375668592202));
#9261=CARTESIAN_POINT('',(26.369962883011,0.35629921611154,5.64375668592202));
#9262=CARTESIAN_POINT('',(26.369962884252,-0.39370078388846,5.64375668592202));
#9263=CARTESIAN_POINT('Origin',(24.2476988858273,-0.393700787400007,7.19685042003504));
#9264=CARTESIAN_POINT('Origin',(24.2476988845864,0.356299212599993,7.19685042003504));
#9265=CARTESIAN_POINT('',(0.,0.,0.));
#9266=CARTESIAN_POINT('Origin',(18.1300000097512,-28.2155844142342,7.56502497480198));
#9267=CARTESIAN_POINT('',(17.3800000097512,-23.9655844142342,7.56502497480197));
#9268=CARTESIAN_POINT('Origin',(17.3800000097512,-28.2155844142342,7.56502497480198));
#9269=CARTESIAN_POINT('',(18.1300000097512,-23.9655844142342,7.56502497480197));
#9270=CARTESIAN_POINT('',(18.1300000097512,-23.9655844142342,7.56502497480197));
#9271=CARTESIAN_POINT('Origin',(18.1300000097512,-28.2155844142342,7.56502497480198));
#9272=CARTESIAN_POINT('Origin',(18.1300000097512,-17.769466152431,7.35073577183622));
#9273=CARTESIAN_POINT('',(17.3800000097512,-13.519466152431,7.35073577183622));
#9274=CARTESIAN_POINT('Origin',(17.3800000097512,-17.769466152431,7.35073577183622));
#9275=CARTESIAN_POINT('',(18.1300000097512,-13.519466152431,7.35073577183622));
#9276=CARTESIAN_POINT('',(18.1300000097512,-13.519466152431,7.35073577183622));
#9277=CARTESIAN_POINT('Origin',(18.1300000097512,-17.769466152431,7.35073577183622));
#9278=CARTESIAN_POINT('Origin',(18.1300000097512,8.00975584650335,7.18282611071061));
#9279=CARTESIAN_POINT('',(17.3800000097512,12.5097558465034,7.18282611071061));
#9280=CARTESIAN_POINT('Origin',(17.3800000097512,8.00975584650335,7.18282611071061));
#9281=CARTESIAN_POINT('',(18.1300000097512,12.5097558465034,7.18282611071061));
#9282=CARTESIAN_POINT('',(18.1300000097512,12.5097558465034,7.18282611071061));
#9283=CARTESIAN_POINT('Origin',(18.1300000097512,8.00975584650335,7.18282611071061));
#9284=CARTESIAN_POINT('Origin',(18.1300000097512,19.7965573282832,6.87948140883917));
#9285=CARTESIAN_POINT('',(17.3800000097512,24.7965573282832,6.87948140883917));
#9286=CARTESIAN_POINT('Origin',(17.3800000097512,19.7965573282832,6.87948140883917));
#9287=CARTESIAN_POINT('',(18.1300000097512,24.7965573282832,6.87948140883917));
#9288=CARTESIAN_POINT('',(18.1300000097512,24.7965573282832,6.87948140883917));
#9289=CARTESIAN_POINT('Origin',(18.1300000097512,19.7965573282832,6.87948140883917));
#9290=CARTESIAN_POINT('Origin',(18.1300000097512,-7.07728473968054,7.4179541524393));
#9291=CARTESIAN_POINT('',(17.3800000097512,-2.82728473968054,7.4179541524393));
#9292=CARTESIAN_POINT('Origin',(17.3800000097512,-7.07728473968054,7.4179541524393));
#9293=CARTESIAN_POINT('',(18.1300000097512,-2.82728473968054,7.4179541524393));
#9294=CARTESIAN_POINT('',(18.1300000097512,-2.82728473968054,7.4179541524393));
#9295=CARTESIAN_POINT('Origin',(18.1300000097512,-7.07728473968054,7.4179541524393));
#9296=CARTESIAN_POINT('Origin',(18.1300000097512,28.8562992024775,-0.356299202456839));
#9297=CARTESIAN_POINT('',(18.1300000097512,0.356299202477505,1.14370079754317));
#9298=CARTESIAN_POINT('',(18.1300000097512,28.8562992024775,-0.356299202456839));
#9299=CARTESIAN_POINT('',(18.1300000097512,0.356299202477505,1.14370079754317));
#9300=CARTESIAN_POINT('',(17.3800000097512,0.356299202477505,1.14370079754317));
#9301=CARTESIAN_POINT('',(18.1300000097512,0.356299202477505,1.14370079754317));
#9302=CARTESIAN_POINT('',(17.3800000097512,28.8562992024775,-0.356299202456839));
#9303=CARTESIAN_POINT('',(17.3800000097512,0.356299202477505,1.14370079754317));
#9304=CARTESIAN_POINT('',(18.1300000097512,28.8562992024775,-0.356299202456839));
#9305=CARTESIAN_POINT('Origin',(18.1300000097512,28.8562992024775,3.66463631132256));
#9306=CARTESIAN_POINT('',(18.1300000097512,28.8562992024775,3.66463631132256));
#9307=CARTESIAN_POINT('',(18.1300000097512,28.8562992024775,13.6437007975432));
#9308=CARTESIAN_POINT('',(17.3800000097512,28.8562992024775,3.66463631132256));
#9309=CARTESIAN_POINT('',(17.3800000097512,28.8562992024775,13.6437007975432));
#9310=CARTESIAN_POINT('',(18.1300000097512,28.8562992024775,3.66463631132256));
#9311=CARTESIAN_POINT('Origin',(18.1300000097512,25.4380077230973,13.6437007975432));
#9312=CARTESIAN_POINT('',(18.1300000097512,25.4380077230973,13.6437007975432));
#9313=CARTESIAN_POINT('',(18.1300000097512,28.8562992024775,3.66463631132256));
#9314=CARTESIAN_POINT('',(17.3800000097512,25.4380077230973,13.6437007975432));
#9315=CARTESIAN_POINT('',(17.3800000097512,28.8562992024775,3.66463631132256));
#9316=CARTESIAN_POINT('',(18.1300000097512,25.4380077230973,13.6437007975432));
#9317=CARTESIAN_POINT('Origin',(18.1300000097512,-34.1437007975225,13.6437007975432));
#9318=CARTESIAN_POINT('',(18.1300000097512,-34.1437007975225,13.6437007975432));
#9319=CARTESIAN_POINT('',(18.1300000097512,-35.1437007975225,13.6437007975432));
#9320=CARTESIAN_POINT('',(17.3800000097512,-34.1437007975225,13.6437007975432));
#9321=CARTESIAN_POINT('',(17.3800000097512,-35.1437007975225,13.6437007975432));
#9322=CARTESIAN_POINT('',(18.1300000097512,-34.1437007975225,13.6437007975432));
#9323=CARTESIAN_POINT('Origin',(18.1300000097512,-34.9837213611295,1.88341290704468));
#9324=CARTESIAN_POINT('',(18.1300000097512,-34.9837213611295,1.88341290704468));
#9325=CARTESIAN_POINT('',(18.1300000097512,-34.1437007975225,13.6437007975432));
#9326=CARTESIAN_POINT('',(17.3800000097512,-34.9837213611295,1.88341290704468));
#9327=CARTESIAN_POINT('',(17.3800000097512,-34.1437007975225,13.6437007975432));
#9328=CARTESIAN_POINT('',(18.1300000097512,-34.9837213611295,1.88341290704468));
#9329=CARTESIAN_POINT('Ctrl Pts',(18.1300000097512,-0.403700797522497,1.14370079754317));
#9330=CARTESIAN_POINT('Ctrl Pts',(17.3800000097512,-0.403700797522497,1.14370079754317));
#9331=CARTESIAN_POINT('Ctrl Pts',(18.1300000097512,-1.113214628644,1.13005393761022));
#9332=CARTESIAN_POINT('Ctrl Pts',(17.3800000097512,-1.113214628644,1.13005393761022));
#9333=CARTESIAN_POINT('Ctrl Pts',(18.1300000097512,-2.53096370347166,1.10524954321914));
#9334=CARTESIAN_POINT('Ctrl Pts',(17.3800000097512,-2.53096370347166,1.10524954321914));
#9335=CARTESIAN_POINT('Ctrl Pts',(18.1300000097512,-4.6537517013454,1.07551064014788));
#9336=CARTESIAN_POINT('Ctrl Pts',(17.3800000097512,-4.6537517013454,1.07551064014788));
#9337=CARTESIAN_POINT('Ctrl Pts',(18.1300000097512,-7.47633698479758,1.05104235126741));
#9338=CARTESIAN_POINT('Ctrl Pts',(17.3800000097512,-7.47633698479758,1.05104235126741));
#9339=CARTESIAN_POINT('Ctrl Pts',(18.1300000097512,-10.9906830699375,1.04749118132064));
#9340=CARTESIAN_POINT('Ctrl Pts',(17.3800000097512,-10.9906830699375,1.04749118132064));
#9341=CARTESIAN_POINT('Ctrl Pts',(18.1300000097512,-14.489881384614,1.07343172262446));
#9342=CARTESIAN_POINT('Ctrl Pts',(17.3800000097512,-14.489881384614,1.07343172262446));
#9343=CARTESIAN_POINT('Ctrl Pts',(18.1300000097512,-17.972662050525,1.13133634456906));
#9344=CARTESIAN_POINT('Ctrl Pts',(17.3800000097512,-17.972662050525,1.13133634456906));
#9345=CARTESIAN_POINT('Ctrl Pts',(18.1300000097512,-21.4382712858667,1.22267261066023));
#9346=CARTESIAN_POINT('Ctrl Pts',(17.3800000097512,-21.4382712858667,1.22267261066023));
#9347=CARTESIAN_POINT('Ctrl Pts',(18.1300000097512,-24.887310841127,1.34626895232691));
#9348=CARTESIAN_POINT('Ctrl Pts',(17.3800000097512,-24.887310841127,1.34626895232691));
#9349=CARTESIAN_POINT('Ctrl Pts',(18.1300000097512,-28.2886882049079,1.49830897812798));
#9350=CARTESIAN_POINT('Ctrl Pts',(17.3800000097512,-28.2886882049079,1.49830897812798));
#9351=CARTESIAN_POINT('Ctrl Pts',(18.1300000097512,-30.992302186514,1.64111851378243));
#9352=CARTESIAN_POINT('Ctrl Pts',(17.3800000097512,-30.992302186514,1.64111851378243));
#9353=CARTESIAN_POINT('Ctrl Pts',(18.1300000097512,-33.0061975449909,1.75903494339335));
#9354=CARTESIAN_POINT('Ctrl Pts',(17.3800000097512,-33.0061975449909,1.75903494339335));
#9355=CARTESIAN_POINT('Ctrl Pts',(18.1300000097512,-34.3356164383019,1.84185213074968));
#9356=CARTESIAN_POINT('Ctrl Pts',(17.3800000097512,-34.3356164383019,1.84185213074968));
#9357=CARTESIAN_POINT('Ctrl Pts',(18.1300000097512,-34.9837213611295,1.88341290704468));
#9358=CARTESIAN_POINT('Ctrl Pts',(17.3800000097512,-34.9837213611295,1.88341290704468));
#9359=CARTESIAN_POINT('',(18.1300000097512,-0.403700797522497,1.14370079754317));
#9360=CARTESIAN_POINT('Ctrl Pts',(18.1300000097512,-0.403700797522497,1.14370079754317));
#9361=CARTESIAN_POINT('Ctrl Pts',(18.1300000097512,-1.113214628644,1.13005393761022));
#9362=CARTESIAN_POINT('Ctrl Pts',(18.1300000097512,-2.53096370347166,1.10524954321914));
#9363=CARTESIAN_POINT('Ctrl Pts',(18.1300000097512,-4.6537517013454,1.07551064014788));
#9364=CARTESIAN_POINT('Ctrl Pts',(18.1300000097512,-7.47633698479758,1.05104235126741));
#9365=CARTESIAN_POINT('Ctrl Pts',(18.1300000097512,-10.9906830699375,1.04749118132064));
#9366=CARTESIAN_POINT('Ctrl Pts',(18.1300000097512,-14.489881384614,1.07343172262446));
#9367=CARTESIAN_POINT('Ctrl Pts',(18.1300000097512,-17.972662050525,1.13133634456906));
#9368=CARTESIAN_POINT('Ctrl Pts',(18.1300000097512,-21.4382712858667,1.22267261066023));
#9369=CARTESIAN_POINT('Ctrl Pts',(18.1300000097512,-24.887310841127,1.34626895232691));
#9370=CARTESIAN_POINT('Ctrl Pts',(18.1300000097512,-28.2886882049079,1.49830897812798));
#9371=CARTESIAN_POINT('Ctrl Pts',(18.1300000097512,-30.992302186514,1.64111851378243));
#9372=CARTESIAN_POINT('Ctrl Pts',(18.1300000097512,-33.0061975449909,1.75903494339335));
#9373=CARTESIAN_POINT('Ctrl Pts',(18.1300000097512,-34.3356164383019,1.84185213074968));
#9374=CARTESIAN_POINT('Ctrl Pts',(18.1300000097512,-34.9837213611295,1.88341290704468));
#9375=CARTESIAN_POINT('',(17.3800000097512,-0.403700797522497,1.14370079754317));
#9376=CARTESIAN_POINT('Ctrl Pts',(17.3800000097512,-0.403700797522497,1.14370079754317));
#9377=CARTESIAN_POINT('Ctrl Pts',(17.3800000097512,-1.113214628644,1.13005393761022));
#9378=CARTESIAN_POINT('Ctrl Pts',(17.3800000097512,-2.53096370347166,1.10524954321914));
#9379=CARTESIAN_POINT('Ctrl Pts',(17.3800000097512,-4.6537517013454,1.07551064014788));
#9380=CARTESIAN_POINT('Ctrl Pts',(17.3800000097512,-7.47633698479758,1.05104235126741));
#9381=CARTESIAN_POINT('Ctrl Pts',(17.3800000097512,-10.9906830699375,1.04749118132064));
#9382=CARTESIAN_POINT('Ctrl Pts',(17.3800000097512,-14.489881384614,1.07343172262446));
#9383=CARTESIAN_POINT('Ctrl Pts',(17.3800000097512,-17.972662050525,1.13133634456906));
#9384=CARTESIAN_POINT('Ctrl Pts',(17.3800000097512,-21.4382712858667,1.22267261066023));
#9385=CARTESIAN_POINT('Ctrl Pts',(17.3800000097512,-24.887310841127,1.34626895232691));
#9386=CARTESIAN_POINT('Ctrl Pts',(17.3800000097512,-28.2886882049079,1.49830897812798));
#9387=CARTESIAN_POINT('Ctrl Pts',(17.3800000097512,-30.992302186514,1.64111851378243));
#9388=CARTESIAN_POINT('Ctrl Pts',(17.3800000097512,-33.0061975449909,1.75903494339335));
#9389=CARTESIAN_POINT('Ctrl Pts',(17.3800000097512,-34.3356164383019,1.84185213074968));
#9390=CARTESIAN_POINT('Ctrl Pts',(17.3800000097512,-34.9837213611295,1.88341290704468));
#9391=CARTESIAN_POINT('',(18.1300000097512,-0.403700797522497,1.14370079754317));
#9392=CARTESIAN_POINT('Origin',(18.1300000097512,-0.403700797522497,7.39370079754317));
#9393=CARTESIAN_POINT('',(18.1300000097512,-0.403700797522497,7.39370079754317));
#9394=CARTESIAN_POINT('',(18.1300000097512,-0.403700797522497,7.39370079754317));
#9395=CARTESIAN_POINT('',(17.3800000097512,-0.403700797522497,7.39370079754317));
#9396=CARTESIAN_POINT('',(17.3800000097512,-0.403700797522497,7.39370079754317));
#9397=CARTESIAN_POINT('',(18.1300000097512,-0.403700797522497,7.39370079754317));
#9398=CARTESIAN_POINT('Origin',(18.1300000097512,0.356299202477505,7.39370079754317));
#9399=CARTESIAN_POINT('',(18.1300000097512,0.356299202477505,7.39370079754317));
#9400=CARTESIAN_POINT('',(18.1300000097512,0.356299202477505,7.39370079754317));
#9401=CARTESIAN_POINT('',(17.3800000097512,0.356299202477505,7.39370079754317));
#9402=CARTESIAN_POINT('',(17.3800000097512,0.356299202477505,7.39370079754317));
#9403=CARTESIAN_POINT('',(18.1300000097512,0.356299202477505,7.39370079754317));
#9404=CARTESIAN_POINT('Origin',(18.1300000097512,0.356299202477505,1.14370079754317));
#9405=CARTESIAN_POINT('',(18.1300000097512,0.356299202477505,1.14370079754317));
#9406=CARTESIAN_POINT('',(17.3800000097512,0.356299202477505,1.14370079754317));
#9407=CARTESIAN_POINT('Origin',(17.3800000097512,-3.06371107932601,6.64370079754317));
#9408=CARTESIAN_POINT('Origin',(18.1300000097512,-3.06371107932601,6.64370079754317));
#9409=CARTESIAN_POINT('',(0.,0.,0.));
#9410=CARTESIAN_POINT('Origin',(30.3753977689058,25.4380077445998,13.6437007776067));
#9411=CARTESIAN_POINT('',(30.3753977689058,9.67500000000001,13.6437007776067));
#9412=CARTESIAN_POINT('',(30.3753977689058,9.67500000000001,13.8937007776067));
#9413=CARTESIAN_POINT('',(30.3753977689058,9.67500000000001,13.643700782493));
#9414=CARTESIAN_POINT('',(30.3753977689058,25.4380077445998,13.6437007776067));
#9415=CARTESIAN_POINT('',(30.3753977689058,24.0565038722999,13.6437007873804));
#9416=CARTESIAN_POINT('',(30.3753977689058,25.4380077445998,13.8937007776067));
#9417=CARTESIAN_POINT('',(30.3753977689058,25.4380077445998,13.6437007776067));
#9418=CARTESIAN_POINT('',(30.3753977689058,25.4380077445998,13.8937007776067));
#9419=CARTESIAN_POINT('Origin',(48.1935001676212,-0.0187007477787257,13.8937007776067));
#9420=CARTESIAN_POINT('',(31.1253977689058,9.67500000000001,13.8937007776067));
#9421=CARTESIAN_POINT('',(36.2967500838106,9.67500000000001,13.8937007776067));
#9422=CARTESIAN_POINT('',(31.1253977689058,25.4380077445998,13.8937007776067));
#9423=CARTESIAN_POINT('',(31.1253977689058,25.4380077445998,13.8937007776067));
#9424=CARTESIAN_POINT('',(31.1253977689058,-34.14370077602,13.8937007776067));
#9425=CARTESIAN_POINT('Origin',(31.1253977689058,25.4380077445998,13.6437007776067));
#9426=CARTESIAN_POINT('',(31.1253977689058,25.4380077445998,13.6437007776067));
#9427=CARTESIAN_POINT('',(33.5751988844529,25.4380077445998,13.6437007873804));
#9428=CARTESIAN_POINT('',(31.1253977689058,25.4380077445998,13.6437007776067));
#9429=CARTESIAN_POINT('Origin',(31.1253977689058,0.35629922398,13.6437007776067));
#9430=CARTESIAN_POINT('',(31.1253977689058,9.67500000000001,13.6437007776067));
#9431=CARTESIAN_POINT('',(31.1253977689058,9.67500000000001,13.643700782493));
#9432=CARTESIAN_POINT('',(31.1253977689058,11.51564961199,13.6437007873804));
#9433=CARTESIAN_POINT('Origin',(24.4,9.67500000000001,13.6437007873793));
#9434=CARTESIAN_POINT('',(47.65,9.67500000000001,13.6437007873793));
#9435=CARTESIAN_POINT('',(24.4,9.67500000000001,13.6437007873793));
#9436=CARTESIAN_POINT('',(47.65,9.67500000000001,14.3937007873793));
#9437=CARTESIAN_POINT('',(47.65,9.67500000000001,13.6437007873793));
#9438=CARTESIAN_POINT('',(24.4,9.67500000000001,14.3937007873793));
#9439=CARTESIAN_POINT('',(24.4,9.67500000000001,14.3937007873793));
#9440=CARTESIAN_POINT('',(24.4,9.67500000000001,13.6437007873793));
#9441=CARTESIAN_POINT('',(24.4,9.67500000000001,13.6437007873793));
#9442=CARTESIAN_POINT('',(24.4,9.67500000000001,13.6437007873793));
#9443=CARTESIAN_POINT('Origin',(34.5262748918438,12.2479057122493,13.6437007873793));
#9444=CARTESIAN_POINT('',(33.1512748918438,12.2479057122493,14.3937007873793));
#9445=CARTESIAN_POINT('Origin',(34.5262748918438,12.2479057122493,14.3937007873793));
#9446=CARTESIAN_POINT('',(33.1512748918438,12.2479057122493,13.6437007873793));
#9447=CARTESIAN_POINT('',(33.1512748918438,12.2479057122493,13.6437007873793));
#9448=CARTESIAN_POINT('Origin',(34.5262748918438,12.2479057122493,13.6437007873793));
#9449=CARTESIAN_POINT('Origin',(27.5262748918438,12.2479057122493,13.6437007873793));
#9450=CARTESIAN_POINT('',(26.1512748918438,12.2479057122493,14.3937007873793));
#9451=CARTESIAN_POINT('Origin',(27.5262748918438,12.2479057122493,14.3937007873793));
#9452=CARTESIAN_POINT('',(26.1512748918438,12.2479057122493,13.6437007873793));
#9453=CARTESIAN_POINT('',(26.1512748918438,12.2479057122493,13.6437007873793));
#9454=CARTESIAN_POINT('Origin',(27.5262748918438,12.2479057122493,13.6437007873793));
#9455=CARTESIAN_POINT('Origin',(27.5262748918438,27.2479057122493,13.6437007873793));
#9456=CARTESIAN_POINT('',(26.1512748918438,27.2479057122493,14.3937007873793));
#9457=CARTESIAN_POINT('Origin',(27.5262748918438,27.2479057122493,14.3937007873793));
#9458=CARTESIAN_POINT('',(26.1512748918438,27.2479057122493,13.6437007873793));
#9459=CARTESIAN_POINT('',(26.1512748918438,27.2479057122493,13.6437007873793));
#9460=CARTESIAN_POINT('Origin',(27.5262748918438,27.2479057122493,13.6437007873793));
#9461=CARTESIAN_POINT('Origin',(27.5262748918438,22.2479057122493,13.6437007873793));
#9462=CARTESIAN_POINT('',(26.1512748918438,22.2479057122493,14.3937007873793));
#9463=CARTESIAN_POINT('Origin',(27.5262748918438,22.2479057122493,14.3937007873793));
#9464=CARTESIAN_POINT('',(26.1512748918438,22.2479057122493,13.6437007873793));
#9465=CARTESIAN_POINT('',(26.1512748918438,22.2479057122493,13.6437007873793));
#9466=CARTESIAN_POINT('Origin',(27.5262748918438,22.2479057122493,13.6437007873793));
#9467=CARTESIAN_POINT('Origin',(27.5262748918438,17.2479057122493,13.6437007873793));
#9468=CARTESIAN_POINT('',(26.1512748918438,17.2479057122493,14.3937007873793));
#9469=CARTESIAN_POINT('Origin',(27.5262748918438,17.2479057122493,14.3937007873793));
#9470=CARTESIAN_POINT('',(26.1512748918438,17.2479057122493,13.6437007873793));
#9471=CARTESIAN_POINT('',(26.1512748918438,17.2479057122493,13.6437007873793));
#9472=CARTESIAN_POINT('Origin',(27.5262748918438,17.2479057122493,13.6437007873793));
#9473=CARTESIAN_POINT('Origin',(42.5262748918438,17.2479057122493,13.6437007873793));
#9474=CARTESIAN_POINT('',(41.1512748918438,17.2479057122493,14.3937007873793));
#9475=CARTESIAN_POINT('Origin',(42.5262748918438,17.2479057122493,14.3937007873793));
#9476=CARTESIAN_POINT('',(41.1512748918438,17.2479057122493,13.6437007873793));
#9477=CARTESIAN_POINT('',(41.1512748918438,17.2479057122493,13.6437007873793));
#9478=CARTESIAN_POINT('Origin',(42.5262748918438,17.2479057122493,13.6437007873793));
#9479=CARTESIAN_POINT('Origin',(34.5262748918438,17.2479057122493,13.6437007873793));
#9480=CARTESIAN_POINT('',(33.1512748918438,17.2479057122493,14.3937007873793));
#9481=CARTESIAN_POINT('Origin',(34.5262748918438,17.2479057122493,14.3937007873793));
#9482=CARTESIAN_POINT('',(33.1512748918438,17.2479057122493,13.6437007873793));
#9483=CARTESIAN_POINT('',(33.1512748918438,17.2479057122493,13.6437007873793));
#9484=CARTESIAN_POINT('Origin',(34.5262748918438,17.2479057122493,13.6437007873793));
#9485=CARTESIAN_POINT('Origin',(34.5262748918438,22.2479057122493,13.6437007873793));
#9486=CARTESIAN_POINT('',(33.1512748918438,22.2479057122493,14.3937007873793));
#9487=CARTESIAN_POINT('Origin',(34.5262748918438,22.2479057122493,14.3937007873793));
#9488=CARTESIAN_POINT('',(33.1512748918438,22.2479057122493,13.6437007873793));
#9489=CARTESIAN_POINT('',(33.1512748918438,22.2479057122493,13.6437007873793));
#9490=CARTESIAN_POINT('Origin',(34.5262748918438,22.2479057122493,13.6437007873793));
#9491=CARTESIAN_POINT('Origin',(38.5262748918438,19.7479057122493,13.6437007873793));
#9492=CARTESIAN_POINT('',(37.1512748918438,19.7479057122493,14.3937007873793));
#9493=CARTESIAN_POINT('Origin',(38.5262748918438,19.7479057122493,14.3937007873793));
#9494=CARTESIAN_POINT('',(37.1512748918438,19.7479057122493,13.6437007873793));
#9495=CARTESIAN_POINT('',(37.1512748918438,19.7479057122493,13.6437007873793));
#9496=CARTESIAN_POINT('Origin',(38.5262748918438,19.7479057122493,13.6437007873793));
#9497=CARTESIAN_POINT('Origin',(42.5262748918438,22.2479057122493,13.6437007873793));
#9498=CARTESIAN_POINT('',(41.1512748918438,22.2479057122493,14.3937007873793));
#9499=CARTESIAN_POINT('Origin',(42.5262748918438,22.2479057122493,14.3937007873793));
#9500=CARTESIAN_POINT('',(41.1512748918438,22.2479057122493,13.6437007873793));
#9501=CARTESIAN_POINT('',(41.1512748918438,22.2479057122493,13.6437007873793));
#9502=CARTESIAN_POINT('Origin',(42.5262748918438,22.2479057122493,13.6437007873793));
#9503=CARTESIAN_POINT('Origin',(42.5262748918438,27.2479057122493,13.6437007873793));
#9504=CARTESIAN_POINT('',(41.1512748918438,27.2479057122493,14.3937007873793));
#9505=CARTESIAN_POINT('Origin',(42.5262748918438,27.2479057122493,14.3937007873793));
#9506=CARTESIAN_POINT('',(41.1512748918438,27.2479057122493,13.6437007873793));
#9507=CARTESIAN_POINT('',(41.1512748918438,27.2479057122493,13.6437007873793));
#9508=CARTESIAN_POINT('Origin',(42.5262748918438,27.2479057122493,13.6437007873793));
#9509=CARTESIAN_POINT('Origin',(38.5262748918438,24.7479057122493,13.6437007873793));
#9510=CARTESIAN_POINT('',(37.1512748918438,24.7479057122493,14.3937007873793));
#9511=CARTESIAN_POINT('Origin',(38.5262748918438,24.7479057122493,14.3937007873793));
#9512=CARTESIAN_POINT('',(37.1512748918438,24.7479057122493,13.6437007873793));
#9513=CARTESIAN_POINT('',(37.1512748918438,24.7479057122493,13.6437007873793));
#9514=CARTESIAN_POINT('Origin',(38.5262748918438,24.7479057122493,13.6437007873793));
#9515=CARTESIAN_POINT('Origin',(34.5262748918438,27.2479057122493,13.6437007873793));
#9516=CARTESIAN_POINT('',(33.1512748918438,27.2479057122493,14.3937007873793));
#9517=CARTESIAN_POINT('Origin',(34.5262748918438,27.2479057122493,14.3937007873793));
#9518=CARTESIAN_POINT('',(33.1512748918438,27.2479057122493,13.6437007873793));
#9519=CARTESIAN_POINT('',(33.1512748918438,27.2479057122493,13.6437007873793));
#9520=CARTESIAN_POINT('Origin',(34.5262748918438,27.2479057122493,13.6437007873793));
#9521=CARTESIAN_POINT('Origin',(38.5262748918438,14.7479057122493,13.6437007873793));
#9522=CARTESIAN_POINT('',(37.1512748918438,14.7479057122493,14.3937007873793));
#9523=CARTESIAN_POINT('Origin',(38.5262748918438,14.7479057122493,14.3937007873793));
#9524=CARTESIAN_POINT('',(37.1512748918438,14.7479057122493,13.6437007873793));
#9525=CARTESIAN_POINT('',(37.1512748918438,14.7479057122493,13.6437007873793));
#9526=CARTESIAN_POINT('Origin',(38.5262748918438,14.7479057122493,13.6437007873793));
#9527=CARTESIAN_POINT('Origin',(42.5262748918438,12.2479057122493,13.6437007873793));
#9528=CARTESIAN_POINT('',(41.1512748918438,12.2479057122493,14.3937007873793));
#9529=CARTESIAN_POINT('Origin',(42.5262748918438,12.2479057122493,14.3937007873793));
#9530=CARTESIAN_POINT('',(41.1512748918438,12.2479057122493,13.6437007873793));
#9531=CARTESIAN_POINT('',(41.1512748918438,12.2479057122493,13.6437007873793));
#9532=CARTESIAN_POINT('Origin',(42.5262748918438,12.2479057122493,13.6437007873793));
#9533=CARTESIAN_POINT('Origin',(42.5262748918438,32.2479057122493,13.6437007873793));
#9534=CARTESIAN_POINT('',(41.1512748918438,32.2479057122493,14.3937007873793));
#9535=CARTESIAN_POINT('Origin',(42.5262748918438,32.2479057122493,14.3937007873793));
#9536=CARTESIAN_POINT('',(41.1512748918438,32.2479057122493,13.6437007873793));
#9537=CARTESIAN_POINT('',(41.1512748918438,32.2479057122493,13.6437007873793));
#9538=CARTESIAN_POINT('Origin',(42.5262748918438,32.2479057122493,13.6437007873793));
#9539=CARTESIAN_POINT('Origin',(34.5262748918438,32.2479057122493,13.6437007873793));
#9540=CARTESIAN_POINT('',(33.1512748918438,32.2479057122493,14.3937007873793));
#9541=CARTESIAN_POINT('Origin',(34.5262748918438,32.2479057122493,14.3937007873793));
#9542=CARTESIAN_POINT('',(33.1512748918438,32.2479057122493,13.6437007873793));
#9543=CARTESIAN_POINT('',(33.1512748918438,32.2479057122493,13.6437007873793));
#9544=CARTESIAN_POINT('Origin',(34.5262748918438,32.2479057122493,13.6437007873793));
#9545=CARTESIAN_POINT('Origin',(27.5262748918438,32.2479057122493,13.6437007873793));
#9546=CARTESIAN_POINT('',(26.1512748918438,32.2479057122493,14.3937007873793));
#9547=CARTESIAN_POINT('Origin',(27.5262748918438,32.2479057122493,14.3937007873793));
#9548=CARTESIAN_POINT('',(26.1512748918438,32.2479057122493,13.6437007873793));
#9549=CARTESIAN_POINT('',(26.1512748918438,32.2479057122493,13.6437007873793));
#9550=CARTESIAN_POINT('Origin',(27.5262748918438,32.2479057122493,13.6437007873793));
#9551=CARTESIAN_POINT('Origin',(38.5262748918438,29.7479057122493,13.6437007873793));
#9552=CARTESIAN_POINT('',(37.1512748918438,29.7479057122493,14.3937007873793));
#9553=CARTESIAN_POINT('Origin',(38.5262748918438,29.7479057122493,14.3937007873793));
#9554=CARTESIAN_POINT('',(37.1512748918438,29.7479057122493,13.6437007873793));
#9555=CARTESIAN_POINT('',(37.1512748918438,29.7479057122493,13.6437007873793));
#9556=CARTESIAN_POINT('Origin',(38.5262748918438,29.7479057122493,13.6437007873793));
#9557=CARTESIAN_POINT('Origin',(47.65,35.675,13.6437007873793));
#9558=CARTESIAN_POINT('',(47.65,35.675,13.6437007873793));
#9559=CARTESIAN_POINT('',(24.4,35.675,13.6437007873793));
#9560=CARTESIAN_POINT('',(47.65,35.675,13.6437007873793));
#9561=CARTESIAN_POINT('',(24.4,35.675,14.3937007873793));
#9562=CARTESIAN_POINT('',(24.4,35.675,13.6437007873793));
#9563=CARTESIAN_POINT('',(47.65,35.675,14.3937007873793));
#9564=CARTESIAN_POINT('',(47.65,35.675,14.3937007873793));
#9565=CARTESIAN_POINT('',(47.65,35.675,13.6437007873793));
#9566=CARTESIAN_POINT('Origin',(47.65,9.67500000000001,13.6437007873793));
#9567=CARTESIAN_POINT('',(47.65,9.67500000000001,13.6437007873793));
#9568=CARTESIAN_POINT('',(47.65,9.67500000000001,14.3937007873793));
#9569=CARTESIAN_POINT('Origin',(24.4,35.675,13.6437007873793));
#9570=CARTESIAN_POINT('',(24.4,35.675,13.6437007873793));
#9571=CARTESIAN_POINT('',(24.4,35.675,14.3937007873793));
#9572=CARTESIAN_POINT('Origin',(36.025,22.675,14.3937007873804));
#9573=CARTESIAN_POINT('Origin',(36.025,22.675,13.6437007873804));
#9574=CARTESIAN_POINT('',(29.856299534777,46.589683232345,-30.3753977689058));
#9575=CARTESIAN_POINT('',(25.3158852873298,0.250000000000005,0.356299172479185));
#9576=CARTESIAN_POINT('',(53.8649711449906,31.5356695220226,-17.3800000097512));
#9577=CARTESIAN_POINT('',(-23.3999975009227,36.675002691314,14.3937007873803));
#9578=CARTESIAN_POINT('',(60.,-87.,0.75));
#9579=CARTESIAN_POINT('',(60.,-24.,0.75));
#9580=CARTESIAN_POINT('',(0.,0.,0.));
#9581=CARTESIAN_POINT('',(0.,0.,0.));
#9582=CARTESIAN_POINT('',(0.,0.,0.));
#9583=CARTESIAN_POINT('',(0.,0.,-0.249999999999999));
#9584=CARTESIAN_POINT('',(0.,0.,-0.249999999999999));
#9585=CARTESIAN_POINT('',(0.,0.,-0.249999999999999));
#9586=CARTESIAN_POINT('',(0.,0.,-0.249999999999999));
#9587=CARTESIAN_POINT('',(0.,0.,0.));
#9588=CARTESIAN_POINT('',(0.,0.,0.));
#9589=UNCERTAINTY_MEASURE_WITH_UNIT(LENGTH_MEASURE(0.000393700787401575),
#9618,'DISTANCE_ACCURACY_VALUE',
'Maximum model space distance between geometric entities at asserted c
onnectivities');
#9590=UNCERTAINTY_MEASURE_WITH_UNIT(LENGTH_MEASURE(0.000393700787401575),
#9618,'DISTANCE_ACCURACY_VALUE',
'Maximum model space distance between geometric entities at asserted c
onnectivities');
#9591=UNCERTAINTY_MEASURE_WITH_UNIT(LENGTH_MEASURE(0.000393700787401575),
#9618,'DISTANCE_ACCURACY_VALUE',
'Maximum model space distance between geometric entities at asserted c
onnectivities');
#9592=UNCERTAINTY_MEASURE_WITH_UNIT(LENGTH_MEASURE(0.000393700787401575),
#9618,'DISTANCE_ACCURACY_VALUE',
'Maximum model space distance between geometric entities at asserted c
onnectivities');
#9593=UNCERTAINTY_MEASURE_WITH_UNIT(LENGTH_MEASURE(0.000393700787401575),
#9618,'DISTANCE_ACCURACY_VALUE',
'Maximum model space distance between geometric entities at asserted c
onnectivities');
#9594=UNCERTAINTY_MEASURE_WITH_UNIT(LENGTH_MEASURE(0.000393700787401575),
#9618,'DISTANCE_ACCURACY_VALUE',
'Maximum model space distance between geometric entities at asserted c
onnectivities');
#9595=UNCERTAINTY_MEASURE_WITH_UNIT(LENGTH_MEASURE(0.000393700787401575),
#9618,'DISTANCE_ACCURACY_VALUE',
'Maximum model space distance between geometric entities at asserted c
onnectivities');
#9596=UNCERTAINTY_MEASURE_WITH_UNIT(LENGTH_MEASURE(0.000393700787401575),
#9618,'DISTANCE_ACCURACY_VALUE',
'Maximum model space distance between geometric entities at asserted c
onnectivities');
#9597=UNCERTAINTY_MEASURE_WITH_UNIT(LENGTH_MEASURE(0.000393700787401575),
#9618,'DISTANCE_ACCURACY_VALUE',
'Maximum model space distance between geometric entities at asserted c
onnectivities');
#9598=UNCERTAINTY_MEASURE_WITH_UNIT(LENGTH_MEASURE(0.000393700787401575),
#9618,'DISTANCE_ACCURACY_VALUE',
'Maximum model space distance between geometric entities at asserted c
onnectivities');
#9599=UNCERTAINTY_MEASURE_WITH_UNIT(LENGTH_MEASURE(0.000393700787401575),
#9618,'DISTANCE_ACCURACY_VALUE',
'Maximum model space distance between geometric entities at asserted c
onnectivities');
#9600=UNCERTAINTY_MEASURE_WITH_UNIT(LENGTH_MEASURE(0.000393700787401575),
#9618,'DISTANCE_ACCURACY_VALUE',
'Maximum model space distance between geometric entities at asserted c
onnectivities');
#9601=UNCERTAINTY_MEASURE_WITH_UNIT(LENGTH_MEASURE(0.000393700787401575),
#9618,'DISTANCE_ACCURACY_VALUE',
'Maximum model space distance between geometric entities at asserted c
onnectivities');
#9602=UNCERTAINTY_MEASURE_WITH_UNIT(LENGTH_MEASURE(0.000393700787401575),
#9618,'DISTANCE_ACCURACY_VALUE',
'Maximum model space distance between geometric entities at asserted c
onnectivities');
#9603=(
GEOMETRIC_REPRESENTATION_CONTEXT(3)
GLOBAL_UNCERTAINTY_ASSIGNED_CONTEXT((#9589))
GLOBAL_UNIT_ASSIGNED_CONTEXT((#9618,#9622,#9623))
REPRESENTATION_CONTEXT('','3D')
);
#9604=(
GEOMETRIC_REPRESENTATION_CONTEXT(3)
GLOBAL_UNCERTAINTY_ASSIGNED_CONTEXT((#9590))
GLOBAL_UNIT_ASSIGNED_CONTEXT((#9618,#9622,#9623))
REPRESENTATION_CONTEXT('','3D')
);
#9605=(
GEOMETRIC_REPRESENTATION_CONTEXT(3)
GLOBAL_UNCERTAINTY_ASSIGNED_CONTEXT((#9591))
GLOBAL_UNIT_ASSIGNED_CONTEXT((#9618,#9622,#9623))
REPRESENTATION_CONTEXT('','3D')
);
#9606=(
GEOMETRIC_REPRESENTATION_CONTEXT(3)
GLOBAL_UNCERTAINTY_ASSIGNED_CONTEXT((#9592))
GLOBAL_UNIT_ASSIGNED_CONTEXT((#9618,#9622,#9623))
REPRESENTATION_CONTEXT('','3D')
);
#9607=(
GEOMETRIC_REPRESENTATION_CONTEXT(3)
GLOBAL_UNCERTAINTY_ASSIGNED_CONTEXT((#9593))
GLOBAL_UNIT_ASSIGNED_CONTEXT((#9618,#9622,#9623))
REPRESENTATION_CONTEXT('','3D')
);
#9608=(
GEOMETRIC_REPRESENTATION_CONTEXT(3)
GLOBAL_UNCERTAINTY_ASSIGNED_CONTEXT((#9594))
GLOBAL_UNIT_ASSIGNED_CONTEXT((#9618,#9622,#9623))
REPRESENTATION_CONTEXT('','3D')
);
#9609=(
GEOMETRIC_REPRESENTATION_CONTEXT(3)
GLOBAL_UNCERTAINTY_ASSIGNED_CONTEXT((#9595))
GLOBAL_UNIT_ASSIGNED_CONTEXT((#9618,#9622,#9623))
REPRESENTATION_CONTEXT('','3D')
);
#9610=(
GEOMETRIC_REPRESENTATION_CONTEXT(3)
GLOBAL_UNCERTAINTY_ASSIGNED_CONTEXT((#9596))
GLOBAL_UNIT_ASSIGNED_CONTEXT((#9618,#9622,#9623))
REPRESENTATION_CONTEXT('','3D')
);
#9611=(
GEOMETRIC_REPRESENTATION_CONTEXT(3)
GLOBAL_UNCERTAINTY_ASSIGNED_CONTEXT((#9597))
GLOBAL_UNIT_ASSIGNED_CONTEXT((#9618,#9622,#9623))
REPRESENTATION_CONTEXT('','3D')
);
#9612=(
GEOMETRIC_REPRESENTATION_CONTEXT(3)
GLOBAL_UNCERTAINTY_ASSIGNED_CONTEXT((#9598))
GLOBAL_UNIT_ASSIGNED_CONTEXT((#9618,#9622,#9623))
REPRESENTATION_CONTEXT('','3D')
);
#9613=(
GEOMETRIC_REPRESENTATION_CONTEXT(3)
GLOBAL_UNCERTAINTY_ASSIGNED_CONTEXT((#9599))
GLOBAL_UNIT_ASSIGNED_CONTEXT((#9618,#9622,#9623))
REPRESENTATION_CONTEXT('','3D')
);
#9614=(
GEOMETRIC_REPRESENTATION_CONTEXT(3)
GLOBAL_UNCERTAINTY_ASSIGNED_CONTEXT((#9600))
GLOBAL_UNIT_ASSIGNED_CONTEXT((#9618,#9622,#9623))
REPRESENTATION_CONTEXT('','3D')
);
#9615=(
GEOMETRIC_REPRESENTATION_CONTEXT(3)
GLOBAL_UNCERTAINTY_ASSIGNED_CONTEXT((#9601))
GLOBAL_UNIT_ASSIGNED_CONTEXT((#9618,#9622,#9623))
REPRESENTATION_CONTEXT('','3D')
);
#9616=(
GEOMETRIC_REPRESENTATION_CONTEXT(3)
GLOBAL_UNCERTAINTY_ASSIGNED_CONTEXT((#9602))
GLOBAL_UNIT_ASSIGNED_CONTEXT((#9618,#9622,#9623))
REPRESENTATION_CONTEXT('','3D')
);
#9617=DIMENSIONAL_EXPONENTS(1.,0.,0.,0.,0.,0.,0.);
#9618=(
CONVERSION_BASED_UNIT('inch',#9621)
LENGTH_UNIT()
NAMED_UNIT(#9617)
);
#9619=(
LENGTH_UNIT()
NAMED_UNIT(*)
SI_UNIT(.MILLI.,.METRE.)
);
#9620=(
LENGTH_UNIT()
NAMED_UNIT(*)
SI_UNIT($,.METRE.)
);
#9621=LENGTH_MEASURE_WITH_UNIT(LENGTH_MEASURE(25.4),#9619);
#9622=(
NAMED_UNIT(*)
PLANE_ANGLE_UNIT()
SI_UNIT($,.RADIAN.)
);
#9623=(
NAMED_UNIT(*)
SI_UNIT($,.STERADIAN.)
SOLID_ANGLE_UNIT()
);
#9624=SHAPE_DEFINITION_REPRESENTATION(#9637,#9669);
#9625=SHAPE_DEFINITION_REPRESENTATION(#9638,#9670);
#9626=SHAPE_DEFINITION_REPRESENTATION(#9639,#9671);
#9627=SHAPE_DEFINITION_REPRESENTATION(#9641,#9672);
#9628=SHAPE_DEFINITION_REPRESENTATION(#9642,#9673);
#9629=SHAPE_DEFINITION_REPRESENTATION(#9643,#9674);
#9630=SHAPE_DEFINITION_REPRESENTATION(#9644,#9675);
#9631=SHAPE_DEFINITION_REPRESENTATION(#9645,#9676);
#9632=SHAPE_DEFINITION_REPRESENTATION(#9649,#9677);
#9633=SHAPE_DEFINITION_REPRESENTATION(#9650,#9678);
#9634=SHAPE_DEFINITION_REPRESENTATION(#9651,#9679);
#9635=SHAPE_DEFINITION_REPRESENTATION(#9652,#9680);
#9636=SHAPE_DEFINITION_REPRESENTATION(#9653,#9681);
#9637=PRODUCT_DEFINITION_SHAPE('',$,#9683);
#9638=PRODUCT_DEFINITION_SHAPE('',$,#9684);
#9639=PRODUCT_DEFINITION_SHAPE('',$,#9685);
#9640=PRODUCT_DEFINITION_SHAPE($,$,#668);
#9641=PRODUCT_DEFINITION_SHAPE('',$,#9686);
#9642=PRODUCT_DEFINITION_SHAPE('',$,#9687);
#9643=PRODUCT_DEFINITION_SHAPE('',$,#9688);
#9644=PRODUCT_DEFINITION_SHAPE('',$,#9689);
#9645=PRODUCT_DEFINITION_SHAPE('',$,#9690);
#9646=PRODUCT_DEFINITION_SHAPE($,$,#669);
#9647=PRODUCT_DEFINITION_SHAPE($,$,#670);
#9648=PRODUCT_DEFINITION_SHAPE($,$,#671);
#9649=PRODUCT_DEFINITION_SHAPE('',$,#9691);
#9650=PRODUCT_DEFINITION_SHAPE('',$,#9692);
#9651=PRODUCT_DEFINITION_SHAPE('',$,#9693);
#9652=PRODUCT_DEFINITION_SHAPE('',$,#9694);
#9653=PRODUCT_DEFINITION_SHAPE('',$,#9695);
#9654=PRODUCT_DEFINITION_SHAPE($,$,#672);
#9655=PRODUCT_DEFINITION_SHAPE($,$,#673);
#9656=PRODUCT_DEFINITION_SHAPE($,$,#674);
#9657=PRODUCT_DEFINITION_SHAPE($,$,#675);
#9658=PRODUCT_DEFINITION_SHAPE($,$,#676);
#9659=PRODUCT_DEFINITION_SHAPE($,$,#677);
#9660=PRODUCT_DEFINITION_SHAPE($,$,#678);
#9661=PRODUCT_DEFINITION_SHAPE($,$,#679);
#9662=PRODUCT_DEFINITION_SHAPE($,$,#680);
#9663=PRODUCT_DEFINITION_SHAPE($,$,#681);
#9664=PRODUCT_DEFINITION_SHAPE($,$,#682);
#9665=PRODUCT_DEFINITION_SHAPE($,$,#683);
#9666=PRODUCT_DEFINITION_SHAPE($,$,#684);
#9667=PRODUCT_DEFINITION_SHAPE($,$,#685);
#9668=PRODUCT_DEFINITION_SHAPE($,$,#686);
#9669=SHAPE_REPRESENTATION('',(#5423,#5932,#5933,#5934,#5935,#5936,#5937,
#5938,#5939,#5940),#9603);
#9670=SHAPE_REPRESENTATION('',(#5424,#5438),#9604);
#9671=SHAPE_REPRESENTATION('',(#5425),#9605);
#9672=SHAPE_REPRESENTATION('',(#5439,#5930,#5931),#9606);
#9673=SHAPE_REPRESENTATION('',(#5440,#5755,#5756,#5757),#9607);
#9674=SHAPE_REPRESENTATION('',(#5441),#9608);
#9675=SHAPE_REPRESENTATION('',(#5564),#9609);
#9676=SHAPE_REPRESENTATION('',(#5687),#9610);
#9677=SHAPE_REPRESENTATION('',(#5758,#5926,#5927,#5928,#5929),#9611);
#9678=SHAPE_REPRESENTATION('',(#5759),#9612);
#9679=SHAPE_REPRESENTATION('',(#5785),#9613);
#9680=SHAPE_REPRESENTATION('',(#5832),#9614);
#9681=SHAPE_REPRESENTATION('',(#5858),#9615);
#9682=PRODUCT_DEFINITION_CONTEXT('part definition',#9723,'design');
#9683=PRODUCT_DEFINITION('Element Platform 2026 EDITS',
'Element Platform 2026 EDITS v7',#9696,#9682);
#9684=PRODUCT_DEFINITION('CNC','CNC',#9697,#9682);
#9685=PRODUCT_DEFINITION('Plywood','Plywood',#9698,#9682);
#9686=PRODUCT_DEFINITION('Arrange1','Arrange1',#9699,#9682);
#9687=PRODUCT_DEFINITION('Envelope1(Qty: 1)','Envelope1(Qty: 1)',#9700,
#9682);
#9688=PRODUCT_DEFINITION('Top','Top',#9701,#9682);
#9689=PRODUCT_DEFINITION('TOP 2','TOP 2',#9702,#9682);
#9690=PRODUCT_DEFINITION('TOP 3','TOP 3',#9703,#9682);
#9691=PRODUCT_DEFINITION('Envelope2(Qty: 1)','Envelope2(Qty: 1)',#9704,
#9682);
#9692=PRODUCT_DEFINITION('Vertical Legs','Vertical Legs',#9705,#9682);
#9693=PRODUCT_DEFINITION('Horizontal Piece','Horizontal Piece',#9706,#9682);
#9694=PRODUCT_DEFINITION('Vertical Piece 2','Vertical Piece 2',#9707,#9682);
#9695=PRODUCT_DEFINITION('TOP 4','TOP 4',#9708,#9682);
#9696=PRODUCT_DEFINITION_FORMATION('',$,#9725);
#9697=PRODUCT_DEFINITION_FORMATION('',$,#9726);
#9698=PRODUCT_DEFINITION_FORMATION('',$,#9727);
#9699=PRODUCT_DEFINITION_FORMATION('',$,#9728);
#9700=PRODUCT_DEFINITION_FORMATION('',$,#9729);
#9701=PRODUCT_DEFINITION_FORMATION('',$,#9730);
#9702=PRODUCT_DEFINITION_FORMATION('',$,#9731);
#9703=PRODUCT_DEFINITION_FORMATION('',$,#9732);
#9704=PRODUCT_DEFINITION_FORMATION('',$,#9733);
#9705=PRODUCT_DEFINITION_FORMATION('',$,#9734);
#9706=PRODUCT_DEFINITION_FORMATION('',$,#9735);
#9707=PRODUCT_DEFINITION_FORMATION('',$,#9736);
#9708=PRODUCT_DEFINITION_FORMATION('',$,#9737);
#9709=PRODUCT_RELATED_PRODUCT_CATEGORY('Element Platform 2026 EDITS v7',
'Element Platform 2026 EDITS v7',(#9725));
#9710=PRODUCT_RELATED_PRODUCT_CATEGORY('CNC','CNC',(#9726));
#9711=PRODUCT_RELATED_PRODUCT_CATEGORY('Plywood','Plywood',(#9727));
#9712=PRODUCT_RELATED_PRODUCT_CATEGORY('Arrange1','Arrange1',(#9728));
#9713=PRODUCT_RELATED_PRODUCT_CATEGORY('Envelope1(Qty: 1)',
'Envelope1(Qty: 1)',(#9729));
#9714=PRODUCT_RELATED_PRODUCT_CATEGORY('Top','Top',(#9730));
#9715=PRODUCT_RELATED_PRODUCT_CATEGORY('TOP 2','TOP 2',(#9731));
#9716=PRODUCT_RELATED_PRODUCT_CATEGORY('TOP 3','TOP 3',(#9732));
#9717=PRODUCT_RELATED_PRODUCT_CATEGORY('Envelope2(Qty: 1)',
'Envelope2(Qty: 1)',(#9733));
#9718=PRODUCT_RELATED_PRODUCT_CATEGORY('Vertical Legs','Vertical Legs',
(#9734));
#9719=PRODUCT_RELATED_PRODUCT_CATEGORY('Horizontal Piece',
'Horizontal Piece',(#9735));
#9720=PRODUCT_RELATED_PRODUCT_CATEGORY('Vertical Piece 2',
'Vertical Piece 2',(#9736));
#9721=PRODUCT_RELATED_PRODUCT_CATEGORY('TOP 4','TOP 4',(#9737));
#9722=APPLICATION_PROTOCOL_DEFINITION('international standard',
'automotive_design',2009,#9723);
#9723=APPLICATION_CONTEXT(
'Core Data for Automotive Mechanical Design Process');
#9724=PRODUCT_CONTEXT('part definition',#9723,'mechanical');
#9725=PRODUCT('Element Platform 2026 EDITS',
'Element Platform 2026 EDITS v7',$,(#9724));
#9726=PRODUCT('CNC','CNC',$,(#9724));
#9727=PRODUCT('Plywood','Plywood',$,(#9724));
#9728=PRODUCT('Arrange1','Arrange1',$,(#9724));
#9729=PRODUCT('Envelope1(Qty: 1)','Envelope1(Qty: 1)',$,(#9724));
#9730=PRODUCT('Top','Top',$,(#9724));
#9731=PRODUCT('TOP 2','TOP 2',$,(#9724));
#9732=PRODUCT('TOP 3','TOP 3',$,(#9724));
#9733=PRODUCT('Envelope2(Qty: 1)','Envelope2(Qty: 1)',$,(#9724));
#9734=PRODUCT('Vertical Legs','Vertical Legs',$,(#9724));
#9735=PRODUCT('Horizontal Piece','Horizontal Piece',$,(#9724));
#9736=PRODUCT('Vertical Piece 2','Vertical Piece 2',$,(#9724));
#9737=PRODUCT('TOP 4','TOP 4',$,(#9724));
#9738=PRESENTATION_STYLE_ASSIGNMENT((#9739));
#9739=SURFACE_STYLE_USAGE(.BOTH.,#9740);
#9740=SURFACE_SIDE_STYLE('',(#9741));
#9741=SURFACE_STYLE_FILL_AREA(#9742);
#9742=FILL_AREA_STYLE('Steel - Satin',(#9743));
#9743=FILL_AREA_STYLE_COLOUR('Steel - Satin',#9744);
#9744=COLOUR_RGB('Steel - Satin',0.627450980392157,0.627450980392157,0.627450980392157);
ENDSEC;
END-ISO-10303-21;
